[bundle] target=win/x64
[bundle] skipPrepare=false skipBuild=false
[bundle] > pnpm prepare:runtime-assets

> @zcode/desktop@ prepare:runtime-assets D:\program\ZCode\packages\desktop
> node scripts/prepare-runtime-assets.mjs

[ci][timer] prepare-runtime-assets:prepare:agent-bundle start

> @zcode/desktop@ prepare:agent-bundle D:\program\ZCode\packages\desktop
> node scripts/prepare-agent-node-bundle.mjs

[prepare:agent-bundle] building zcode-cli app-server bundle ...
.                                        |  WARN  Unsupported engine: wanted: {"node":">=24.0.0"} (current: {"node":"v22.19.0","pnpm":"9.14.4"})
apps/zcode-cli                           |  WARN  Unsupported engine: wanted: {"node":"24.14.0"} (current: {"node":"v22.19.0","pnpm":"9.14.4"})

> @zcode/shared-types@0.1.0 build D:\program\ZCode\apps\zcode-cli\packages\shared-types
> tsc

.                                        |  WARN  Unsupported engine: wanted: {"node":">=24.0.0"} (current: {"node":"v22.19.0","pnpm":"9.14.4"})
apps/zcode-cli                           |  WARN  Unsupported engine: wanted: {"node":"24.14.0"} (current: {"node":"v22.19.0","pnpm":"9.14.4"})

> @zcode/contracts@0.1.0 build D:\program\ZCode\apps\zcode-cli\packages\contracts
> tsc

.                                        |  WARN  Unsupported engine: wanted: {"node":">=24.0.0"} (current: {"node":"v22.19.0","pnpm":"9.14.4"})
apps/zcode-cli                           |  WARN  Unsupported engine: wanted: {"node":"24.14.0"} (current: {"node":"v22.19.0","pnpm":"9.14.4"})

> @zcode/dynamic-workflow@0.1.0 build D:\program\ZCode\apps\zcode-cli\packages\dynamic-workflow
> node scripts/generate-libs.mjs && tsc

.                                        |  WARN  Unsupported engine: wanted: {"node":">=24.0.0"} (current: {"node":"v22.19.0","pnpm":"9.14.4"})
apps/zcode-cli                           |  WARN  Unsupported engine: wanted: {"node":"24.14.0"} (current: {"node":"v22.19.0","pnpm":"9.14.4"})

> @zcode/dynamic-workflow-runtime@0.1.0 build D:\program\ZCode\apps\zcode-cli\packages\dynamic-workflow-runtime
> tsc

.                                        |  WARN  Unsupported engine: wanted: {"node":">=24.0.0"} (current: {"node":"v22.19.0","pnpm":"9.14.4"})
apps/zcode-cli                           |  WARN  Unsupported engine: wanted: {"node":"24.14.0"} (current: {"node":"v22.19.0","pnpm":"9.14.4"})

> @zcode/core@0.1.0 build D:\program\ZCode\apps\zcode-cli\packages\core
> tsc

.                                        |  WARN  Unsupported engine: wanted: {"node":">=24.0.0"} (current: {"node":"v22.19.0","pnpm":"9.14.4"})
apps/zcode-cli                           |  WARN  Unsupported engine: wanted: {"node":"24.14.0"} (current: {"node":"v22.19.0","pnpm":"9.14.4"})

> @zcode/adapters@0.1.0 build D:\program\ZCode\apps\zcode-cli\packages\adapters
> tsc

.                                        |  WARN  Unsupported engine: wanted: {"node":">=24.0.0"} (current: {"node":"v22.19.0","pnpm":"9.14.4"})
apps/zcode-cli                           |  WARN  Unsupported engine: wanted: {"node":"24.14.0"} (current: {"node":"v22.19.0","pnpm":"9.14.4"})

> @zcode/i18n@0.1.0 build D:\program\ZCode\apps\zcode-cli\packages\i18n
> tsc

.                                        |  WARN  Unsupported engine: wanted: {"node":">=24.0.0"} (current: {"node":"v22.19.0","pnpm":"9.14.4"})
apps/zcode-cli                           |  WARN  Unsupported engine: wanted: {"node":"24.14.0"} (current: {"node":"v22.19.0","pnpm":"9.14.4"})

> @zcode/telemetry@0.1.0 build D:\program\ZCode\apps\zcode-cli\packages\telemetry
> tsc

.                                        |  WARN  Unsupported engine: wanted: {"node":">=24.0.0"} (current: {"node":"v22.19.0","pnpm":"9.14.4"})
apps/zcode-cli                           |  WARN  Unsupported engine: wanted: {"node":"24.14.0"} (current: {"node":"v22.19.0","pnpm":"9.14.4"})

> @zcode/bootstrap@0.1.0 build D:\program\ZCode\apps\zcode-cli\packages\bootstrap
> tsc

.                                        |  WARN  Unsupported engine: wanted: {"node":">=24.0.0"} (current: {"node":"v22.19.0","pnpm":"9.14.4"})
apps/zcode-cli                           |  WARN  Unsupported engine: wanted: {"node":"24.14.0"} (current: {"node":"v22.19.0","pnpm":"9.14.4"})

> @zcode/node-repl-host@0.6.0 build D:\program\ZCode\apps\zcode-cli\packages\node-repl-host
> tsc && node scripts/build.mjs

[node-repl-host] D:\program\ZCode\apps\zcode-cli\packages\node-repl-host\dist\mcp\server.js
.                                        |  WARN  Unsupported engine: wanted: {"node":">=24.0.0"} (current: {"node":"v22.19.0","pnpm":"9.14.4"})
apps/zcode-cli                           |  WARN  Unsupported engine: wanted: {"node":"24.14.0"} (current: {"node":"v22.19.0","pnpm":"9.14.4"})

> @zcode/browser-use-plugin@0.5.1 build D:\program\ZCode\apps\zcode-cli\packages\browser-use-plugin
> tsc && node scripts/build.mjs

.                                        |  WARN  Unsupported engine: wanted: {"node":">=24.0.0"} (current: {"node":"v22.19.0","pnpm":"9.14.4"})
apps/zcode-cli                           |  WARN  Unsupported engine: wanted: {"node":"24.14.0"} (current: {"node":"v22.19.0","pnpm":"9.14.4"})

> @zcode/cli@0.1.0 build:desktop-agent D:\program\ZCode\apps\zcode-cli\packages\cli
> node scripts/build.mjs --desktop-agent


  dist\zcode.cjs  15.4mb

Done in 3495ms
[stage:agent-bundle] staged D:\program\ZCode\packages\desktop\bundled-agents\win32-x64\glm\zcode.cjs
[prepare:agent-bundle] building @zcode/browser-use-plugin runtime ...
.                                        |  WARN  Unsupported engine: wanted: {"node":"24.14.0"} (current: {"node":"v22.19.0","pnpm":"9.14.4"})

> @zcode/browser-use-plugin@0.5.1 build D:\program\ZCode\apps\zcode-cli\packages\browser-use-plugin
> tsc && node scripts/build.mjs

[prepare:agent-bundle] building @zcode/node-repl-host runtime ...
.                                        |  WARN  Unsupported engine: wanted: {"node":"24.14.0"} (current: {"node":"v22.19.0","pnpm":"9.14.4"})

> @zcode/node-repl-host@0.6.0 build D:\program\ZCode\apps\zcode-cli\packages\node-repl-host
> tsc && node scripts/build.mjs

[node-repl-host] D:\program\ZCode\apps\zcode-cli\packages\node-repl-host\dist\mcp\server.js
[stage:agent-bundle] staged D:\program\ZCode\packages\desktop\bundled-agents\win32-x64\glm\zcode.cjs
[prepare:agent-bundle] staged official plugin packages/browser-use-plugin
[prepare:agent-bundle] staged official plugin packages/node-repl-host
[prepare:agent-bundle] staged bundled skill pack packages/bundled-skills
[ci][timer] prepare-runtime-assets:prepare:agent-bundle end duration_ms=72451
[ci][timer] prepare-runtime-assets:prepare:native-search start

> @zcode/desktop@ prepare:native-search D:\program\ZCode\packages\desktop
> node ../../scripts/prepare-native-search-tools.mjs

==> Preparing native search tools from repository archives
    platform: win32-x64
    target:   D:\program\ZCode\packages\desktop\bundled-tools\win32-x64
    [skip] ugrep v7.8.4-1 已存在
    [skip] ripgrep v14.1.1-1 已存在
==> Done! native search tools (win32-x64) -> D:\program\ZCode\packages\desktop\bundled-tools\win32-x64
[ci][timer] prepare-runtime-assets:prepare:native-search end duration_ms=1865
[bundle] > pnpm build

> @zcode/desktop@ build D:\program\ZCode\packages\desktop
> pnpm prepare:runtime-assets && pnpm run build:no-runtime-assets


> @zcode/desktop@ prepare:runtime-assets D:\program\ZCode\packages\desktop
> node scripts/prepare-runtime-assets.mjs

[ci][timer] prepare-runtime-assets:prepare:agent-bundle start

> @zcode/desktop@ prepare:agent-bundle D:\program\ZCode\packages\desktop
> node scripts/prepare-agent-node-bundle.mjs

[prepare:agent-bundle] building zcode-cli app-server bundle ...
.                                        |  WARN  Unsupported engine: wanted: {"node":">=24.0.0"} (current: {"node":"v22.19.0","pnpm":"9.14.4"})
apps/zcode-cli                           |  WARN  Unsupported engine: wanted: {"node":"24.14.0"} (current: {"node":"v22.19.0","pnpm":"9.14.4"})

> @zcode/shared-types@0.1.0 build D:\program\ZCode\apps\zcode-cli\packages\shared-types
> tsc

.                                        |  WARN  Unsupported engine: wanted: {"node":">=24.0.0"} (current: {"node":"v22.19.0","pnpm":"9.14.4"})
apps/zcode-cli                           |  WARN  Unsupported engine: wanted: {"node":"24.14.0"} (current: {"node":"v22.19.0","pnpm":"9.14.4"})

> @zcode/contracts@0.1.0 build D:\program\ZCode\apps\zcode-cli\packages\contracts
> tsc

.                                        |  WARN  Unsupported engine: wanted: {"node":">=24.0.0"} (current: {"node":"v22.19.0","pnpm":"9.14.4"})
apps/zcode-cli                           |  WARN  Unsupported engine: wanted: {"node":"24.14.0"} (current: {"node":"v22.19.0","pnpm":"9.14.4"})

> @zcode/dynamic-workflow@0.1.0 build D:\program\ZCode\apps\zcode-cli\packages\dynamic-workflow
> node scripts/generate-libs.mjs && tsc

.                                        |  WARN  Unsupported engine: wanted: {"node":">=24.0.0"} (current: {"node":"v22.19.0","pnpm":"9.14.4"})
apps/zcode-cli                           |  WARN  Unsupported engine: wanted: {"node":"24.14.0"} (current: {"node":"v22.19.0","pnpm":"9.14.4"})

> @zcode/dynamic-workflow-runtime@0.1.0 build D:\program\ZCode\apps\zcode-cli\packages\dynamic-workflow-runtime
> tsc

.                                        |  WARN  Unsupported engine: wanted: {"node":">=24.0.0"} (current: {"node":"v22.19.0","pnpm":"9.14.4"})
apps/zcode-cli                           |  WARN  Unsupported engine: wanted: {"node":"24.14.0"} (current: {"node":"v22.19.0","pnpm":"9.14.4"})

> @zcode/core@0.1.0 build D:\program\ZCode\apps\zcode-cli\packages\core
> tsc

.                                        |  WARN  Unsupported engine: wanted: {"node":">=24.0.0"} (current: {"node":"v22.19.0","pnpm":"9.14.4"})
apps/zcode-cli                           |  WARN  Unsupported engine: wanted: {"node":"24.14.0"} (current: {"node":"v22.19.0","pnpm":"9.14.4"})

> @zcode/adapters@0.1.0 build D:\program\ZCode\apps\zcode-cli\packages\adapters
> tsc

.                                        |  WARN  Unsupported engine: wanted: {"node":">=24.0.0"} (current: {"node":"v22.19.0","pnpm":"9.14.4"})
apps/zcode-cli                           |  WARN  Unsupported engine: wanted: {"node":"24.14.0"} (current: {"node":"v22.19.0","pnpm":"9.14.4"})

> @zcode/i18n@0.1.0 build D:\program\ZCode\apps\zcode-cli\packages\i18n
> tsc

.                                        |  WARN  Unsupported engine: wanted: {"node":">=24.0.0"} (current: {"node":"v22.19.0","pnpm":"9.14.4"})
apps/zcode-cli                           |  WARN  Unsupported engine: wanted: {"node":"24.14.0"} (current: {"node":"v22.19.0","pnpm":"9.14.4"})

> @zcode/telemetry@0.1.0 build D:\program\ZCode\apps\zcode-cli\packages\telemetry
> tsc

.                                        |  WARN  Unsupported engine: wanted: {"node":">=24.0.0"} (current: {"node":"v22.19.0","pnpm":"9.14.4"})
apps/zcode-cli                           |  WARN  Unsupported engine: wanted: {"node":"24.14.0"} (current: {"node":"v22.19.0","pnpm":"9.14.4"})

> @zcode/bootstrap@0.1.0 build D:\program\ZCode\apps\zcode-cli\packages\bootstrap
> tsc

.                                        |  WARN  Unsupported engine: wanted: {"node":">=24.0.0"} (current: {"node":"v22.19.0","pnpm":"9.14.4"})
apps/zcode-cli                           |  WARN  Unsupported engine: wanted: {"node":"24.14.0"} (current: {"node":"v22.19.0","pnpm":"9.14.4"})

> @zcode/node-repl-host@0.6.0 build D:\program\ZCode\apps\zcode-cli\packages\node-repl-host
> tsc && node scripts/build.mjs

[node-repl-host] D:\program\ZCode\apps\zcode-cli\packages\node-repl-host\dist\mcp\server.js
.                                        |  WARN  Unsupported engine: wanted: {"node":">=24.0.0"} (current: {"node":"v22.19.0","pnpm":"9.14.4"})
apps/zcode-cli                           |  WARN  Unsupported engine: wanted: {"node":"24.14.0"} (current: {"node":"v22.19.0","pnpm":"9.14.4"})

> @zcode/browser-use-plugin@0.5.1 build D:\program\ZCode\apps\zcode-cli\packages\browser-use-plugin
> tsc && node scripts/build.mjs

.                                        |  WARN  Unsupported engine: wanted: {"node":">=24.0.0"} (current: {"node":"v22.19.0","pnpm":"9.14.4"})
apps/zcode-cli                           |  WARN  Unsupported engine: wanted: {"node":"24.14.0"} (current: {"node":"v22.19.0","pnpm":"9.14.4"})

> @zcode/cli@0.1.0 build:desktop-agent D:\program\ZCode\apps\zcode-cli\packages\cli
> node scripts/build.mjs --desktop-agent


  dist\zcode.cjs  15.4mb

Done in 1685ms
[stage:agent-bundle] staged D:\program\ZCode\packages\desktop\bundled-agents\win32-x64\glm\zcode.cjs
[prepare:agent-bundle] building @zcode/browser-use-plugin runtime ...
.                                        |  WARN  Unsupported engine: wanted: {"node":"24.14.0"} (current: {"node":"v22.19.0","pnpm":"9.14.4"})

> @zcode/browser-use-plugin@0.5.1 build D:\program\ZCode\apps\zcode-cli\packages\browser-use-plugin
> tsc && node scripts/build.mjs

[prepare:agent-bundle] building @zcode/node-repl-host runtime ...
.                                        |  WARN  Unsupported engine: wanted: {"node":"24.14.0"} (current: {"node":"v22.19.0","pnpm":"9.14.4"})

> @zcode/node-repl-host@0.6.0 build D:\program\ZCode\apps\zcode-cli\packages\node-repl-host
> tsc && node scripts/build.mjs

[node-repl-host] D:\program\ZCode\apps\zcode-cli\packages\node-repl-host\dist\mcp\server.js
[stage:agent-bundle] staged D:\program\ZCode\packages\desktop\bundled-agents\win32-x64\glm\zcode.cjs
[prepare:agent-bundle] staged official plugin packages/browser-use-plugin
[prepare:agent-bundle] staged official plugin packages/node-repl-host
[prepare:agent-bundle] staged bundled skill pack packages/bundled-skills
[ci][timer] prepare-runtime-assets:prepare:agent-bundle end duration_ms=69442
[ci][timer] prepare-runtime-assets:prepare:native-search start

> @zcode/desktop@ prepare:native-search D:\program\ZCode\packages\desktop
> node ../../scripts/prepare-native-search-tools.mjs

==> Preparing native search tools from repository archives
    platform: win32-x64
    target:   D:\program\ZCode\packages\desktop\bundled-tools\win32-x64
    [skip] ugrep v7.8.4-1 已存在
    [skip] ripgrep v14.1.1-1 已存在
==> Done! native search tools (win32-x64) -> D:\program\ZCode\packages\desktop\bundled-tools\win32-x64
[ci][timer] prepare-runtime-assets:prepare:native-search end duration_ms=725

> @zcode/desktop@ build:no-runtime-assets D:\program\ZCode\packages\desktop
> pnpm prepare:build-meta && node scripts/run-production-build.mjs


> @zcode/desktop@ prepare:build-meta D:\program\ZCode\packages\desktop
> node scripts/build-metadata.mjs

[build-meta] wrote D:\program\ZCode\packages\desktop\out\metadata\build-meta.json
[build-meta] commit=df7a4cfc time=2026-09-28T08:32:54.159Z
[tsup] ZCODE_ENV=production ZCODE_PRODUCT_FLAVOR=production
[2m[[22mMAIN[2m][22m [34mCLI[39m Building entry: {"main/index":"src/main/index.ts","main/browserWebmRecorder":"src/main/browserView/electronBrowserWebmRecorder.ts","main/zcodeDataSizeWorker":"src/main/zcodeDataSizeWorker.ts","main/storageScanWorker":"src/main/storageScanWorker.ts"}
[2m[[22mMAIN[2m][22m [34mCLI[39m Using tsconfig: tsconfig.json
[2m[[22mPRELOAD[2m][22m [34mCLI[39m Building entry: {"preload/embeddedBrowserJavaScriptDialog":"src/preload/embeddedBrowserJavaScriptDialog.ts","preload/codingPlanWebview":"src/preload/codingPlanWebview.ts","preload/browserVideoRecorder":"src/preload/browserVideoRecorder.ts","preload/index":"src/preload/index.ts","preload/resourceManager":"src/preload/resourceManager.ts","preload/cuaPermissionPanel":"src/preload/cuaPermissionPanel.ts"}
[2m[[22mPRELOAD[2m][22m [34mCLI[39m Using tsconfig: tsconfig.json
[2m[[22mHOST[2m][22m [34mCLI[39m Building entry: {"host/index":"src/host/index.ts","host/tasksStorageWorker":"src/host/tasksStorageWorker.ts"}
[2m[[22mHOST[2m][22m [34mCLI[39m Using tsconfig: tsconfig.json
[2m[[22mSCHEDULER[2m][22m [34mCLI[39m Building entry: {"scheduler/index":"src/scheduler/index.ts"}
[2m[[22mSCHEDULER[2m][22m [34mCLI[39m Using tsconfig: tsconfig.json
[2m[[22mMAIN[2m][22m [34mCLI[39m tsup v8.5.1
[2m[[22mMAIN[2m][22m [34mCLI[39m Using tsup config: D:\program\ZCode\packages\desktop\tsup.config.ts
[2m[[22mPRELOAD[2m][22m [34mCLI[39m tsup v8.5.1
[2m[[22mPRELOAD[2m][22m [34mCLI[39m Using tsup config: D:\program\ZCode\packages\desktop\tsup.config.ts
[2m[[22mHOST[2m][22m [34mCLI[39m tsup v8.5.1
[2m[[22mHOST[2m][22m [34mCLI[39m Using tsup config: D:\program\ZCode\packages\desktop\tsup.config.ts
[2m[[22mSCHEDULER[2m][22m [34mCLI[39m tsup v8.5.1
[2m[[22mSCHEDULER[2m][22m [34mCLI[39m Using tsup config: D:\program\ZCode\packages\desktop\tsup.config.ts
[2m[[22mMAIN[2m][22m [34mCLI[39m Target: node22
[2m[[22mMAIN[2m][22m [34mESM[39m Build start
[2m[[22mPRELOAD[2m][22m [34mCLI[39m Target: node22
[2m[[22mPRELOAD[2m][22m [34mCJS[39m Build start
[2m[[22mSCHEDULER[2m][22m [34mCLI[39m Target: node22
[2m[[22mSCHEDULER[2m][22m [34mESM[39m Build start
[2m[[22mHOST[2m][22m [34mCLI[39m Target: node22
[2m[[22mHOST[2m][22m [34mESM[39m Build start
[2m[[22mPRELOAD[2m][22m [32mCJS[39m [1mout\preload\embeddedBrowserJavaScriptDialog.cjs [22m[32m661.88 KB[39m
[2m[[22mPRELOAD[2m][22m [32mCJS[39m [1mout\preload\browserVideoRecorder.cjs            [22m[32m140.00 B[39m
[2m[[22mPRELOAD[2m][22m [32mCJS[39m [1mout\preload\index.cjs                           [22m[32m675.61 KB[39m
[2m[[22mPRELOAD[2m][22m [32mCJS[39m [1mout\preload\codingPlanWebview.cjs               [22m[32m661.37 KB[39m
[2m[[22mPRELOAD[2m][22m [32mCJS[39m [1mout\preload\resourceManager.cjs                 [22m[32m660.31 KB[39m
[2m[[22mPRELOAD[2m][22m [32mCJS[39m [1mout\preload\cuaPermissionPanel.cjs              [22m[32m659.39 KB[39m
[2m[[22mPRELOAD[2m][22m [32mCJS[39m ⚡️ Build success in 560ms
[2m[[22mSCHEDULER[2m][22m [32mESM[39m [1mout\scheduler\chunk-PMB3P25V.js [22m[32m1.59 KB[39m
[2m[[22mSCHEDULER[2m][22m [32mESM[39m [1mout\scheduler\chunk-PV5YAO5U.js [22m[32m107.00 B[39m
[2m[[22mSCHEDULER[2m][22m [32mESM[39m [1mout\scheduler\index.js          [22m[32m864.17 KB[39m
[2m[[22mSCHEDULER[2m][22m [32mESM[39m ⚡️ Build success in 1797ms
[2m[[22mHOST[2m][22m [32mESM[39m [1mout\host\chunk-PW7R6VE3.js     [22m[32m140.00 B[39m
[2m[[22mHOST[2m][22m [32mESM[39m [1mout\host\tasksStorageWorker.js [22m[32m528.00 B[39m
[2m[[22mHOST[2m][22m [32mESM[39m [1mout\host\index.js              [22m[32m1.19 MB[39m
[2m[[22mHOST[2m][22m [32mESM[39m [1mout\host\chunk-6RA2JL6Y.js     [22m[32m1.38 KB[39m
[2m[[22mHOST[2m][22m [32mESM[39m [1mout\host\chunk-JOLZE3CG.js     [22m[32m887.97 KB[39m
[2m[[22mHOST[2m][22m [32mESM[39m [1mout\host\chunk-RGHY5GY6.js     [22m[32m899.00 B[39m
[2m[[22mHOST[2m][22m [32mESM[39m ⚡️ Build success in 1820ms
[2m[[22mMAIN[2m][22m [32mESM[39m [1mout\main\chunk-Y34SWCGO.js      [22m[32m11.66 KB[39m
[2m[[22mMAIN[2m][22m [32mESM[39m [1mout\main\browserWebmRecorder.js [22m[32m153.00 B[39m
[2m[[22mMAIN[2m][22m [32mESM[39m [1mout\main\zcodeDataSizeWorker.js [22m[32m1.70 KB[39m
[2m[[22mMAIN[2m][22m [32mESM[39m [1mout\main\storageScanWorker.js   [22m[32m731.00 B[39m
[2m[[22mMAIN[2m][22m [32mESM[39m [1mout\main\index.js               [22m[32m565.86 KB[39m
[2m[[22mMAIN[2m][22m [32mESM[39m [1mout\main\chunk-PVN6NRP3.js      [22m[32m981.00 B[39m
[2m[[22mMAIN[2m][22m [32mESM[39m [1mout\main\chunk-III2SDYA.js      [22m[32m140.00 B[39m
[2m[[22mMAIN[2m][22m [32mESM[39m [1mout\main\chunk-NHKPIIKE.js      [22m[32m848.31 KB[39m
[2m[[22mMAIN[2m][22m [32mESM[39m [1mout\main\chunk-CMOCWRPE.js      [22m[32m899.00 B[39m
[2m[[22mMAIN[2m][22m [32mESM[39m ⚡️ Build success in 1933ms
[36mvite v8.0.8 [32mbuilding client environment for production...[36m[39m
[2Ktransforming...✓ 7684 modules transformed.
rendering chunks...
computing gzip size...
out/renderer/pdfjs/cmaps/CNS2-V.bcmap                                    0.09 kB
out/renderer/pdfjs/cmaps/Roman.bcmap                                     0.09 kB
out/renderer/pdfjs/cmaps/Katakana.bcmap                                  0.10 kB
out/renderer/pdfjs/cmaps/ETenms-B5-H.bcmap                               0.10 kB
out/renderer/pdfjs/cmaps/UniJIS-UCS2-HW-H.bcmap                          0.11 kB
out/renderer/pdfjs/cmaps/Hiragana.bcmap                                  0.12 kB
out/renderer/pdfjs/cmaps/Hankaku.bcmap                                   0.13 kB
out/renderer/pdfjs/cmaps/B5-V.bcmap                                      0.14 kB
out/renderer/pdfjs/cmaps/CNS1-V.bcmap                                    0.14 kB
out/renderer/pdfjs/cmaps/B5pc-V.bcmap                                    0.14 kB
out/renderer/pdfjs/cmaps/HKdla-B5-V.bcmap                                0.14 kB
out/renderer/pdfjs/cmaps/HKdlb-B5-V.bcmap                                0.14 kB
out/renderer/pdfjs/cmaps/HKgccs-B5-V.bcmap                               0.14 kB
out/renderer/pdfjs/cmaps/HKm314-B5-V.bcmap                               0.14 kB
out/renderer/pdfjs/cmaps/HKm471-B5-V.bcmap                               0.14 kB
out/renderer/pdfjs/cmaps/UniCNS-UCS2-V.bcmap                             0.15 kB
out/renderer/pdfjs/cmaps/UniCNS-UTF16-V.bcmap                            0.15 kB
out/renderer/pdfjs/cmaps/UniCNS-UTF8-V.bcmap                             0.15 kB
out/renderer/pdfjs/cmaps/ETHK-B5-V.bcmap                                 0.15 kB
out/renderer/pdfjs/cmaps/ETen-B5-V.bcmap                                 0.15 kB
out/renderer/pdfjs/cmaps/HKscs-B5-V.bcmap                                0.15 kB
out/renderer/pdfjs/cmaps/KSC-V.bcmap                                     0.16 kB
out/renderer/pdfjs/cmaps/UniCNS-UTF32-V.bcmap                            0.16 kB
out/renderer/pdfjs/cmaps/KSC-EUC-V.bcmap                                 0.16 kB
out/renderer/pdfjs/cmaps/UniKS-UTF16-V.bcmap                             0.16 kB
out/renderer/pdfjs/cmaps/KSC-Johab-V.bcmap                               0.16 kB
out/renderer/pdfjs/cmaps/KSCms-UHC-V.bcmap                               0.16 kB
out/renderer/pdfjs/cmaps/KSCpc-EUC-V.bcmap                               0.16 kB
out/renderer/pdfjs/cmaps/V.bcmap                                         0.16 kB
out/renderer/pdfjs/cmaps/UniKS-UTF32-V.bcmap                             0.16 kB
out/renderer/pdfjs/cmaps/78-V.bcmap                                      0.16 kB
out/renderer/pdfjs/cmaps/KSCms-UHC-HW-V.bcmap                            0.16 kB
out/renderer/pdfjs/cmaps/UniKS-UTF8-V.bcmap                              0.16 kB
out/renderer/pdfjs/cmaps/EUC-V.bcmap                                     0.17 kB
out/renderer/pdfjs/cmaps/RKSJ-V.bcmap                                    0.17 kB
out/renderer/pdfjs/cmaps/ETenms-B5-V.bcmap                               0.17 kB
out/renderer/pdfjs/cmaps/78-EUC-V.bcmap                                  0.17 kB
out/renderer/pdfjs/cmaps/78-RKSJ-V.bcmap                                 0.17 kB
out/renderer/pdfjs/cmaps/GB-V.bcmap                                      0.17 kB
out/renderer/pdfjs/cmaps/GBT-V.bcmap                                     0.17 kB
out/renderer/pdfjs/cmaps/UniGB-UTF16-V.bcmap                             0.17 kB
out/renderer/pdfjs/cmaps/UniKS-UCS2-V.bcmap                              0.17 kB
out/renderer/pdfjs/cmaps/GB-EUC-V.bcmap                                  0.17 kB
out/renderer/pdfjs/cmaps/WP-Symbol.bcmap                                 0.17 kB
out/renderer/pdfjs/cmaps/GBK-EUC-V.bcmap                                 0.18 kB
out/renderer/pdfjs/cmaps/GBT-EUC-V.bcmap                                 0.18 kB
out/renderer/pdfjs/cmaps/GBKp-EUC-V.bcmap                                0.18 kB
out/renderer/pdfjs/cmaps/GBpc-EUC-V.bcmap                                0.18 kB
out/renderer/pdfjs/cmaps/UniGB-UTF8-V.bcmap                              0.18 kB
out/renderer/pdfjs/cmaps/GBTpc-EUC-V.bcmap                               0.18 kB
out/renderer/pdfjs/cmaps/UniGB-UTF32-V.bcmap                             0.18 kB
out/renderer/pdfjs/cmaps/UniGB-UCS2-V.bcmap                              0.19 kB
out/renderer/pdfjs/cmaps/Ext-V.bcmap                                     0.21 kB
out/renderer/pdfjs/cmaps/Adobe-GB1-0.bcmap                               0.21 kB
out/renderer/pdfjs/cmaps/Ext-RKSJ-V.bcmap                                0.21 kB
out/renderer/pdfjs/cmaps/GBK2K-V.bcmap                                   0.21 kB
out/renderer/pdfjs/cmaps/Adobe-Japan1-0.bcmap                            0.22 kB
out/renderer/pdfjs/cmaps/Adobe-Japan1-1.bcmap                            0.22 kB
out/renderer/pdfjs/cmaps/Adobe-Japan1-2.bcmap                            0.23 kB
out/renderer/pdfjs/cmaps/Adobe-Korea1-0.bcmap                            0.24 kB
out/renderer/pdfjs/cmaps/Adobe-Japan1-3.bcmap                            0.24 kB
out/renderer/pdfjs/cmaps/Adobe-GB1-1.bcmap                               0.25 kB
out/renderer/pdfjs/cmaps/NWP-V.bcmap                                     0.25 kB
out/renderer/pdfjs/cmaps/90pv-RKSJ-V.bcmap                               0.26 kB
out/renderer/pdfjs/cmaps/Add-V.bcmap                                     0.28 kB
out/renderer/pdfjs/cmaps/Add-RKSJ-V.bcmap                                0.28 kB
out/renderer/pdfjs/cmaps/78ms-RKSJ-V.bcmap                               0.29 kB
out/renderer/pdfjs/cmaps/90ms-RKSJ-V.bcmap                               0.29 kB
out/renderer/pdfjs/cmaps/90msp-RKSJ-V.bcmap                              0.29 kB
out/renderer/pdfjs/cmaps/Adobe-CNS1-0.bcmap                              0.31 kB
out/renderer/pdfjs/cmaps/Adobe-Japan1-4.bcmap                            0.33 kB
out/renderer/pdfjs/cmaps/Adobe-CNS1-1.bcmap                              0.37 kB
out/renderer/pdfjs/cmaps/Adobe-CNS1-2.bcmap                              0.37 kB
out/renderer/pdfjs/cmaps/Adobe-Korea1-1.bcmap                            0.38 kB
out/renderer/pdfjs/cmaps/Adobe-Korea1-2.bcmap                            0.39 kB
out/renderer/pdfjs/cmaps/Adobe-CNS1-3.bcmap                              0.40 kB
out/renderer/pdfjs/cmaps/Adobe-CNS1-4.bcmap                              0.40 kB
out/renderer/pdfjs/cmaps/Adobe-CNS1-5.bcmap                              0.40 kB
out/renderer/pdfjs/cmaps/Adobe-CNS1-6.bcmap                              0.40 kB
out/renderer/pdfjs/cmaps/Adobe-Japan1-5.bcmap                            0.43 kB
out/renderer/pdfjs/cmaps/Adobe-GB1-2.bcmap                               0.46 kB
out/renderer/pdfjs/cmaps/Adobe-GB1-3.bcmap                               0.47 kB
out/renderer/pdfjs/cmaps/Adobe-Japan1-6.bcmap                            0.48 kB
out/renderer/pdfjs/cmaps/CNS2-H.bcmap                                    0.50 kB
out/renderer/pdfjs/cmaps/GB-H.bcmap                                      0.52 kB
out/renderer/pdfjs/cmaps/RKSJ-H.bcmap                                    0.53 kB
out/renderer/pdfjs/cmaps/GB-EUC-H.bcmap                                  0.54 kB
out/renderer/pdfjs/cmaps/H.bcmap                                         0.55 kB
out/renderer/pdfjs/cmaps/GBpc-EUC-H.bcmap                                0.55 kB
out/renderer/pdfjs/cmaps/EUC-H.bcmap                                     0.57 kB
out/renderer/pdfjs/cmaps/Adobe-GB1-4.bcmap                               0.60 kB
out/renderer/pdfjs/cmaps/Adobe-GB1-5.bcmap                               0.62 kB
out/renderer/pdfjs/cmaps/UniJIS-UTF16-V.bcmap                            0.64 kB
out/renderer/pdfjs/cmaps/UniJIS2004-UTF16-V.bcmap                        0.64 kB
out/renderer/pdfjs/cmaps/UniJIS-UCS2-V.bcmap                             0.66 kB
out/renderer/pdfjs/cmaps/UniJIS-UTF32-V.bcmap                            0.67 kB
out/renderer/pdfjs/cmaps/UniJIS-UTF8-V.bcmap                             0.67 kB
out/renderer/pdfjs/cmaps/UniJIS-UCS2-HW-V.bcmap                          0.68 kB
out/renderer/pdfjs/cmaps/UniJIS2004-UTF32-V.bcmap                        0.68 kB
out/renderer/pdfjs/cmaps/UniJIS2004-UTF8-V.bcmap                         0.68 kB
out/renderer/pdfjs/cmaps/UniJISX0213-UTF32-V.bcmap                       0.68 kB
out/renderer/pdfjs/cmaps/UniJISX02132004-UTF32-V.bcmap                   0.68 kB
out/renderer/pdfjs/cmaps/UniJISPro-UCS2-V.bcmap                          0.68 kB
out/renderer/pdfjs/cmaps/UniJISPro-UCS2-HW-V.bcmap                       0.70 kB
out/renderer/pdfjs/cmaps/CNS1-H.bcmap                                    0.70 kB
out/renderer/pdfjs/cmaps/90msp-RKSJ-H.bcmap                              0.71 kB
out/renderer/pdfjs/cmaps/90ms-RKSJ-H.bcmap                               0.72 kB
out/renderer/pdfjs/cmaps/UniJISPro-UTF8-V.bcmap                          0.72 kB
out/renderer/pdfjs/cmaps/83pv-RKSJ-H.bcmap                               0.90 kB
out/renderer/pdfjs/cmaps/90pv-RKSJ-H.bcmap                               0.98 kB
out/renderer/pdfjs/cmaps/B5-H.bcmap                                      1.08 kB
out/renderer/pdfjs/cmaps/B5pc-H.bcmap                                    1.09 kB
out/renderer/pdfjs/cmaps/ETen-B5-H.bcmap                                 1.12 kB
out/renderer/pdfjs/cmaps/HKm314-B5-H.bcmap                               1.77 kB
out/renderer/pdfjs/cmaps/CNS-EUC-H.bcmap                                 1.78 kB
out/renderer/pdfjs/cmaps/KSC-H.bcmap                                     1.83 kB
out/renderer/pdfjs/cmaps/KSC-EUC-H.bcmap                                 1.84 kB
out/renderer/pdfjs/cmaps/CNS-EUC-V.bcmap                                 1.92 kB
out/renderer/pdfjs/cmaps/KSCpc-EUC-H.bcmap                               2.02 kB
out/renderer/pdfjs/cmaps/HKm471-B5-H.bcmap                               2.17 kB
out/renderer/pdfjs/cmaps/HKgccs-B5-H.bcmap                               2.29 kB
out/renderer/pdfjs/cmaps/78-H.bcmap                                      2.37 kB
out/renderer/pdfjs/cmaps/78-RKSJ-H.bcmap                                 2.39 kB
out/renderer/pdfjs/cmaps/78-EUC-H.bcmap                                  2.40 kB
out/renderer/pdfjs/cmaps/Add-RKSJ-H.bcmap                                2.41 kB
out/renderer/pdfjs/cmaps/HKdlb-B5-H.bcmap                                2.41 kB
out/renderer/pdfjs/cmaps/Add-H.bcmap                                     2.41 kB
out/renderer/pdfjs/cmaps/Ext-H.bcmap                                     2.53 kB
out/renderer/pdfjs/cmaps/Ext-RKSJ-H.bcmap                                2.54 kB
out/renderer/pdfjs/cmaps/78ms-RKSJ-H.bcmap                               2.65 kB
out/renderer/pdfjs/cmaps/HKdla-B5-H.bcmap                                2.65 kB
out/renderer/assets/workspaceFileSearchFilter.worker-OQwPzeVM.js         2.65 kB
out/renderer/pdfjs/cmaps/NWP-H.bcmap                                     2.76 kB
out/renderer/pdfjs/cmaps/KSCms-UHC-H.bcmap                               2.78 kB
out/renderer/pdfjs/cmaps/KSCms-UHC-HW-H.bcmap                            2.78 kB
out/renderer/cua-permission-panel.html                                   3.87 kB │ gzip:     1.55 kB
out/renderer/assets/KaTeX_Size3-Regular-CTq5MqoE.woff                    4.42 kB
out/renderer/pdfjs/cmaps/ETHK-B5-H.bcmap                                 4.42 kB
out/renderer/pdfjs/cmaps/HKscs-B5-H.bcmap                                4.43 kB
out/renderer/assets/KaTeX_Size4-Regular-Dl5lxZxV.woff2                   4.92 kB
out/renderer/assets/model-provider-moonshot-kimi-k9BDmLI_.png            4.99 kB
out/renderer/assets/icon-discord@2x-D9OBPr5g.png                         5.18 kB
out/renderer/assets/KaTeX_Size2-Regular-Dy4dx90m.woff2                   5.20 kB
out/renderer/assets/KaTeX_Size1-Regular-mCD8mA8B.woff2                   5.46 kB
out/renderer/assets/icon-dingding@2x-CnYjVOCa.png                        5.46 kB
out/renderer/assets/KaTeX_Size4-Regular-BF-4gkZK.woff                    5.98 kB
out/renderer/assets/KaTeX_Size2-Regular-oD1tc_U0.woff                    6.18 kB
out/renderer/assets/KaTeX_Size1-Regular-C195tn64.woff                    6.49 kB
out/renderer/assets/terminal-C6Bd1jeQ.png                                6.71 kB
out/renderer/assets/KaTeX_Caligraphic-Regular-Di6jR-x-.woff2             6.90 kB
out/renderer/assets/KaTeX_Caligraphic-Bold-Dq_IR9rO.woff2                6.91 kB
out/renderer/assets/icon-wecom@2x-BZVgmBph.png                           7.18 kB
out/renderer/pdfjs/cmaps/GBT-H.bcmap                                     7.26 kB
out/renderer/pdfjs/cmaps/GBT-EUC-H.bcmap                                 7.29 kB
out/renderer/pdfjs/cmaps/GBTpc-EUC-H.bcmap                               7.29 kB
out/renderer/assets/image-search-DCThk39K.png                            7.51 kB
out/renderer/assets/KaTeX_Size3-Regular-DgpXs0kz.ttf                     7.58 kB
out/renderer/assets/KaTeX_Caligraphic-Regular-CTRA-rTL.woff              7.65 kB
out/renderer/assets/KaTeX_Caligraphic-Bold-BEiXGLvX.woff                 7.71 kB
out/renderer/assets/feishu-CCgK6olr.png                                  8.06 kB
out/renderer/assets/model-provider-zai-app-CL3KEqFX.png                  8.78 kB
out/renderer/assets/icon-weixin@2x-Bp9EqCCA.png                          9.06 kB
out/renderer/assets/spreadsheets@2x-CabATt4c.png                         9.50 kB
out/renderer/assets/spreadsheets-Dd4d3fMm.png                            9.50 kB
out/renderer/assets/KaTeX_Script-Regular-D3wIWfF6.woff2                  9.64 kB
out/renderer/assets/presentations-CuyJxtRR.png                           9.66 kB
out/renderer/assets/documents@2x-CPhkfIfU.png                            9.71 kB
out/renderer/assets/documents-DrPsuPJf.png                               9.74 kB
out/renderer/assets/pdf@2x-CMAdO9B0.png                                  9.74 kB
out/renderer/assets/icon-telegram@2x-Cax3aaF9.png                        9.75 kB
out/renderer/assets/pdf-CQM2rvTK.png                                     9.81 kB
out/renderer/assets/KaTeX_SansSerif-Regular-DDBCnlJ7.woff2              10.34 kB
out/renderer/assets/KaTeX_Size4-Regular-DWFBv043.ttf                    10.36 kB
out/renderer/assets/KaTeX_Script-Regular-D5yQViql.woff                  10.58 kB
out/renderer/assets/KaTeX_Fraktur-Regular-CTYiF6lA.woff2                11.31 kB
out/renderer/assets/KaTeX_Fraktur-Bold-CL6g_b3V.woff2                   11.34 kB
out/renderer/assets/KaTeX_Size2-Regular-B7gKUWhC.ttf                    11.50 kB
out/renderer/assets/task-notification-pop-qiQ1Ge3C.mp3                  11.81 kB
out/renderer/assets/KaTeX_SansSerif-Italic-C3H0VqGB.woff2               12.02 kB
out/renderer/assets/KaTeX_SansSerif-Bold-D1sUS0GD.woff2                 12.21 kB
out/renderer/assets/KaTeX_Size1-Regular-Dbsnue_I.ttf                    12.22 kB
out/renderer/assets/KaTeX_SansSerif-Regular-CS6fqUqJ.woff               12.31 kB
out/renderer/assets/KaTeX_Caligraphic-Regular-wX97UBjC.ttf              12.34 kB
out/renderer/assets/KaTeX_Caligraphic-Bold-ATXxdsX0.ttf                 12.36 kB
out/renderer/assets/finder-B1T_P_VR.png                                 12.67 kB
out/renderer/assets/KaTeX_Fraktur-Regular-Dxdc4cR9.woff                 13.20 kB
out/renderer/assets/KaTeX_Fraktur-Bold-BsDP51OF.woff                    13.29 kB
out/renderer/assets/KaTeX_Typewriter-Regular-CO6r4hn1.woff2             13.56 kB
out/renderer/assets/plugin-creator-Bb4PHfyz.png                         13.65 kB
out/renderer/assets/KaTeX_SansSerif-Italic-DN2j7dab.woff                14.11 kB
out/renderer/assets/KaTeX_SansSerif-Bold-DbIhKOiC.woff                  14.40 kB
out/renderer/pdfjs/cmaps/GBKp-EUC-H.bcmap                               14.68 kB
out/renderer/pdfjs/cmaps/GBK-EUC-H.bcmap                                14.69 kB
out/renderer/assets/docx-import-worker-oPk-zLr5.js                      14.85 kB
out/renderer/assets/logo-dweis-tile-light-DqAKSDQM.svg                  14.98 kB │ gzip:    10.86 kB
out/renderer/assets/KaTeX_Typewriter-Regular-C0xS9mPB.woff              16.02 kB
out/renderer/assets/KaTeX_Math-BoldItalic-CZnvNsCZ.woff2                16.40 kB
out/renderer/assets/KaTeX_Math-Italic-t53AETM-.woff2                    16.44 kB
out/renderer/assets/logo-dweis-tile-dark-BLX8SqXN.svg                   16.56 kB │ gzip:    12.03 kB
out/renderer/assets/KaTeX_Script-Regular-C5JkGWo-.ttf                   16.64 kB
out/renderer/assets/KaTeX_Main-BoldItalic-DxDJ3AOS.woff2                16.78 kB
out/renderer/pdfjs/cmaps/KSC-Johab-H.bcmap                              16.79 kB
out/renderer/assets/KaTeX_Main-Italic-NWA7e6Wa.woff2                    16.98 kB
out/renderer/assets/KaTeX_Math-BoldItalic-iY-2wyZ7.woff                 18.66 kB
out/renderer/assets/KaTeX_Math-Italic-DA0__PXp.woff                     18.74 kB
out/renderer/assets/KaTeX_Main-BoldItalic-SpSLRI95.woff                 19.41 kB
out/renderer/assets/KaTeX_SansSerif-Regular-BNo7hRIc.ttf                19.43 kB
out/renderer/assets/KaTeX_Fraktur-Regular-CB_wures.ttf                  19.57 kB
out/renderer/assets/KaTeX_Fraktur-Bold-BdnERNNW.ttf                     19.58 kB
out/renderer/pdfjs/cmaps/GBK2K-H.bcmap                                  19.66 kB
out/renderer/assets/KaTeX_Main-Italic-BMLOBm91.woff                     19.67 kB
out/renderer/assets/KaTeX_SansSerif-Italic-YYjJ1zSn.ttf                 22.36 kB
out/renderer/pdfjs/cmaps/Adobe-Korea1-UCS2.bcmap                        23.29 kB
out/renderer/resource-manager.html                                      23.37 kB │ gzip:     4.00 kB
out/renderer/assets/KaTeX_SansSerif-Bold-CFMepnvq.ttf                   24.50 kB
out/renderer/assets/KaTeX_Main-Bold-Cx986IdX.woff2                      25.32 kB
out/renderer/pdfjs/cmaps/UniJIS-UCS2-H.bcmap                            25.43 kB
out/renderer/pdfjs/cmaps/UniKS-UCS2-H.bcmap                             25.78 kB
out/renderer/assets/KaTeX_Main-Regular-B22Nviop.woff2                   26.27 kB
out/renderer/pdfjs/cmaps/UniKS-UTF16-H.bcmap                            26.32 kB
out/renderer/pdfjs/cmaps/UniKS-UTF32-H.bcmap                            26.45 kB
out/renderer/assets/KaTeX_Typewriter-Regular-D3Ib7_Hf.ttf               27.55 kB
out/renderer/pdfjs/cmaps/UniKS-UTF8-H.bcmap                             27.79 kB
out/renderer/assets/KaTeX_AMS-Regular-BQhdFMY1.woff2                    28.07 kB
out/renderer/assets/KaTeX_Main-Bold-Jm3AIy58.woff                       29.91 kB
out/renderer/assets/KaTeX_Main-Regular-Dr94JaBh.woff                    30.77 kB
out/renderer/assets/KaTeX_Math-BoldItalic-B3XSjfu4.ttf                  31.19 kB
out/renderer/assets/KaTeX_Math-Italic-flOr_0UB.ttf                      31.30 kB
out/renderer/assets/KaTeX_Main-BoldItalic-DzxPMmG6.ttf                  32.96 kB
out/renderer/assets/KaTeX_AMS-Regular-DMm9YOAa.woff                     33.51 kB
out/renderer/assets/KaTeX_Main-Italic-3WenGoN9.ttf                      33.58 kB
out/renderer/pdfjs/cmaps/Adobe-GB1-UCS2.bcmap                           33.97 kB
out/renderer/pdfjs/cmaps/UniJIS-UTF16-H.bcmap                           39.44 kB
out/renderer/pdfjs/cmaps/UniJIS2004-UTF16-H.bcmap                       39.53 kB
out/renderer/pdfjs/cmaps/UniJISX0213-UTF32-H.bcmap                      40.51 kB
out/renderer/pdfjs/cmaps/UniJIS-UTF32-H.bcmap                           40.53 kB
out/renderer/pdfjs/cmaps/UniJISX02132004-UTF32-H.bcmap                  40.60 kB
out/renderer/pdfjs/cmaps/UniJIS2004-UTF32-H.bcmap                       40.63 kB
out/renderer/pdfjs/cmaps/Adobe-Japan1-UCS2.bcmap                        40.95 kB
out/renderer/pdfjs/cmaps/Adobe-CNS1-UCS2.bcmap                          41.19 kB
out/renderer/pdfjs/cmaps/UniJIS-UTF8-H.bcmap                            41.69 kB
out/renderer/pdfjs/cmaps/UniJIS2004-UTF8-H.bcmap                        41.77 kB
out/renderer/pdfjs/cmaps/UniGB-UCS2-H.bcmap                             43.36 kB
out/renderer/pdfjs/cmaps/UniGB-UTF16-H.bcmap                            44.08 kB
out/renderer/pdfjs/cmaps/UniGB-UTF32-H.bcmap                            45.73 kB
out/renderer/pdfjs/cmaps/UniGB-UTF8-H.bcmap                             46.83 kB
out/renderer/pdfjs/cmaps/UniCNS-UCS2-H.bcmap                            48.28 kB
out/renderer/pdfjs/cmaps/UniCNS-UTF16-H.bcmap                           50.41 kB
out/renderer/assets/KaTeX_Main-Bold-waoOVXN0.ttf                        51.33 kB
out/renderer/pdfjs/cmaps/UniCNS-UTF32-H.bcmap                           52.67 kB
out/renderer/assets/KaTeX_Main-Regular-ypZvNtVU.ttf                     53.58 kB
out/renderer/pdfjs/cmaps/UniCNS-UTF8-H.bcmap                            53.62 kB
out/renderer/index.html                                                 57.58 kB │ gzip:    27.85 kB
out/renderer/assets/KaTeX_AMS-Regular-DRggAlZN.ttf                      63.63 kB
out/renderer/assets/xlsx-worker-DJiDdvsD.js                            132.12 kB
out/renderer/assets/icon-glm-for-dark-gaDfAQcT.png                     223.61 kB
out/renderer/assets/icon-glm-for-light-Dsx5dwqA.png                    223.80 kB
out/renderer/assets/icon_512@2x-DSs9bxgK.png                           341.28 kB
out/renderer/assets/diffs.worker-CAavpt0L.js                           827.86 kB
out/renderer/assets/pdf.worker.min-qwK7q_zL.mjs                      1,046.21 kB
out/renderer/assets/docx_wasm_bg-HWnIvdMf.wasm                       1,119.33 kB │ gzip:   443.20 kB
out/renderer/assets/duke_sheets_wasm_bg-BCCK9PkU.wasm                4,345.44 kB │ gzip: 1,663.17 kB
out/renderer/assets/pdf-viewer-Dgb4oCkS.css                              1.49 kB │ gzip:     0.59 kB
out/renderer/assets/styles-DHLmAY4P.css                                390.54 kB │ gzip:    63.02 kB
out/renderer/assets/mermaid-GHXKKRXX-DTx86Hpu.js                         0.07 kB │ gzip:     0.08 kB
out/renderer/assets/x-CvCbcZJA.js                                        0.07 kB │ gzip:     0.08 kB
out/renderer/assets/ban-C17pehkZ.js                                      0.07 kB │ gzip:     0.08 kB
out/renderer/assets/bot-DV3nurHG.js                                      0.07 kB │ gzip:     0.08 kB
out/renderer/assets/bug-aHPIp252.js                                      0.07 kB │ gzip:     0.08 kB
out/renderer/assets/cpu-BIjmPn_S.js                                      0.07 kB │ gzip:     0.08 kB
out/renderer/assets/eye-C8sm8F8Y.js                                      0.07 kB │ gzip:     0.08 kB
out/renderer/assets/map-CmtgXh-N.js                                      0.07 kB │ gzip:     0.08 kB
out/renderer/assets/pin-5IkrJYsY.js                                      0.07 kB │ gzip:     0.08 kB
out/renderer/assets/sun-CSz4lxI-.js                                      0.07 kB │ gzip:     0.08 kB
out/renderer/assets/tag-DN1MaoXo.js                                      0.07 kB │ gzip:     0.08 kB
out/renderer/assets/copy-7MctZI5Y.js                                     0.07 kB │ gzip:     0.09 kB
out/renderer/assets/file-noTjgeOJ.js                                     0.07 kB │ gzip:     0.09 kB
out/renderer/assets/gift-CgMF0yNb.js                                     0.07 kB │ gzip:     0.09 kB
out/renderer/assets/goal-BQdABYwE.js                                     0.07 kB │ gzip:     0.09 kB
out/renderer/assets/hand-Bq01Ts2-.js                                     0.07 kB │ gzip:     0.09 kB
out/renderer/assets/hash-Bl7bsh34.js                                     0.07 kB │ gzip:     0.09 kB
out/renderer/assets/info-Dnvqifis.js                                     0.07 kB │ gzip:     0.09 kB
out/renderer/assets/list-D7Z6hw09.js                                     0.07 kB │ gzip:     0.09 kB
out/renderer/assets/lock-U652iH3R.js                                     0.07 kB │ gzip:     0.09 kB
out/renderer/assets/moon-CTkMExkq.js                                     0.07 kB │ gzip:     0.09 kB
out/renderer/assets/play-D3-V6VCw.js                                     0.07 kB │ gzip:     0.09 kB
out/renderer/assets/plug-Uq_4BC1g.js                                     0.07 kB │ gzip:     0.09 kB
out/renderer/assets/plus-BR0fuCTR.js                                     0.07 kB │ gzip:     0.09 kB
out/renderer/assets/save-DVfjWxay.js                                     0.07 kB │ gzip:     0.09 kB
out/renderer/assets/send-Bn3t_xUp.js                                     0.07 kB │ gzip:     0.09 kB
out/renderer/assets/brain-CLIpYfD2.js                                    0.07 kB │ gzip:     0.09 kB
out/renderer/assets/cable-CkJZE3mT.js                                    0.07 kB │ gzip:     0.09 kB
out/renderer/assets/check-Gao5g6AP.js                                    0.07 kB │ gzip:     0.09 kB
out/renderer/assets/clock-C4SxQvLv.js                                    0.07 kB │ gzip:     0.09 kB
out/renderer/assets/cloud-CalytkSs.js                                    0.07 kB │ gzip:     0.09 kB
out/renderer/assets/crown-DntBv6vR.js                                    0.07 kB │ gzip:     0.09 kB
out/renderer/assets/earth-Dl3twFW_.js                                    0.07 kB │ gzip:     0.09 kB
out/renderer/assets/files-DK07m-Mk.js                                    0.07 kB │ gzip:     0.09 kB
out/renderer/assets/gauge-CXE714oz.js                                    0.07 kB │ gzip:     0.09 kB
out/renderer/assets/globe--GR_6fIv.js                                    0.07 kB │ gzip:     0.09 kB
out/renderer/assets/house-DyQuUS4g.js                                    0.07 kB │ gzip:     0.09 kB
out/renderer/assets/image-BCeIPa1b.js                                    0.07 kB │ gzip:     0.09 kB
out/renderer/assets/inbox-NiDNoecG.js                                    0.07 kB │ gzip:     0.09 kB
out/renderer/assets/minus-BgeEQIrG.js                                    0.07 kB │ gzip:     0.09 kB
out/renderer/assets/pause-DO2JE1yn.js                                    0.07 kB │ gzip:     0.09 kB
out/renderer/assets/power-Hg98_wUn.js                                    0.07 kB │ gzip:     0.09 kB
out/renderer/assets/quote-cthzV2db.js                                    0.07 kB │ gzip:     0.09 kB
out/renderer/assets/reply-CKMPUkXF.js                                    0.07 kB │ gzip:     0.09 kB
out/renderer/assets/route-s2CqvOXX.js                                    0.07 kB │ gzip:     0.09 kB
out/renderer/assets/scale-QKDTfesm.js                                    0.07 kB │ gzip:     0.09 kB
out/renderer/assets/share-Cm_5yJJL.js                                    0.07 kB │ gzip:     0.09 kB
out/renderer/assets/store-CzhUms3r.js                                    0.07 kB │ gzip:     0.09 kB
out/renderer/assets/table-D5mmfPk9.js                                    0.07 kB │ gzip:     0.09 kB
out/renderer/assets/users-O1QYnQtw.js                                    0.07 kB │ gzip:     0.09 kB
out/renderer/assets/video-CpWcRCd4.js                                    0.07 kB │ gzip:     0.09 kB
out/renderer/assets/anchor-BYIrq6Jp.js                                   0.08 kB │ gzip:     0.09 kB
out/renderer/assets/blocks-BSpBSnrc.js                                   0.08 kB │ gzip:     0.09 kB
out/renderer/assets/circle-D6v-cr6j.js                                   0.08 kB │ gzip:     0.09 kB
out/renderer/assets/eraser-B6B_i1rG.js                                   0.08 kB │ gzip:     0.09 kB
out/renderer/assets/folder-kIdzjGsY.js                                   0.08 kB │ gzip:     0.09 kB
out/renderer/assets/import-qOn7g4Lg.js                                   0.08 kB │ gzip:     0.08 kB
out/renderer/assets/loader-XQWWBKB7.js                                   0.08 kB │ gzip:     0.09 kB
out/renderer/assets/log-in-UbclSiZr.js                                   0.08 kB │ gzip:     0.09 kB
out/renderer/assets/pencil-DNtYbXj6.js                                   0.08 kB │ gzip:     0.09 kB
out/renderer/assets/redo-2-ByXZf04b.js                                   0.08 kB │ gzip:     0.09 kB
out/renderer/assets/rocket-gMXE_W8X.js                                   0.08 kB │ gzip:     0.09 kB
out/renderer/assets/search-CtKVkCS_.js                                   0.08 kB │ gzip:     0.09 kB
out/renderer/assets/server-CKwyhbMb.js                                   0.08 kB │ gzip:     0.09 kB
out/renderer/assets/square-CM_z5WT1.js                                   0.08 kB │ gzip:     0.09 kB
out/renderer/assets/target-Co-2IZF5.js                                   0.08 kB │ gzip:     0.09 kB
out/renderer/assets/undo-2-VjZNemWq.js                                   0.08 kB │ gzip:     0.09 kB
out/renderer/assets/unlink-BDuP6Ol_.js                                   0.08 kB │ gzip:     0.09 kB
out/renderer/assets/unplug-B-3p4hEB.js                                   0.08 kB │ gzip:     0.09 kB
out/renderer/assets/upload-DyBUWVc4.js                                   0.08 kB │ gzip:     0.09 kB
out/renderer/assets/wrench-CB79Rsgu.js                                   0.08 kB │ gzip:     0.09 kB
out/renderer/assets/archive-BgqAHSId.js                                  0.08 kB │ gzip:     0.09 kB
out/renderer/assets/astroid-DDbYVTZK.js                                  0.08 kB │ gzip:     0.09 kB
out/renderer/assets/clock-3-gSiGzgyB.js                                  0.08 kB │ gzip:     0.09 kB
out/renderer/assets/eye-off-D_BMqYdS.js                                  0.08 kB │ gzip:     0.09 kB
out/renderer/assets/history-ChvZT5ke.js                                  0.08 kB │ gzip:     0.09 kB
out/renderer/assets/library-CwZfZuMo.js                                  0.08 kB │ gzip:     0.09 kB
out/renderer/assets/log-out-BObc99yR.js                                  0.08 kB │ gzip:     0.09 kB
out/renderer/assets/monitor-D88CJ0KB.js                                  0.08 kB │ gzip:     0.09 kB
out/renderer/assets/music-2-Blx5G254.js                                  0.08 kB │ gzip:     0.09 kB
out/renderer/assets/network-CTjJAP27.js                                  0.08 kB │ gzip:     0.09 kB
out/renderer/assets/package-qdIEVdb5.js                                  0.08 kB │ gzip:     0.09 kB
out/renderer/assets/palette-CPsZFV5r.js                                  0.08 kB │ gzip:     0.09 kB
out/renderer/assets/qr-code-BVR1nwAj.js                                  0.08 kB │ gzip:     0.09 kB
out/renderer/assets/trash-2-Cu2nB5Xs.js                                  0.08 kB │ gzip:     0.09 kB
out/renderer/assets/webhook-CcYifuO4.js                                  0.08 kB │ gzip:     0.09 kB
out/renderer/assets/zoom-in-DIYG33ty.js                                  0.08 kB │ gzip:     0.09 kB
out/renderer/assets/activity-D4XVIN_e.js                                 0.08 kB │ gzip:     0.09 kB
out/renderer/assets/arrow-up-iMuvc7Ft.js                                 0.08 kB │ gzip:     0.09 kB
out/renderer/assets/circle-x-Cu83c9oE.js                                 0.08 kB │ gzip:     0.09 kB
out/renderer/assets/code-xml-DV4-2YRj.js                                 0.08 kB │ gzip:     0.09 kB
out/renderer/assets/database-4D3IgWAT.js                                 0.08 kB │ gzip:     0.09 kB
out/renderer/assets/download-Cn5wI0QJ.js                                 0.08 kB │ gzip:     0.09 kB
out/renderer/assets/ellipsis-Csiq7dY3.js                                 0.08 kB │ gzip:     0.09 kB
out/renderer/assets/keyboard-3fDKCch3.js                                 0.08 kB │ gzip:     0.09 kB
out/renderer/assets/maximize-DpiU8VS8.js                                 0.08 kB │ gzip:     0.09 kB
out/renderer/assets/pen-tool-dhPil2KW.js                                 0.08 kB │ gzip:     0.09 kB
out/renderer/assets/repeat-2-DgrgVtK6.js                                 0.08 kB │ gzip:     0.09 kB
out/renderer/assets/settings-WaMDdfMf.js                                 0.08 kB │ gzip:     0.09 kB
out/renderer/assets/sparkles-cYJ2v47J.js                                 0.08 kB │ gzip:     0.09 kB
out/renderer/assets/terminal-1DY5tyGD.js                                 0.08 kB │ gzip:     0.09 kB
out/renderer/assets/workflow-C4r1EEIC.js                                 0.08 kB │ gzip:     0.09 kB
out/renderer/assets/zoom-out-BGb3aYn2.js                                 0.08 kB │ gzip:     0.09 kB
out/renderer/assets/archive-x-2D-B4-sE.js                                0.08 kB │ gzip:     0.09 kB
out/renderer/assets/book-open-Qe93MQz8.js                                0.08 kB │ gzip:     0.09 kB
out/renderer/assets/file-diff-B1KGbyVu.js                                0.08 kB │ gzip:     0.09 kB
out/renderer/assets/file-down-BdOH8L5D.js                                0.08 kB │ gzip:     0.09 kB
out/renderer/assets/file-text-DQacsD-k.js                                0.08 kB │ gzip:     0.09 kB
out/renderer/assets/git-graph-D_uK0Zx_.js                                0.08 kB │ gzip:     0.09 kB
out/renderer/assets/git-merge-DzqMRyVy.js                                0.08 kB │ gzip:     0.09 kB
out/renderer/assets/hourglass-DCP3jj6a.js                                0.08 kB │ gzip:     0.09 kB
out/renderer/assets/image-off-PrfsmTy6.js                                0.08 kB │ gzip:     0.09 kB
out/renderer/assets/key-round-r_COLVkR.js                                0.08 kB │ gzip:     0.09 kB
out/renderer/assets/lightbulb-CKm5dG9v.js                                0.08 kB │ gzip:     0.09 kB
out/renderer/assets/list-todo-cndgXGcx.js                                0.08 kB │ gzip:     0.09 kB
out/renderer/assets/list-tree-B94IqHHy.js                                0.08 kB │ gzip:     0.09 kB
out/renderer/assets/megaphone-DS2w8lrC.js                                0.08 kB │ gzip:     0.09 kB
out/renderer/assets/paperclip-CBVp4yQG.js                                0.08 kB │ gzip:     0.09 kB
out/renderer/assets/text-wrap-BgNTqoK7.js                                0.08 kB │ gzip:     0.09 kB
out/renderer/assets/thumbs-up-Dt_V7pf5.js                                0.08 kB │ gzip:     0.09 kB
out/renderer/assets/waypoints-HLd0wRDp.js                                0.08 kB │ gzip:     0.09 kB
out/renderer/assets/app-window-dk-9l2Dx.js                               0.08 kB │ gzip:     0.09 kB
out/renderer/assets/arrow-down-0M1zNifW.js                               0.08 kB │ gzip:     0.09 kB
out/renderer/assets/arrow-left-D8tLDkoo.js                               0.08 kB │ gzip:     0.09 kB
out/renderer/assets/chart-line-Bxei_nWO.js                               0.08 kB │ gzip:     0.09 kB
out/renderer/assets/chevron-up-yU5_Kdcq.js                               0.08 kB │ gzip:     0.09 kB
out/renderer/assets/file-clock-wUZJWk9y.js                               0.08 kB │ gzip:     0.09 kB
out/renderer/assets/git-branch-DZbDhIPF.js                               0.08 kB │ gzip:     0.09 kB
out/renderer/assets/hard-drive-Dm_69V0I.js                               0.08 kB │ gzip:     0.09 kB
out/renderer/assets/image-plus-DXbcT5La.js                               0.08 kB │ gzip:     0.09 kB
out/renderer/assets/maximize-2-D11WTPtY.js                               0.08 kB │ gzip:     0.09 kB
out/renderer/assets/minimize-2-Dtk5XAwM.js                               0.08 kB │ gzip:     0.09 kB
out/renderer/assets/refresh-cw-CYoI4tWK.js                               0.08 kB │ gzip:     0.09 kB
out/renderer/assets/rotate-ccw-CXPbT4k_.js                               0.08 kB │ gzip:     0.09 kB
out/renderer/assets/settings-2-DAJ8XVOa.js                               0.08 kB │ gzip:     0.09 kB
out/renderer/assets/smartphone-CnwzF71P.js                               0.08 kB │ gzip:     0.09 kB
out/renderer/assets/user-round-4X9fP5bn.js                               0.08 kB │ gzip:     0.09 kB
out/renderer/assets/alarm-clock-CCbWXG2Z.js                              0.08 kB │ gzip:     0.09 kB
out/renderer/assets/arrow-right-CKqsC9Zz.js                              0.08 kB │ gzip:     0.09 kB
out/renderer/assets/circle-play-D_PMCI3i.js                              0.08 kB │ gzip:     0.09 kB
out/renderer/assets/circle-plus-DFjB94g0.js                              0.08 kB │ gzip:     0.09 kB
out/renderer/assets/circle-stop-D_Bz5vEg.js                              0.08 kB │ gzip:     0.09 kB
out/renderer/assets/clock-alert-nsyUTQIj.js                              0.08 kB │ gzip:     0.09 kB
out/renderer/assets/file-output-3hU4FfNW.js                              0.08 kB │ gzip:     0.09 kB
out/renderer/assets/file-search-C4H2_iUU.js                              0.08 kB │ gzip:     0.09 kB
out/renderer/assets/folder-open-CrfcxUS8.js                              0.08 kB │ gzip:     0.09 kB
out/renderer/assets/folder-plus-FTntMM6L.js                              0.08 kB │ gzip:     0.09 kB
out/renderer/assets/list-checks-XPFJHSTV.js                              0.08 kB │ gzip:     0.09 kB
out/renderer/assets/list-filter-De_mevXl.js                              0.08 kB │ gzip:     0.09 kB
out/renderer/assets/monitor-cog-CPhYFv6I.js                              0.08 kB │ gzip:     0.09 kB
out/renderer/assets/refresh-ccw-B5Wxs_uH.js                              0.08 kB │ gzip:     0.09 kB
out/renderer/assets/scroll-text-DRWFcV8u.js                              0.08 kB │ gzip:     0.09 kB
out/renderer/assets/square-code-DPsOdiZ_.js                              0.08 kB │ gzip:     0.09 kB
out/renderer/assets/thumbs-down-DLhyCUQJ.js                              0.08 kB │ gzip:     0.09 kB
out/renderer/assets/chart-column-BDNCuMT7.js                             0.08 kB │ gzip:     0.09 kB
out/renderer/assets/chevron-down-CU9Otcx_.js                             0.08 kB │ gzip:     0.09 kB
out/renderer/assets/chevron-left-BAYYZ0Hl.js                             0.08 kB │ gzip:     0.09 kB
out/renderer/assets/circle-alert-r3AP5x-g.js                             0.08 kB │ gzip:     0.09 kB
out/renderer/assets/circle-check-D5S7bXQH.js                             0.08 kB │ gzip:     0.09 kB
out/renderer/assets/circle-minus-CQ77ShAN.js                             0.08 kB │ gzip:     0.09 kB
out/renderer/assets/circle-pause-B51ZOOMc.js                             0.08 kB │ gzip:     0.09 kB
out/renderer/assets/cloud-upload-BCx-b5QN.js                             0.08 kB │ gzip:     0.09 kB
out/renderer/assets/lock-keyhole-BYIxLpSu.js                             0.08 kB │ gzip:     0.09 kB
out/renderer/assets/notepad-text-DSOEgHUz.js                             0.08 kB │ gzip:     0.09 kB
out/renderer/assets/package-open-C0UaATvN.js                             0.08 kB │ gzip:     0.09 kB
out/renderer/assets/pencil-ruler-DE3yVKSc.js                             0.08 kB │ gzip:     0.09 kB
out/renderer/assets/presentation-DbC8xdxR.js                             0.08 kB │ gzip:     0.09 kB
out/renderer/assets/shield-alert-D8OBGeib.js                             0.08 kB │ gzip:     0.09 kB
out/renderer/assets/shield-check-SDTXiBPg.js                             0.08 kB │ gzip:     0.09 kB
out/renderer/assets/square-slash-CZpdrAhT.js                             0.08 kB │ gzip:     0.09 kB
out/renderer/assets/calendar-days-BURniKcZ.js                            0.08 kB │ gzip:     0.09 kB
out/renderer/assets/chevron-right-CfAQ3h6Z.js                            0.08 kB │ gzip:     0.09 kB
out/renderer/assets/chevrons-down-DO_uwB4t.js                            0.08 kB │ gzip:     0.09 kB
out/renderer/assets/circle-dashed-D8-TFwUM.js                            0.08 kB │ gzip:     0.09 kB
out/renderer/assets/external-link-CLQnHTdg.js                            0.08 kB │ gzip:     0.09 kB
out/renderer/assets/file-pen-line-BCcXm-yc.js                            0.08 kB │ gzip:     0.09 kB
out/renderer/assets/flask-conical-CV838Zmt.js                            0.08 kB │ gzip:     0.09 kB
out/renderer/assets/grip-vertical-DuCy2p1-.js                            0.08 kB │ gzip:     0.09 kB
out/renderer/assets/loader-circle-BbQTYZVu.js                            0.08 kB │ gzip:     0.09 kB
out/renderer/assets/previewPanePdfContent-BaRDM_Xx.js                    0.08 kB │ gzip:     0.09 kB
out/renderer/assets/square-kanban-BdUSE1gd.js                            0.08 kB │ gzip:     0.09 kB
out/renderer/assets/wand-sparkles-CWJcwkUK.js                            0.08 kB │ gzip:     0.09 kB
out/renderer/assets/arrow-up-right-DYprZpv2.js                           0.08 kB │ gzip:     0.10 kB
out/renderer/assets/book-open-text-MxlPIsNI.js                           0.08 kB │ gzip:     0.10 kB
out/renderer/assets/calendar-clock-BMBnTgD5.js                           0.08 kB │ gzip:     0.10 kB
out/renderer/assets/circle-slash-2-CVV7XSau.js                           0.08 kB │ gzip:     0.10 kB
out/renderer/assets/cloud-download--E2UxVLV.js                           0.08 kB │ gzip:     0.10 kB
out/renderer/assets/folder-symlink-BcuwErh1.js                           0.08 kB │ gzip:     0.10 kB
out/renderer/assets/graduation-cap-BplO3_HU.js                           0.08 kB │ gzip:     0.10 kB
out/renderer/assets/message-circle-zfO6bJ5M.js                           0.08 kB │ gzip:     0.10 kB
out/renderer/assets/message-square-CMxZsjD6.js                           0.08 kB │ gzip:     0.10 kB
out/renderer/assets/triangle-alert-cHM1Yyhh.js                           0.08 kB │ gzip:     0.10 kB
out/renderer/assets/user-round-pen-BmH_IUps.js                           0.08 kB │ gzip:     0.10 kB
out/renderer/assets/clipboard-check-CclpOKtI.js                          0.08 kB │ gzip:     0.10 kB
out/renderer/assets/clipboard-paste-W_hVbqjH.js                          0.08 kB │ gzip:     0.10 kB
out/renderer/assets/grip-horizontal-BEzMINVg.js                          0.08 kB │ gzip:     0.10 kB
out/renderer/assets/messages-square-BYoOL8Qt.js                          0.08 kB │ gzip:     0.10 kB
out/renderer/assets/mouse-pointer-2-DHrOzTwk.js                          0.08 kB │ gzip:     0.10 kB
out/renderer/assets/panel-left-open-CQT7tdwP.js                          0.08 kB │ gzip:     0.10 kB
out/renderer/assets/panels-top-left-BS904--U.js                          0.08 kB │ gzip:     0.10 kB
out/renderer/assets/previewPanePptxContent-C3BFkzhg.js                   0.08 kB │ gzip:     0.09 kB
out/renderer/assets/square-terminal-DuDqldHe.js                          0.08 kB │ gzip:     0.10 kB
out/renderer/assets/arrow-right-left-sSDJWXV_.js                         0.09 kB │ gzip:     0.10 kB
out/renderer/assets/arrow-up-to-line-DtBVMlhX.js                         0.09 kB │ gzip:     0.10 kB
out/renderer/assets/circle-check-big-Deu0DINg.js                         0.09 kB │ gzip:     0.10 kB
out/renderer/assets/file-code-corner-sMYFcdaM.js                         0.09 kB │ gzip:     0.10 kB
out/renderer/assets/panel-left-close-BXxwoq5D.js                         0.09 kB │ gzip:     0.10 kB
out/renderer/assets/panel-right-open-DI74CeHZ.js                         0.09 kB │ gzip:     0.10 kB
out/renderer/assets/trending-up-down-BUdrZDEx.js                         0.09 kB │ gzip:     0.10 kB
out/renderer/assets/panel-right-close-BCcFsRT9.js                        0.09 kB │ gzip:     0.10 kB
out/renderer/assets/arrow-down-to-line-zid2HFpO.js                       0.09 kB │ gzip:     0.10 kB
out/renderer/assets/arrow-up-from-line-DGAcIxHq.js                       0.09 kB │ gzip:     0.10 kB
out/renderer/assets/bot-message-square-UCBaWFVK.js                       0.09 kB │ gzip:     0.10 kB
out/renderer/assets/briefcase-business-Dxq0TZ4f.js                       0.09 kB │ gzip:     0.10 kB
out/renderer/assets/clipboard-pen-line-BNKeTAq7.js                       0.09 kB │ gzip:     0.10 kB
out/renderer/assets/monitor-smartphone-CuIMF5XY.js                       0.09 kB │ gzip:     0.10 kB
out/renderer/assets/sliders-horizontal-D5jolWKW.js                       0.09 kB │ gzip:     0.10 kB
out/renderer/assets/arrow-right-to-line-BPXH-QDC.js                      0.09 kB │ gzip:     0.10 kB
out/renderer/assets/git-commit-vertical-DbTsCV5P.js                      0.09 kB │ gzip:     0.10 kB
out/renderer/assets/message-circle-plus-CgEYIfZs.js                      0.09 kB │ gzip:     0.10 kB
out/renderer/assets/message-square-text-Dojurlgv.js                      0.09 kB │ gzip:     0.10 kB
out/renderer/assets/mouse-pointer-click-CRtWrpFz.js                      0.09 kB │ gzip:     0.10 kB
out/renderer/assets/arrow-left-from-line-D9VHW_Tw.js                     0.09 kB │ gzip:     0.10 kB
out/renderer/assets/circle-question-mark-Dba3eb8A.js                     0.09 kB │ gzip:     0.10 kB
out/renderer/assets/clone-CYgLzH5g.js                                    0.09 kB │ gzip:     0.10 kB │ map:      1.33 kB
out/renderer/assets/message-circle-check-DYTj1-sl.js                     0.09 kB │ gzip:     0.10 kB
out/renderer/assets/message-circle-reply-B2d96bch.js                     0.09 kB │ gzip:     0.10 kB
out/renderer/assets/square-mouse-pointer-D8rx5PAt.js                     0.09 kB │ gzip:     0.10 kB
out/renderer/assets/git-commit-horizontal-8Ag6-hxv.js                    0.09 kB │ gzip:     0.10 kB
out/renderer/assets/previewPaneOfficeContent-BS1_Pwrz.js                 0.09 kB │ gzip:     0.09 kB
out/renderer/assets/square-arrow-right-enter-CrUFkZKx.js                 0.09 kB │ gzip:     0.10 kB
out/renderer/assets/message-circle-question-mark-DJCBUCSO.js             0.10 kB │ gzip:     0.11 kB
out/renderer/assets/array-BKZhh80l.js                                    0.10 kB │ gzip:     0.11 kB │ map:      0.52 kB
out/renderer/assets/channel-DyxBE0zT.js                                  0.11 kB │ gzip:     0.12 kB │ map:      0.49 kB
out/renderer/assets/pie-ZZUOXDRM-KTBpQNlv.js                             0.11 kB │ gzip:     0.11 kB
out/renderer/assets/info-OMHHGYJF-CctU2Qoq.js                            0.11 kB │ gzip:     0.11 kB
out/renderer/assets/radar-PYXPWWZC-DSdifVBV.js                           0.11 kB │ gzip:     0.12 kB
out/renderer/assets/packet-4T2RLAQJ-DNE55xg_.js                          0.12 kB │ gzip:     0.12 kB
out/renderer/assets/treemap-W4RFUUIX-DAkTg9vp.js                         0.12 kB │ gzip:     0.12 kB
out/renderer/assets/wardley-RL74JXVD-a5pCLEXL.js                         0.12 kB │ gzip:     0.12 kB
out/renderer/assets/gitGraph-7Q5UKJZL-DlsmAnjS.js                        0.12 kB │ gzip:     0.12 kB
out/renderer/assets/treeView-SZITEDCU-7Svz8CXO.js                        0.12 kB │ gzip:     0.12 kB
out/renderer/assets/architecture-YZFGNWBL-CaYleUmQ.js                    0.12 kB │ gzip:     0.12 kB
out/renderer/assets/minus-DHvgSpfm.js                                    0.13 kB │ gzip:     0.14 kB │ map:      0.73 kB
out/renderer/assets/check-ttSXaESy.js                                    0.14 kB │ gzip:     0.14 kB │ map:      0.74 kB
out/renderer/assets/chevron-down-CAoVJ1Or.js                             0.14 kB │ gzip:     0.15 kB │ map:      0.77 kB
out/renderer/assets/chevron-up-B0mpgZUq.js                               0.14 kB │ gzip:     0.15 kB │ map:      0.76 kB
out/renderer/assets/chevron-left-D17tkpgw.js                             0.14 kB │ gzip:     0.15 kB │ map:      0.78 kB
out/renderer/assets/chevron-right-CECnOWCN.js                            0.14 kB │ gzip:     0.15 kB │ map:      0.78 kB
out/renderer/assets/circle-CjUbj0IC.js                                   0.14 kB │ gzip:     0.14 kB │ map:      0.77 kB
out/renderer/assets/tally-1-BXJlnO_n.js                                  0.14 kB │ gzip:     0.15 kB │ map:      0.74 kB
out/renderer/assets/slash-C_cWRiHE.js                                    0.15 kB │ gzip:     0.15 kB │ map:      0.73 kB
out/renderer/assets/wifi-zero-Drx-hVms.js                                0.15 kB │ gzip:     0.16 kB │ map:      0.75 kB
out/renderer/assets/signal-zero-DWs5Tks5.js                              0.15 kB │ gzip:     0.16 kB │ map:      0.76 kB
out/renderer/assets/tiny-invariant-DM0sS1wy.js                           0.15 kB │ gzip:     0.14 kB │ map:      0.85 kB
out/renderer/assets/loader-circle-DuynRzY1.js                            0.16 kB │ gzip:     0.16 kB │ map:      0.80 kB
out/renderer/assets/dot-PL2FQyvW.js                                      0.16 kB │ gzip:     0.15 kB │ map:      0.76 kB
out/renderer/assets/square-CAf1rc4h.js                                   0.16 kB │ gzip:     0.16 kB │ map:      0.83 kB
out/renderer/assets/circle-small-CoEOnOEM.js                             0.16 kB │ gzip:     0.16 kB │ map:      0.81 kB
out/renderer/assets/mountain-DRJLBKQX.js                                 0.16 kB │ gzip:     0.16 kB │ map:      0.76 kB
out/renderer/assets/bluetooth-B0nhBd5o.js                                0.16 kB │ gzip:     0.17 kB │ map:      0.77 kB
out/renderer/assets/plus-CvoLjw8D.js                                     0.16 kB │ gzip:     0.16 kB │ map:      0.83 kB
out/renderer/assets/x-D4owKg6i.js                                        0.17 kB │ gzip:     0.16 kB │ map:      0.81 kB
out/renderer/assets/ellipse-Ao1Rt8Gr.js                                  0.17 kB │ gzip:     0.16 kB │ map:      0.81 kB
out/renderer/assets/fish-symbol-CG4jH5u-.js                              0.17 kB │ gzip:     0.17 kB │ map:      0.79 kB
out/renderer/assets/cloud-Dce1KpuC.js                                    0.17 kB │ gzip:     0.17 kB │ map:      0.78 kB
out/renderer/assets/arrow-up-ReTlMnNe.js                                 0.17 kB │ gzip:     0.17 kB │ map:      0.86 kB
out/renderer/assets/terminal-DS2_Kg22.js                                 0.17 kB │ gzip:     0.16 kB │ map:      0.86 kB
out/renderer/assets/navigation-CHUbvHbT.js                               0.17 kB │ gzip:     0.17 kB │ map:      0.79 kB
out/renderer/assets/chunk-QZHKN3VN-CmTnqLmb.js                           0.18 kB │ gzip:     0.15 kB │ map:      0.78 kB
out/renderer/assets/arrow-down-BqVz5Zm4.js                               0.18 kB │ gzip:     0.17 kB │ map:      0.87 kB
out/renderer/assets/arrow-left-BQuspoiL.js                               0.18 kB │ gzip:     0.17 kB │ map:      0.87 kB
out/renderer/assets/arrow-right-DmcktJty.js                              0.18 kB │ gzip:     0.17 kB │ map:      0.87 kB
out/renderer/assets/navigation-2-CsR2-S52.js                             0.18 kB │ gzip:     0.17 kB │ map:      0.80 kB
out/renderer/assets/space-UoRbnQsb.js                                    0.18 kB │ gzip:     0.18 kB │ map:      0.77 kB
out/renderer/assets/arrow-up-right-CaMRjCEt.js                           0.18 kB │ gzip:     0.16 kB │ map:      0.89 kB
out/renderer/assets/clock-3-BXK16S7Y.js                                  0.18 kB │ gzip:     0.17 kB │ map:      0.88 kB
out/renderer/assets/clock-CViV_UyT.js                                    0.18 kB │ gzip:     0.17 kB │ map:      0.88 kB
out/renderer/assets/egg-CEddrL7O.js                                      0.18 kB │ gzip:     0.18 kB │ map:      0.76 kB
out/renderer/assets/tally-2-Dh-hqQfY.js                                  0.18 kB │ gzip:     0.17 kB │ map:      0.84 kB
out/renderer/assets/music-2-DvMP6Jid.js                                  0.18 kB │ gzip:     0.17 kB │ map:      0.89 kB
out/renderer/assets/chevrons-down-C5WXY-FL.js                            0.18 kB │ gzip:     0.16 kB │ map:      0.89 kB
out/renderer/assets/circle-minus-CWnhRMxo.js                             0.18 kB │ gzip:     0.17 kB │ map:      0.91 kB
out/renderer/assets/thermometer-D8ojNlnO.js                              0.18 kB │ gzip:     0.18 kB │ map:      0.81 kB
out/renderer/assets/power-CO9BE6XN.js                                    0.18 kB │ gzip:     0.17 kB │ map:      0.85 kB
out/renderer/assets/option-C1c5Y_uJ.js                                   0.19 kB │ gzip:     0.17 kB │ map:      0.85 kB
out/renderer/assets/rectangle-vertical-BMWwyV_K.js                       0.19 kB │ gzip:     0.18 kB │ map:      0.90 kB
out/renderer/assets/search-BvcHmwRM.js                                   0.19 kB │ gzip:     0.17 kB │ map:      0.89 kB
out/renderer/assets/signal-low-s-nxNHT6.js                               0.19 kB │ gzip:     0.18 kB │ map:      0.86 kB
out/renderer/assets/unlink-2-CdWFhZRN.js                                 0.19 kB │ gzip:     0.18 kB │ map:      0.79 kB
out/renderer/assets/gauge-2vQFGwlq.js                                    0.19 kB │ gzip:     0.18 kB │ map:      0.86 kB
out/renderer/assets/rectangle-horizontal-DPwAAYpt.js                     0.19 kB │ gzip:     0.18 kB │ map:      0.91 kB
out/renderer/assets/reply-Cn5psxkJ.js                                    0.19 kB │ gzip:     0.17 kB │ map:      0.86 kB
out/renderer/assets/circle-slash-2-BDEzkFkR.js                           0.19 kB │ gzip:     0.17 kB │ map:      0.93 kB
out/renderer/assets/code-BqQQgwfI.js                                     0.19 kB │ gzip:     0.17 kB │ map:      0.84 kB
out/renderer/assets/move-up-CjvWciDb.js                                  0.19 kB │ gzip:     0.17 kB │ map:      0.85 kB
out/renderer/assets/circle-check-CTMQNbZz.js                             0.19 kB │ gzip:     0.17 kB │ map:      0.92 kB
out/renderer/assets/move-left-nqgwgUO6.js                                0.19 kB │ gzip:     0.18 kB │ map:      0.86 kB
out/renderer/assets/squircle-jCxfSLcZ.js                                 0.19 kB │ gzip:     0.18 kB │ map:      0.80 kB
out/renderer/assets/move-up-left-BLCcpw-s.js                             0.19 kB │ gzip:     0.18 kB │ map:      0.88 kB
out/renderer/assets/arrow-up-left-Dov1_jrL.js                            0.19 kB │ gzip:     0.18 kB │ map:      0.88 kB
out/renderer/assets/ban-mAWQAjHV.js                                      0.19 kB │ gzip:     0.18 kB │ map:      0.88 kB
out/renderer/assets/chevron-last-p7fBOE9e.js                             0.19 kB │ gzip:     0.18 kB │ map:      0.88 kB
out/renderer/assets/chevron-first-B60rHoGd.js                            0.19 kB │ gzip:     0.18 kB │ map:      0.89 kB
out/renderer/assets/move-down-EFIkVijz.js                                0.19 kB │ gzip:     0.18 kB │ map:      0.87 kB
out/renderer/assets/move-up-right-CtQtSlqa.js                            0.19 kB │ gzip:     0.18 kB │ map:      0.88 kB
out/renderer/assets/music-3-BOMPUsXH.js                                  0.19 kB │ gzip:     0.19 kB │ map:      0.88 kB
out/renderer/assets/user-round-7O3I0b8k.js                               0.19 kB │ gzip:     0.18 kB │ map:      0.91 kB
out/renderer/assets/arrow-down-left-BL09THu9.js                          0.19 kB │ gzip:     0.17 kB │ map:      0.90 kB
out/renderer/assets/clock-12-BGfV-GCA.js                                 0.19 kB │ gzip:     0.18 kB │ map:      0.89 kB
out/renderer/assets/clock-6-7t0V0w_i.js                                  0.19 kB │ gzip:     0.18 kB │ map:      0.88 kB
out/renderer/assets/move-down-left-Bjoz8Eop.js                           0.19 kB │ gzip:     0.18 kB │ map:      0.89 kB
out/renderer/assets/move-right-Cgk6q8Jw.js                               0.19 kB │ gzip:     0.18 kB │ map:      0.87 kB
out/renderer/assets/arrow-down-right-B9t_4ydt.js                         0.20 kB │ gzip:     0.18 kB │ map:      0.90 kB
out/renderer/assets/chart-line-DGFrgNW7.js                               0.20 kB │ gzip:     0.18 kB │ map:      0.89 kB
out/renderer/assets/clock-9-DnyYamfU.js                                  0.20 kB │ gzip:     0.18 kB │ map:      0.88 kB
out/renderer/assets/move-down-right-DnjEdmMy.js                          0.20 kB │ gzip:     0.18 kB │ map:      0.90 kB
out/renderer/assets/clock-1-D4vzpjAP.js                                  0.20 kB │ gzip:     0.18 kB │ map:      0.89 kB
out/renderer/assets/clock-2-B_xOhNjP.js                                  0.20 kB │ gzip:     0.18 kB │ map:      0.89 kB
out/renderer/assets/clock-4-C6xnCXWR.js                                  0.20 kB │ gzip:     0.18 kB │ map:      0.89 kB
out/renderer/assets/clock-5-DB0LuNWt.js                                  0.20 kB │ gzip:     0.18 kB │ map:      0.89 kB
out/renderer/assets/chevrons-up-xjLOVq-b.js                              0.20 kB │ gzip:     0.17 kB │ map:      0.88 kB
out/renderer/assets/clock-7-BCz9IUh2.js                                  0.20 kB │ gzip:     0.18 kB │ map:      0.89 kB
out/renderer/assets/clock-8-BjU6kJ_y.js                                  0.20 kB │ gzip:     0.18 kB │ map:      0.89 kB
out/renderer/assets/infinity-BNGR3HCd.js                                 0.20 kB │ gzip:     0.18 kB │ map:      0.82 kB
out/renderer/assets/chevrons-right-BXrR3Okz.js                           0.20 kB │ gzip:     0.17 kB │ map:      0.90 kB
out/renderer/assets/clock-10-DRTTk1dX.js                                 0.20 kB │ gzip:     0.18 kB │ map:      0.89 kB
out/renderer/assets/clock-11-B84M-3Tz.js                                 0.20 kB │ gzip:     0.19 kB │ map:      0.89 kB
out/renderer/assets/blend-7g0aYdK-.js                                    0.20 kB │ gzip:     0.17 kB │ map:      0.91 kB
out/renderer/assets/chevrons-down-up-Bv5K1FIE.js                         0.20 kB │ gzip:     0.18 kB │ map:      0.91 kB
out/renderer/assets/chevrons-left-CqjkLwFl.js                            0.20 kB │ gzip:     0.17 kB │ map:      0.90 kB
out/renderer/assets/chevrons-up-down-DfmWzX2t.js                         0.20 kB │ gzip:     0.18 kB │ map:      0.91 kB
out/renderer/assets/play-CYSUTlsl.js                                     0.20 kB │ gzip:     0.18 kB │ map:      0.84 kB
out/renderer/assets/trending-up-DHi2FWig.js                              0.20 kB │ gzip:     0.19 kB │ map:      0.88 kB
out/renderer/assets/disc-2jKGZht9.js                                     0.20 kB │ gzip:     0.17 kB │ map:      0.91 kB
out/renderer/assets/wifi-low-CRbBXgo4.js                                 0.20 kB │ gzip:     0.19 kB │ map:      0.87 kB
out/renderer/assets/bold-BClE7U5B.js                                     0.20 kB │ gzip:     0.18 kB │ map:      0.81 kB
out/renderer/assets/chevrons-left-right-9CzwlWRR.js                      0.20 kB │ gzip:     0.18 kB │ map:      0.93 kB
out/renderer/assets/trending-down-8LP4PX1S.js                            0.20 kB │ gzip:     0.19 kB │ map:      0.90 kB
out/renderer/assets/check-check-DNAoQ775.js                              0.21 kB │ gzip:     0.19 kB │ map:      0.89 kB
out/renderer/assets/chevrons-right-left-DTZxMcgQ.js                      0.21 kB │ gzip:     0.19 kB │ map:      0.93 kB
out/renderer/assets/circle-check-big-CuUIBAa4.js                         0.21 kB │ gzip:     0.19 kB │ map:      0.93 kB
out/renderer/assets/forward-BvPVzGHT.js                                  0.21 kB │ gzip:     0.19 kB │ map:      0.87 kB
out/renderer/assets/iteration-cw-BLkYyIXT.js                             0.21 kB │ gzip:     0.19 kB │ map:      0.90 kB
out/renderer/assets/russian-ruble-GCM3raAZ.js                            0.21 kB │ gzip:     0.18 kB │ map:      0.90 kB
out/renderer/assets/src-2FP7IUE6-DeqsTHGQ.js                             0.21 kB │ gzip:     0.17 kB
out/renderer/assets/triangle-DfJCRCpi.js                                 0.21 kB │ gzip:     0.19 kB │ map:      0.83 kB
out/renderer/assets/list-filter-CFhYT5k1.js                              0.21 kB │ gzip:     0.18 kB │ map:      0.96 kB
out/renderer/assets/chunk-4BX2VUAB-zg7sf7Bj.js                           0.21 kB │ gzip:     0.16 kB │ map:      0.80 kB
out/renderer/assets/eclipse-DK6R0oYE.js                                  0.21 kB │ gzip:     0.19 kB │ map:      0.90 kB
out/renderer/assets/circle-dot-BkjmAjCz.js                               0.21 kB │ gzip:     0.17 kB │ map:      0.94 kB
out/renderer/assets/command-EhJsvcdy.js                                  0.21 kB │ gzip:     0.18 kB │ map:      0.83 kB
out/renderer/assets/iteration-ccw-DZ-UWDDR.js                            0.21 kB │ gzip:     0.19 kB │ map:      0.91 kB
out/renderer/assets/mouse-zRoGmMVA.js                                    0.21 kB │ gzip:     0.20 kB │ map:      0.92 kB
out/renderer/assets/smartphone-BPhsZXVq.js                               0.21 kB │ gzip:     0.19 kB │ map:      0.97 kB
out/renderer/assets/circle-chevron-up-t1aYoldc.js                        0.21 kB │ gzip:     0.19 kB │ map:      0.95 kB
out/renderer/assets/chunk-55IACEB6-ChvZsUfn.js                           0.21 kB │ gzip:     0.19 kB │ map:      0.98 kB
out/renderer/assets/circle-stop-qR3SCo83.js                              0.21 kB │ gzip:     0.18 kB │ map:      0.99 kB
out/renderer/assets/corner-right-up-CQMxWAOl.js                          0.21 kB │ gzip:     0.19 kB │ map:      0.92 kB
out/renderer/assets/rows-2-VYBdEMis.js                                   0.21 kB │ gzip:     0.20 kB │ map:      0.92 kB
out/renderer/assets/zodiac-taurus-rG6Ie9nv.js                            0.21 kB │ gzip:     0.20 kB │ map:      0.93 kB
out/renderer/assets/corner-down-left-D8NtCFAA.js                         0.21 kB │ gzip:     0.19 kB │ map:      0.92 kB
out/renderer/assets/corner-left-up-CjflxB_k.js                           0.21 kB │ gzip:     0.19 kB │ map:      0.91 kB
out/renderer/assets/corner-up-left-9E9rlsr5.js                           0.21 kB │ gzip:     0.19 kB │ map:      0.91 kB
out/renderer/assets/crop-BvbKZbbx.js                                     0.21 kB │ gzip:     0.19 kB │ map:      0.86 kB
out/renderer/assets/rotate-ccw-DRYyTInj.js                               0.21 kB │ gzip:     0.19 kB │ map:      0.90 kB
out/renderer/assets/tv--Rj-wryR.js                                       0.21 kB │ gzip:     0.20 kB │ map:      0.91 kB
out/renderer/assets/circle-chevron-down-DXKnXhU8.js                      0.21 kB │ gzip:     0.19 kB │ map:      0.96 kB
out/renderer/assets/circle-chevron-left-ButY4Nxb.js                      0.21 kB │ gzip:     0.19 kB │ map:      0.96 kB
out/renderer/assets/circle-chevron-right-CLX7WG5f.js                     0.21 kB │ gzip:     0.19 kB │ map:      0.97 kB
out/renderer/assets/contrast-Cl94DfuY.js                                 0.21 kB │ gzip:     0.19 kB │ map:      0.91 kB
out/renderer/assets/panel-top-fMtQ-kzS.js                                0.21 kB │ gzip:     0.20 kB │ map:      0.94 kB
out/renderer/assets/undo-B4ludbH-.js                                     0.21 kB │ gzip:     0.19 kB │ map:      0.86 kB
out/renderer/assets/columns-2-DVXCYyjs.js                                0.21 kB │ gzip:     0.20 kB │ map:      0.94 kB
out/renderer/assets/corner-down-right-CMVmD59U.js                        0.21 kB │ gzip:     0.19 kB │ map:      0.93 kB
out/renderer/assets/corner-right-down-DozF_xuM.js                        0.21 kB │ gzip:     0.19 kB │ map:      0.93 kB
out/renderer/assets/corner-up-right-Cln1cPqX.js                          0.21 kB │ gzip:     0.19 kB │ map:      0.92 kB
out/renderer/assets/panel-left-CplF1pXB.js                               0.21 kB │ gzip:     0.20 kB │ map:      0.95 kB
out/renderer/assets/parentheses-BXpC_aN5.js                              0.21 kB │ gzip:     0.19 kB │ map:      0.90 kB
out/renderer/assets/corner-left-down-CCELwBTz.js                         0.21 kB │ gzip:     0.19 kB │ map:      0.93 kB
out/renderer/assets/equal-BXQfPpkI.js                                    0.21 kB │ gzip:     0.18 kB │ map:      0.95 kB
out/renderer/assets/flag-triangle-left-Dp2I8hBK.js                       0.21 kB │ gzip:     0.20 kB │ map:      0.89 kB
out/renderer/assets/flag-triangle-right-Bh6ycQlo.js                      0.21 kB │ gzip:     0.20 kB │ map:      0.89 kB
out/renderer/assets/redo-BgMWFkhv.js                                     0.21 kB │ gzip:     0.19 kB │ map:      0.86 kB
out/renderer/assets/tv-minimal-DZeAYdWG.js                               0.21 kB │ gzip:     0.20 kB │ map:      0.95 kB
out/renderer/assets/copyleft-B-pbZPnD.js                                 0.22 kB │ gzip:     0.20 kB │ map:      0.91 kB
out/renderer/assets/info-BbcYq7St.js                                     0.22 kB │ gzip:     0.18 kB │ map:      0.97 kB
out/renderer/assets/menu-vHMiKu2C.js                                     0.22 kB │ gzip:     0.17 kB │ map:      0.93 kB
out/renderer/assets/panel-right-B9yRZiG2.js                              0.22 kB │ gzip:     0.20 kB │ map:      0.95 kB
out/renderer/assets/square-minus-DQWwCkkl.js                             0.22 kB │ gzip:     0.20 kB │ map:      0.96 kB
out/renderer/assets/circle-slash-9RZRNVTT.js                             0.22 kB │ gzip:     0.19 kB │ map:      0.97 kB
out/renderer/assets/diff-CnfX8IWX.js                                     0.22 kB │ gzip:     0.18 kB │ map:      0.93 kB
out/renderer/assets/kanban-IuJDPC7Z.js                                   0.22 kB │ gzip:     0.18 kB │ map:      0.94 kB
out/renderer/assets/panel-bottom-Bq1m79zi.js                             0.22 kB │ gzip:     0.20 kB │ map:      0.96 kB
out/renderer/assets/triangle-right-DE5NX7Ol.js                           0.22 kB │ gzip:     0.20 kB │ map:      0.89 kB
out/renderer/assets/copyright-D-fSq7ER.js                                0.22 kB │ gzip:     0.20 kB │ map:      0.92 kB
out/renderer/assets/line-dot-right-horizontal-Bn_24HTL.js                0.22 kB │ gzip:     0.20 kB │ map:      1.00 kB
out/renderer/assets/lock-CTfP7LbQ.js                                     0.22 kB │ gzip:     0.20 kB │ map:      0.95 kB
out/renderer/assets/tally-3-DpwQo4BC.js                                  0.22 kB │ gzip:     0.18 kB │ map:      0.94 kB
out/renderer/assets/underline-CfZSYwJw.js                                0.22 kB │ gzip:     0.20 kB │ map:      0.93 kB
out/renderer/assets/arrow-up-to-line-BPyjeMwI.js                         0.22 kB │ gzip:     0.18 kB │ map:      1.00 kB
out/renderer/assets/battery-BihuDRS_.js                                  0.22 kB │ gzip:     0.20 kB │ map:      0.94 kB
out/renderer/assets/circle-parking-Bicm-Csy.js                           0.22 kB │ gzip:     0.20 kB │ map:      0.95 kB
out/renderer/assets/circle-plus-ivIXNvba.js                              0.22 kB │ gzip:     0.18 kB │ map:      1.00 kB
out/renderer/assets/circle-x-ZdHg4veg.js                                 0.22 kB │ gzip:     0.18 kB │ map:      0.99 kB
out/renderer/assets/cylinder-BjV23Gz_.js                                 0.22 kB │ gzip:     0.20 kB │ map:      0.93 kB
out/renderer/assets/heading-C737LEHK.js                                  0.22 kB │ gzip:     0.18 kB │ map:      0.94 kB
out/renderer/assets/redo-2-Bul929zJ.js                                   0.22 kB │ gzip:     0.19 kB │ map:      0.89 kB
out/renderer/assets/square-slash-aUT86aIs.js                             0.22 kB │ gzip:     0.20 kB │ map:      1.02 kB
out/renderer/assets/code-xml-h9i0hVlp.js                                 0.22 kB │ gzip:     0.18 kB │ map:      0.97 kB
out/renderer/assets/dice-1-D9iQAOqS.js                                   0.22 kB │ gzip:     0.20 kB │ map:      0.95 kB
out/renderer/assets/undo-2-D3szeLF_.js                                   0.22 kB │ gzip:     0.18 kB │ map:      0.89 kB
out/renderer/assets/arrow-down-to-line-AE6wnX-E.js                       0.22 kB │ gzip:     0.19 kB │ map:      1.01 kB
out/renderer/assets/arrow-up-from-line-DSWkt7lx.js                       0.22 kB │ gzip:     0.18 kB │ map:      1.01 kB
out/renderer/assets/book-gAzMTRwO.js                                     0.22 kB │ gzip:     0.19 kB │ map:      0.84 kB
out/renderer/assets/arrow-left-from-line-eJkgsb4f.js                     0.22 kB │ gzip:     0.19 kB │ map:      1.02 kB
out/renderer/assets/square-check-CmO71YyX.js                             0.22 kB │ gzip:     0.20 kB │ map:      0.97 kB
out/renderer/assets/arrow-right-to-line-BAr405bO.js                      0.22 kB │ gzip:     0.19 kB │ map:      1.02 kB
out/renderer/assets/pause-PZCqA1BD.js                                    0.22 kB │ gzip:     0.17 kB │ map:      1.00 kB
out/renderer/assets/user-DwTTdfPA.js                                     0.22 kB │ gzip:     0.20 kB │ map:      0.90 kB
out/renderer/assets/line-squiggle-DSA0vKOi.js                            0.22 kB │ gzip:     0.21 kB │ map:      0.89 kB
out/renderer/assets/at-sign-Bd4na0Pg.js                                  0.23 kB │ gzip:     0.21 kB │ map:      0.92 kB
out/renderer/assets/flame-D0qPF3Y0.js                                    0.23 kB │ gzip:     0.20 kB │ map:      0.85 kB
out/renderer/assets/slice-CJFC9tV7.js                                    0.23 kB │ gzip:     0.20 kB │ map:      0.85 kB
out/renderer/assets/square-dot-tzxPg0gt.js                               0.23 kB │ gzip:     0.20 kB │ map:      0.99 kB
out/renderer/assets/swiss-franc-Cftf8AMI.js                              0.23 kB │ gzip:     0.20 kB │ map:      0.97 kB
out/renderer/assets/text-align-end-Cv8D6r0A.js                           0.23 kB │ gzip:     0.19 kB │ map:      0.98 kB
out/renderer/assets/toggle-left-BUnt_3dJ.js                              0.23 kB │ gzip:     0.21 kB │ map:      0.99 kB
out/renderer/assets/torus-B_Cd4pes.js                                    0.23 kB │ gzip:     0.18 kB │ map:      0.96 kB
out/renderer/assets/x-line-top-DiL6VGfo.js                               0.23 kB │ gzip:     0.19 kB │ map:      0.96 kB
out/renderer/assets/baseline-CUt1lSoj.js                                 0.23 kB │ gzip:     0.19 kB │ map:      0.96 kB
out/renderer/assets/git-commit-vertical-DEFxhd6I.js                      0.23 kB │ gzip:     0.19 kB │ map:      1.05 kB
out/renderer/assets/square-chevron-up-BWm8PpXZ.js                        0.23 kB │ gzip:     0.21 kB │ map:      1.00 kB
out/renderer/assets/venus-Df_qGJGw.js                                    0.23 kB │ gzip:     0.20 kB │ map:      0.97 kB
out/renderer/assets/zodiac-aries-DGspZRlm.js                             0.23 kB │ gzip:     0.20 kB │ map:      0.92 kB
out/renderer/assets/rotate-cw-BWV54eyk.js                                0.23 kB │ gzip:     0.21 kB │ map:      0.90 kB
out/renderer/assets/signal-medium-D2UtY00T.js                            0.23 kB │ gzip:     0.19 kB │ map:      0.98 kB
out/renderer/assets/square-radical-BRw7Qa9y.js                           0.23 kB │ gzip:     0.21 kB │ map:      0.98 kB
out/renderer/assets/text-align-start-BVpCx3H8.js                         0.23 kB │ gzip:     0.19 kB │ map:      1.00 kB
out/renderer/assets/toggle-right-YvjCCCyl.js                             0.23 kB │ gzip:     0.20 kB │ map:      1.00 kB
out/renderer/assets/moon-K40YUYVg.js                                     0.23 kB │ gzip:     0.21 kB │ map:      0.86 kB
out/renderer/assets/text-align-center-g_nZI45a.js                        0.23 kB │ gzip:     0.19 kB │ map:      1.00 kB
out/renderer/assets/check-line-Bg4sJL7V.js                               0.23 kB │ gzip:     0.19 kB │ map:      0.97 kB
out/renderer/assets/square-chevron-down-CxaEgK-_.js                      0.23 kB │ gzip:     0.21 kB │ map:      1.01 kB
out/renderer/assets/square-chevron-left-Babc17f-.js                      0.23 kB │ gzip:     0.21 kB │ map:      1.01 kB
out/renderer/assets/square-chevron-right-TAQ8F7Hl.js                     0.23 kB │ gzip:     0.21 kB │ map:      1.01 kB
out/renderer/assets/text-align-justify-Bnh92ajZ.js                       0.23 kB │ gzip:     0.18 kB │ map:      1.01 kB
out/renderer/assets/chart-no-axes-gantt-Cgn5zSpZ.js                      0.23 kB │ gzip:     0.20 kB │ map:      1.01 kB
out/renderer/assets/move-diagonal-BRzjzDF0.js                            0.23 kB │ gzip:     0.20 kB │ map:      0.99 kB
out/renderer/assets/chart-no-axes-column-DjLrvRkH.js                     0.23 kB │ gzip:     0.19 kB │ map:      1.02 kB
out/renderer/assets/radical-BFtVPLKI.js                                  0.23 kB │ gzip:     0.21 kB │ map:      0.87 kB
out/renderer/assets/credit-card-BZhJydty.js                              0.23 kB │ gzip:     0.21 kB │ map:      1.01 kB
out/renderer/assets/move-diagonal-2-CtAWST1b.js                          0.23 kB │ gzip:     0.19 kB │ map:      1.00 kB
out/renderer/assets/zodiac-sagittarius-B5uxJDEu.js                       0.23 kB │ gzip:     0.20 kB │ map:      1.01 kB
out/renderer/assets/arrow-left-to-line-G1b0PF14.js                       0.23 kB │ gzip:     0.20 kB │ map:      1.01 kB
out/renderer/assets/move-vertical-DYtSnaMa.js                            0.23 kB │ gzip:     0.19 kB │ map:      0.99 kB
out/renderer/assets/square-sigma-DsHA-ncK.js                             0.23 kB │ gzip:     0.22 kB │ map:      0.98 kB
out/renderer/assets/cone-BxAM0RcI.js                                     0.24 kB │ gzip:     0.21 kB │ map:      0.93 kB
out/renderer/assets/mars-CYF-EDOx.js                                     0.24 kB │ gzip:     0.21 kB │ map:      0.98 kB
out/renderer/assets/rectangle-circle-CGGyres1.js                         0.24 kB │ gzip:     0.21 kB │ map:      0.97 kB
out/renderer/assets/spell-check-C0v20Z5c.js                              0.24 kB │ gzip:     0.20 kB │ map:      0.98 kB
out/renderer/assets/square-parking-ukZfQTyl.js                           0.24 kB │ gzip:     0.22 kB │ map:      0.99 kB
out/renderer/assets/arrow-down-from-line-B_fhRKRA.js                     0.24 kB │ gzip:     0.20 kB │ map:      1.03 kB
out/renderer/assets/circle-equal-BRtaK0cC.js                             0.24 kB │ gzip:     0.19 kB │ map:      1.01 kB
out/renderer/assets/e2eStoreBridgeBootstrap-BP8qoRS4.js                  0.24 kB │ gzip:     0.18 kB │ map:      1.43 kB
out/renderer/assets/lock-open-CRI3gWXM.js                                0.24 kB │ gzip:     0.21 kB │ map:      0.98 kB
out/renderer/assets/move-horizontal-FPRAj1Pt.js                          0.24 kB │ gzip:     0.20 kB │ map:      1.01 kB
out/renderer/assets/square-activity-ChEA7Tv0.js                          0.24 kB │ gzip:     0.21 kB │ map:      1.00 kB
out/renderer/assets/ellipsis-B47s49FE.js                                 0.24 kB │ gzip:     0.17 kB │ map:      1.07 kB
out/renderer/assets/target-DoM2BG7O.js                                   0.24 kB │ gzip:     0.17 kB │ map:      1.06 kB
out/renderer/assets/arrow-right-from-line-C6MgsGdf.js                    0.24 kB │ gzip:     0.20 kB │ map:      1.03 kB
out/renderer/assets/droplet-CyaHE3gT.js                                  0.24 kB │ gzip:     0.21 kB │ map:      0.87 kB
out/renderer/assets/ratio-Dofk4xNA.js                                    0.24 kB │ gzip:     0.19 kB │ map:      1.00 kB
out/renderer/assets/ungroup-BPwzIhwg.js                                  0.24 kB │ gzip:     0.19 kB │ map:      1.01 kB
out/renderer/assets/asterisk-BH89zm5m.js                                 0.24 kB │ gzip:     0.20 kB │ map:      0.97 kB
out/renderer/assets/folder-DZzcFJcR.js                                   0.24 kB │ gzip:     0.20 kB │ map:      0.88 kB
out/renderer/assets/git-merge-hLTkct5F.js                                0.24 kB │ gzip:     0.19 kB │ map:      1.05 kB
out/renderer/assets/mail-D_Oeq_YX.js                                     0.24 kB │ gzip:     0.22 kB │ map:      0.95 kB
out/renderer/assets/panels-top-left-BJEvH3_T.js                          0.24 kB │ gzip:     0.20 kB │ map:      1.07 kB
out/renderer/assets/pill-D3tdjqlZ.js                                     0.24 kB │ gzip:     0.20 kB │ map:      0.91 kB
out/renderer/assets/tablet-Dt6gIvXv.js                                   0.24 kB │ gzip:     0.21 kB │ map:      1.01 kB
out/renderer/assets/appUsageChartPalette-DWqLtuTK.js                     0.24 kB │ gzip:     0.13 kB │ map:      0.81 kB
out/renderer/assets/git-branch-B4ePLROA.js                               0.24 kB │ gzip:     0.20 kB │ map:      1.05 kB
out/renderer/assets/separator-vertical-D6JufYDg.js                       0.24 kB │ gzip:     0.20 kB │ map:      1.02 kB
out/renderer/assets/share-ux-DHLma.js                                    0.24 kB │ gzip:     0.19 kB │ map:      0.97 kB
out/renderer/assets/captions-DOlUsvDS.js                                 0.24 kB │ gzip:     0.21 kB │ map:      0.98 kB
out/renderer/assets/library-D5itLVWw.js                                  0.24 kB │ gzip:     0.19 kB │ map:      1.04 kB
out/renderer/assets/log-out-BqVXPDKj.js                                  0.24 kB │ gzip:     0.19 kB │ map:      0.98 kB
out/renderer/assets/pilcrow-CR7x7zfK.js                                  0.24 kB │ gzip:     0.20 kB │ map:      0.97 kB
out/renderer/assets/sigma-Lsq3uuS3.js                                    0.24 kB │ gzip:     0.21 kB │ map:      0.87 kB
out/renderer/assets/upload-CA1no6zL.js                                   0.24 kB │ gzip:     0.20 kB │ map:      0.98 kB
out/renderer/assets/flask-round-Cjgbwm-5.js                              0.24 kB │ gzip:     0.21 kB │ map:      0.99 kB
out/renderer/assets/log-in-BVqUX1s2.js                                   0.24 kB │ gzip:     0.19 kB │ map:      0.98 kB
out/renderer/assets/separator-horizontal-Dskau5p1.js                     0.24 kB │ gzip:     0.21 kB │ map:      1.04 kB
out/renderer/assets/square-stop-jvGtUOiu.js                              0.24 kB │ gzip:     0.20 kB │ map:      1.04 kB
out/renderer/assets/table-2-k1Jzcxjm.js                                  0.24 kB │ gzip:     0.20 kB │ map:      0.88 kB
out/renderer/assets/album-CcsdnX8q.js                                    0.24 kB │ gzip:     0.21 kB │ map:      0.97 kB
out/renderer/assets/chart-no-axes-column-decreasing-CosEH4w4.js          0.24 kB │ gzip:     0.20 kB │ map:      1.08 kB
out/renderer/assets/chart-no-axes-column-increasing-_EdkuqBp.js          0.24 kB │ gzip:     0.21 kB │ map:      1.08 kB
out/renderer/assets/chart-spline-DNKISvgb.js                             0.24 kB │ gzip:     0.21 kB │ map:      0.93 kB
out/renderer/assets/disc-2-Wqr52_kc.js                                   0.24 kB │ gzip:     0.19 kB │ map:      1.02 kB
out/renderer/assets/download-MpBzpCFc.js                                 0.24 kB │ gzip:     0.20 kB │ map:      0.99 kB
out/renderer/assets/laptop-minimal-6oVTqHHL.js                           0.24 kB │ gzip:     0.21 kB │ map:      1.05 kB
out/renderer/assets/square-square-rrTLes1X.js                            0.24 kB │ gzip:     0.19 kB │ map:      1.05 kB
out/renderer/assets/turkish-lira-Cau7Pcjl.js                             0.24 kB │ gzip:     0.21 kB │ map:      1.00 kB
out/renderer/assets/arrow-up-from-dot-D4mXrt5a.js                        0.24 kB │ gzip:     0.21 kB │ map:      1.05 kB
out/renderer/assets/dock-BnG7UX3j.js                                     0.24 kB │ gzip:     0.21 kB │ map:      1.01 kB
out/renderer/assets/message-square-DH5kfs_w.js                           0.24 kB │ gzip:     0.21 kB │ map:      0.93 kB
out/renderer/assets/paperclip-C7dw1DGr.js                                0.24 kB │ gzip:     0.21 kB │ map:      0.90 kB
out/renderer/assets/activity-Db4dBnhS.js                                 0.25 kB │ gzip:     0.21 kB │ map:      0.90 kB
out/renderer/assets/arrow-down-to-dot-D-vqreHh.js                        0.25 kB │ gzip:     0.21 kB │ map:      1.05 kB
out/renderer/assets/circle-arrow-down-BuzQ9Dyg.js                        0.25 kB │ gzip:     0.20 kB │ map:      1.05 kB
out/renderer/assets/circle-arrow-up-BRd2AOFi.js                          0.25 kB │ gzip:     0.20 kB │ map:      1.04 kB
out/renderer/assets/dollar-sign-Cm7UrTPT.js                              0.25 kB │ gzip:     0.21 kB │ map:      0.97 kB
out/renderer/assets/music-Ddmfywyi.js                                    0.25 kB │ gzip:     0.20 kB │ map:      1.02 kB
out/renderer/assets/panel-left-open-CKri1QW8.js                          0.25 kB │ gzip:     0.21 kB │ map:      1.08 kB
out/renderer/assets/presentation-D1Ioq_-g.js                             0.25 kB │ gzip:     0.20 kB │ map:      1.02 kB
out/renderer/assets/audio-waveform-BrqmiA4b.js                           0.25 kB │ gzip:     0.19 kB │ map:      0.92 kB
out/renderer/assets/brackets-8noEpXDc.js                                 0.25 kB │ gzip:     0.20 kB │ map:      0.92 kB
out/renderer/assets/briefcase-0gB03uPa.js                                0.25 kB │ gzip:     0.22 kB │ map:      0.98 kB
out/renderer/assets/circle-arrow-left-lmmlvXEF.js                        0.25 kB │ gzip:     0.20 kB │ map:      1.05 kB
out/renderer/assets/cloud-lightning-BOP9wpmX.js                          0.25 kB │ gzip:     0.22 kB │ map:      0.95 kB
out/renderer/assets/rows-3-DBuvFu9_.js                                   0.25 kB │ gzip:     0.21 kB │ map:      1.02 kB
out/renderer/assets/search-check-aZlgb6-S.js                             0.25 kB │ gzip:     0.21 kB │ map:      1.03 kB
out/renderer/assets/search-slash-CZDwAbxR.js                             0.25 kB │ gzip:     0.21 kB │ map:      1.03 kB
out/renderer/assets/type-BwLxyBVv.js                                     0.25 kB │ gzip:     0.20 kB │ map:      0.96 kB
out/renderer/assets/circle-arrow-right-B1ap6rrT.js                       0.25 kB │ gzip:     0.21 kB │ map:      1.06 kB
out/renderer/assets/copy-Icy4Yt41.js                                     0.25 kB │ gzip:     0.21 kB │ map:      0.98 kB
out/renderer/assets/highlighter-DfN7nbtt.js                              0.25 kB │ gzip:     0.21 kB │ map:      0.93 kB
out/renderer/assets/panel-left-close-D-3xg20N.js                         0.25 kB │ gzip:     0.21 kB │ map:      1.09 kB
out/renderer/assets/panel-right-close-XxjpVVVT.js                        0.25 kB │ gzip:     0.21 kB │ map:      1.09 kB
out/renderer/assets/square-code-D7wxhEOk.js                              0.25 kB │ gzip:     0.21 kB │ map:      1.07 kB
out/renderer/assets/utils-B3tFOJzn.js                                    0.25 kB │ gzip:     0.19 kB │ map:      1.01 kB
out/renderer/assets/grid-2x2-Ckn53jMb.js                                 0.25 kB │ gzip:     0.21 kB │ map:      1.03 kB
out/renderer/assets/history-CD2Q13Nz.js                                  0.25 kB │ gzip:     0.20 kB │ map:      0.99 kB
out/renderer/assets/japanese-yen-BcONtttk.js                             0.25 kB │ gzip:     0.21 kB │ map:      1.00 kB
out/renderer/assets/panel-right-open-IH-qEGG1.js                         0.25 kB │ gzip:     0.21 kB │ map:      1.09 kB
out/renderer/assets/smartphone-charging-OCiK9UMo.js                      0.25 kB │ gzip:     0.22 kB │ map:      1.04 kB
out/renderer/assets/stretch-vertical-BJlCljB4.js                         0.25 kB │ gzip:     0.19 kB │ map:      1.07 kB
out/renderer/assets/columns-3-DRfdZ4Mv.js                                0.25 kB │ gzip:     0.21 kB │ map:      1.04 kB
out/renderer/assets/maximize-2-Bz-1RDm0.js                               0.25 kB │ gzip:     0.19 kB │ map:      1.06 kB
out/renderer/assets/reply-all-CiAsGo8r.js                                0.25 kB │ gzip:     0.20 kB │ map:      0.99 kB
out/renderer/assets/zodiac-ophiuchus-DxyDhnMh.js                         0.25 kB │ gzip:     0.21 kB │ map:      0.96 kB
out/renderer/assets/beaker-BqV2zvBq.js                                   0.25 kB │ gzip:     0.20 kB │ map:      0.97 kB
out/renderer/assets/cloud-check-Bj9K3QJq.js                              0.25 kB │ gzip:     0.22 kB │ map:      0.94 kB
out/renderer/assets/globe-check-CXpeFTBD.js                              0.25 kB │ gzip:     0.21 kB │ map:      0.95 kB
out/renderer/assets/rss-B-u9zHTI.js                                      0.25 kB │ gzip:     0.21 kB │ map:      0.99 kB
out/renderer/assets/square-plus-l8-h5SN-.js                              0.25 kB │ gzip:     0.21 kB │ map:      1.05 kB
out/renderer/assets/stretch-horizontal-BQglHdnA.js                       0.25 kB │ gzip:     0.19 kB │ map:      1.08 kB
out/renderer/assets/touchpad-Dmn_6x3p.js                                 0.25 kB │ gzip:     0.21 kB │ map:      1.04 kB
out/renderer/assets/minimize-2-D_zPZ7--.js                               0.25 kB │ gzip:     0.19 kB │ map:      1.07 kB
out/renderer/assets/undo-dot-C6-E7MBW.js                                 0.25 kB │ gzip:     0.22 kB │ map:      1.01 kB
out/renderer/assets/bluetooth-off-1yBooAXB.js                            0.25 kB │ gzip:     0.21 kB │ map:      1.01 kB
out/renderer/assets/circle-arrow-out-up-left-C4j7vMcy.js                 0.25 kB │ gzip:     0.21 kB │ map:      1.06 kB
out/renderer/assets/lens-concave-CQhRQK1p.js                             0.25 kB │ gzip:     0.20 kB │ map:      0.91 kB
out/renderer/assets/merge-CBi6GgoS.js                                    0.25 kB │ gzip:     0.21 kB │ map:      0.97 kB
out/renderer/assets/message-circle-DeoqDsll.js                           0.25 kB │ gzip:     0.22 kB │ map:      0.94 kB
out/renderer/assets/spline-DxyUf2bh.js                                   0.25 kB │ gzip:     0.21 kB │ map:      1.03 kB
out/renderer/assets/airplay-BWxeuVDw.js                                  0.25 kB │ gzip:     0.21 kB │ map:      0.95 kB
out/renderer/assets/battery-low-DeYy361K.js                              0.25 kB │ gzip:     0.21 kB │ map:      1.05 kB
out/renderer/assets/globe-BVAByKr-.js                                    0.25 kB │ gzip:     0.20 kB │ map:      1.01 kB
out/renderer/assets/square-equal-C9VQhK7j.js                             0.25 kB │ gzip:     0.21 kB │ map:      1.06 kB
out/renderer/assets/square-terminal-C6j0a2o7.js                          0.25 kB │ gzip:     0.21 kB │ map:      1.11 kB
out/renderer/assets/zodiac-pisces-VzN0Uo6t.js                            0.25 kB │ gzip:     0.20 kB │ map:      1.01 kB
out/renderer/assets/database-JwnGwaq0.js                                 0.25 kB │ gzip:     0.21 kB │ map:      1.05 kB
out/renderer/assets/square-round-corner-C5RQzZM8.js                      0.25 kB │ gzip:     0.21 kB │ map:      0.98 kB
out/renderer/assets/tally-4-zDX8esq1.js                                  0.25 kB │ gzip:     0.18 kB │ map:      1.04 kB
out/renderer/assets/square-check-big-C0uj6JVM.js                         0.26 kB │ gzip:     0.22 kB │ map:      0.98 kB
out/renderer/assets/user-round-minus-CIigVCfu.js                         0.26 kB │ gzip:     0.22 kB │ map:      1.05 kB
out/renderer/assets/bookmark-Cl8IFmYm.js                                 0.26 kB │ gzip:     0.22 kB │ map:      0.90 kB
out/renderer/assets/circle-arrow-out-up-right-56ZRTHRY.js                0.26 kB │ gzip:     0.21 kB │ map:      1.07 kB
out/renderer/assets/circle-power-CF8dNtla.js                             0.26 kB │ gzip:     0.22 kB │ map:      1.04 kB
out/renderer/assets/clock-check-Bk_w2mS4.js                              0.26 kB │ gzip:     0.21 kB │ map:      1.00 kB
out/renderer/assets/dice-2-CVudBIv8.js                                   0.26 kB │ gzip:     0.21 kB │ map:      1.04 kB
out/renderer/assets/gallery-vertical-B8LCqOHN.js                         0.26 kB │ gzip:     0.22 kB │ map:      1.08 kB
out/renderer/assets/omega-Dg6RP1oN.js                                    0.26 kB │ gzip:     0.22 kB │ map:      0.88 kB
out/renderer/assets/section-4UPG9Wz_.js                                  0.26 kB │ gzip:     0.20 kB │ map:      0.92 kB
out/renderer/assets/vote-DTfTrEcw.js                                     0.26 kB │ gzip:     0.22 kB │ map:      0.97 kB
out/renderer/assets/wallet-minimal-OAVqXep3.js                           0.26 kB │ gzip:     0.21 kB │ map:      0.99 kB
out/renderer/assets/circle-pause-DnVEI18T.js                             0.26 kB │ gzip:     0.19 kB │ map:      1.13 kB
out/renderer/assets/divide-Bw5zoUXD.js                                   0.26 kB │ gzip:     0.21 kB │ map:      1.08 kB
out/renderer/assets/gallery-horizontal-gtIicIuD.js                       0.26 kB │ gzip:     0.22 kB │ map:      1.09 kB
out/renderer/assets/rainbow-CtgLgOC4.js                                  0.26 kB │ gzip:     0.20 kB │ map:      0.99 kB
out/renderer/assets/square-x-Cn1hHiPC.js                                 0.26 kB │ gzip:     0.22 kB │ map:      1.06 kB
out/renderer/assets/text-quote-DPOoB2cl.js                               0.26 kB │ gzip:     0.20 kB │ map:      1.06 kB
out/renderer/assets/zodiac-leo-D4RCoyb-.js                               0.26 kB │ gzip:     0.23 kB │ map:      0.98 kB
out/renderer/assets/circle-arrow-out-down-left-B2h5Tq3a.js               0.26 kB │ gzip:     0.22 kB │ map:      1.08 kB
out/renderer/assets/club-BFU_vQQJ.js                                     0.26 kB │ gzip:     0.21 kB │ map:      0.94 kB
out/renderer/assets/door-closed-BXzZ3_fd.js                              0.26 kB │ gzip:     0.21 kB │ map:      1.00 kB
out/renderer/assets/hdmi-port-CI6zplhw.js                                0.26 kB │ gzip:     0.21 kB │ map:      0.96 kB
out/renderer/assets/hexagon-dpaMDmYa.js                                  0.26 kB │ gzip:     0.20 kB │ map:      0.89 kB
out/renderer/assets/panels-left-bottom-Awx3qV5l.js                       0.26 kB │ gzip:     0.22 kB │ map:      1.09 kB
out/renderer/assets/philippine-peso-CnyHWW8y.js                          0.26 kB │ gzip:     0.21 kB │ map:      1.03 kB
out/renderer/assets/wifi-high-C7IO2IiV.js                                0.26 kB │ gzip:     0.21 kB │ map:      1.00 kB
out/renderer/assets/arrow-right-left-DrJzBW2J.js                         0.26 kB │ gzip:     0.20 kB │ map:      1.11 kB
out/renderer/assets/circle-question-mark-Cr6fBxWE.js                     0.26 kB │ gzip:     0.22 kB │ map:      1.09 kB
out/renderer/assets/ear-CrBO3OQ0.js                                      0.26 kB │ gzip:     0.21 kB │ map:      0.91 kB
out/renderer/assets/equal-approximately-Bresr8NE.js                      0.26 kB │ gzip:     0.19 kB │ map:      0.99 kB
out/renderer/assets/gallery-vertical-end-BfUzZwwG.js                     0.26 kB │ gzip:     0.22 kB │ map:      1.10 kB
out/renderer/assets/goal-Doj4InyT.js                                     0.26 kB │ gzip:     0.22 kB │ map:      0.99 kB
out/renderer/assets/list-minus-B2UphhAv.js                               0.26 kB │ gzip:     0.20 kB │ map:      1.06 kB
out/renderer/assets/video-DdiVhkT_.js                                    0.26 kB │ gzip:     0.23 kB │ map:      1.02 kB
out/renderer/assets/zoom-out-CIaWnLLx.js                                 0.26 kB │ gzip:     0.20 kB │ map:      1.11 kB
out/renderer/assets/heading-1-Od3Z75d1.js                                0.26 kB │ gzip:     0.20 kB │ map:      1.06 kB
out/renderer/assets/mountain-snow-DTwxh92I.js                            0.26 kB │ gzip:     0.23 kB │ map:      0.97 kB
out/renderer/assets/panel-top-close-BJTwMuJ8.js                          0.26 kB │ gzip:     0.22 kB │ map:      1.08 kB
out/renderer/assets/panel-top-open-R1O_dI1l.js                           0.26 kB │ gzip:     0.22 kB │ map:      1.08 kB
out/renderer/assets/panels-right-bottom-BBMWYrr0.js                      0.26 kB │ gzip:     0.22 kB │ map:      1.10 kB
out/renderer/assets/user-round-check-d8tLrdoL.js                         0.26 kB │ gzip:     0.23 kB │ map:      1.06 kB
out/renderer/assets/voicemail-BY3C0iNr.js                                0.26 kB │ gzip:     0.20 kB │ map:      1.09 kB
out/renderer/assets/circle-alert-BbS0aMIC.js                             0.26 kB │ gzip:     0.19 kB │ map:      1.14 kB
out/renderer/assets/ellipsis-vertical-ClYaJxPv.js                        0.26 kB │ gzip:     0.19 kB │ map:      1.12 kB
out/renderer/assets/mic-Df456UQ-.js                                      0.26 kB │ gzip:     0.22 kB │ map:      1.02 kB
out/renderer/assets/mirror-rectangular-hxU1ydWh.js                       0.26 kB │ gzip:     0.22 kB │ map:      1.10 kB
out/renderer/assets/pen-uX30BscI.js                                      0.26 kB │ gzip:     0.22 kB │ map:      0.88 kB
out/renderer/assets/book-minus-C1pMCGan.js                               0.26 kB │ gzip:     0.22 kB │ map:      0.97 kB
out/renderer/assets/chart-column-D7Wy7kWg.js                             0.26 kB │ gzip:     0.20 kB │ map:      1.09 kB
out/renderer/assets/circle-arrow-out-down-right-C5_697-e.js              0.26 kB │ gzip:     0.21 kB │ map:      1.09 kB
out/renderer/assets/cloud-upload-DEsDO5RQ.js                             0.26 kB │ gzip:     0.22 kB │ map:      1.03 kB
out/renderer/assets/external-link-BBLuTIHj.js                            0.26 kB │ gzip:     0.21 kB │ map:      1.03 kB
out/renderer/assets/gallery-horizontal-end-BvXcEFHU.js                   0.26 kB │ gzip:     0.23 kB │ map:      1.12 kB
out/renderer/assets/mouse-pointer-2-Ctkg6Ozf.js                          0.26 kB │ gzip:     0.22 kB │ map:      0.95 kB
out/renderer/assets/pi-CQbUy-gp.js                                       0.26 kB │ gzip:     0.22 kB │ map:      1.01 kB
out/renderer/assets/signal-high-Cp8LrbEi.js                              0.26 kB │ gzip:     0.20 kB │ map:      1.07 kB
out/renderer/assets/square-arrow-down-fPzD_JKQ.js                        0.26 kB │ gzip:     0.22 kB │ map:      1.09 kB
out/renderer/assets/square-arrow-up-Dq9QDTrR.js                          0.26 kB │ gzip:     0.22 kB │ map:      1.08 kB
out/renderer/assets/annoyed-BRYQKGeq.js                                  0.26 kB │ gzip:     0.20 kB │ map:      1.08 kB
out/renderer/assets/circle-gauge-C7qr4S_F.js                             0.26 kB │ gzip:     0.22 kB │ map:      1.04 kB
out/renderer/assets/headphones-Dn-OGehQ.js                               0.26 kB │ gzip:     0.20 kB │ map:      0.91 kB
out/renderer/assets/panel-bottom-open-CFzECvvH.js                        0.26 kB │ gzip:     0.22 kB │ map:      1.10 kB
out/renderer/assets/settings-2-DnGCDSeh.js                               0.26 kB │ gzip:     0.20 kB │ map:      1.13 kB
out/renderer/assets/skip-back-DiFTysTd.js                                0.26 kB │ gzip:     0.23 kB │ map:      0.97 kB
out/renderer/assets/skip-forward-BD0CXHdD.js                             0.26 kB │ gzip:     0.22 kB │ map:      0.98 kB
out/renderer/assets/square-arrow-left-D3awJXlW.js                        0.26 kB │ gzip:     0.22 kB │ map:      1.10 kB
out/renderer/assets/square-arrow-up-right-Cv0Lf_Z6.js                    0.26 kB │ gzip:     0.22 kB │ map:      1.11 kB
out/renderer/assets/zodiac-libra-BzEJY_OS.js                             0.26 kB │ gzip:     0.23 kB │ map:      0.98 kB
out/renderer/assets/archive-DY-d_XF2.js                                  0.26 kB │ gzip:     0.22 kB │ map:      1.06 kB
out/renderer/assets/disc-album-CWz8VMpM.js                               0.26 kB │ gzip:     0.22 kB │ map:      1.09 kB
out/renderer/assets/list-check-CJv63iSF.js                               0.26 kB │ gzip:     0.21 kB │ map:      1.07 kB
out/renderer/assets/panel-bottom-close-1lhZ02Xg.js                       0.26 kB │ gzip:     0.22 kB │ map:      1.10 kB
out/renderer/assets/shell-CtPXF1jS.js                                    0.26 kB │ gzip:     0.21 kB │ map:      0.89 kB
out/renderer/assets/square-arrow-right-DpNqXoGr.js                       0.26 kB │ gzip:     0.22 kB │ map:      1.10 kB
out/renderer/assets/square-arrow-up-left-DhRWV7Kb.js                     0.26 kB │ gzip:     0.22 kB │ map:      1.11 kB
out/renderer/assets/step-back-B5-Fqg5F.js                                0.26 kB │ gzip:     0.23 kB │ map:      0.97 kB
out/renderer/assets/step-forward-Wkf5xqfl.js                             0.26 kB │ gzip:     0.22 kB │ map:      0.99 kB
out/renderer/assets/timer-DpbYJ4RV.js                                    0.26 kB │ gzip:     0.20 kB │ map:      1.09 kB
out/renderer/assets/ampersand-Cgy_rOVn.js                                0.27 kB │ gzip:     0.22 kB │ map:      0.97 kB
out/renderer/assets/bed-_6Qzia9U.js                                      0.27 kB │ gzip:     0.21 kB │ map:      1.03 kB
out/renderer/assets/git-commit-horizontal-CujJcx8Z.js                    0.27 kB │ gzip:     0.20 kB │ map:      1.19 kB
out/renderer/assets/route-BWLcJkYE.js                                    0.27 kB │ gzip:     0.21 kB │ map:      1.05 kB
out/renderer/assets/square-arrow-down-right-BaUEQyfB.js                  0.27 kB │ gzip:     0.22 kB │ map:      1.12 kB
out/renderer/assets/align-vertical-space-around-Cqrc_Dqi.js              0.27 kB │ gzip:     0.22 kB │ map:      1.14 kB
out/renderer/assets/cloudy-CZug-YVJ.js                                   0.27 kB │ gzip:     0.23 kB │ map:      0.93 kB
out/renderer/assets/laptop-minimal-check-BC8XHDWz.js                     0.27 kB │ gzip:     0.23 kB │ map:      1.11 kB
out/renderer/assets/lock-keyhole-Bdcgj0t4.js                             0.27 kB │ gzip:     0.23 kB │ map:      1.12 kB
out/renderer/assets/redo-dot-fNo6i-2b.js                                 0.27 kB │ gzip:     0.22 kB │ map:      1.02 kB
out/renderer/assets/square-arrow-down-left-ChLVRQAH.js                   0.27 kB │ gzip:     0.23 kB │ map:      1.12 kB
out/renderer/assets/text-wrap-D2t55spL.js                                0.27 kB │ gzip:     0.20 kB │ map:      1.08 kB
out/renderer/assets/circle-play-D-2ZpDa8.js                              0.27 kB │ gzip:     0.22 kB │ map:      1.03 kB
out/renderer/assets/eye-BkCGSRrz.js                                      0.27 kB │ gzip:     0.21 kB │ map:      0.99 kB
out/renderer/assets/popsicle-oA3c2_WN.js                                 0.27 kB │ gzip:     0.23 kB │ map:      0.97 kB
out/renderer/assets/proportions-BHMfmiOG.js                              0.27 kB │ gzip:     0.22 kB │ map:      1.07 kB
out/renderer/assets/table-Cmx-N5SQ.js                                    0.27 kB │ gzip:     0.21 kB │ map:      1.12 kB
out/renderer/assets/align-horizontal-space-around-BfFudDZU.js            0.27 kB │ gzip:     0.23 kB │ map:      1.16 kB
out/renderer/assets/link-2-Bm71zB8I.js                                   0.27 kB │ gzip:     0.22 kB │ map:      1.03 kB
out/renderer/assets/percent-D0BY9xY8.js                                  0.27 kB │ gzip:     0.21 kB │ map:      1.09 kB
out/renderer/assets/app-window-6vB5Sit-.js                               0.27 kB │ gzip:     0.21 kB │ map:      1.14 kB
out/renderer/assets/book-check-BGfwNTnP.js                               0.27 kB │ gzip:     0.22 kB │ map:      0.98 kB
out/renderer/assets/chunk-426QAEUC-c6D4_fNJ.js                           0.27 kB │ gzip:     0.23 kB │ map:      1.07 kB
out/renderer/assets/cloud-fog-C2n70Qcm.js                                0.27 kB │ gzip:     0.22 kB │ map:      1.00 kB
out/renderer/assets/move-3d-B4m7-yT1.js                                  0.27 kB │ gzip:     0.21 kB │ map:      1.06 kB
out/renderer/assets/user-check-icUiCL5o.js                               0.27 kB │ gzip:     0.22 kB │ map:      1.04 kB
out/renderer/assets/anchor-BLsX0K8_.js                                   0.27 kB │ gzip:     0.22 kB │ map:      1.10 kB
out/renderer/assets/diamond-DyVw-QSz.js                                  0.27 kB │ gzip:     0.20 kB │ map:      0.91 kB
out/renderer/assets/italic-C4MEa5ik.js                                   0.27 kB │ gzip:     0.20 kB │ map:      1.12 kB
out/renderer/assets/lasso-BMpGdiFy.js                                    0.27 kB │ gzip:     0.23 kB │ map:      1.02 kB
out/renderer/assets/monitor-b5ld2N4z.js                                  0.27 kB │ gzip:     0.21 kB │ map:      1.15 kB
out/renderer/assets/arrow-down-up-B-eOFa1n.js                            0.27 kB │ gzip:     0.21 kB │ map:      1.09 kB
out/renderer/assets/arrow-up-down-C2q5g163.js                            0.27 kB │ gzip:     0.21 kB │ map:      1.09 kB
out/renderer/assets/banknote-D1oO4fAQ.js                                 0.27 kB │ gzip:     0.23 kB │ map:      1.09 kB
out/renderer/assets/bluetooth-searching-BnDFBVxo.js                      0.27 kB │ gzip:     0.23 kB │ map:      1.06 kB
out/renderer/assets/chart-bar-DIyNH4kA.js                                0.27 kB │ gzip:     0.21 kB │ map:      1.07 kB
out/renderer/assets/vibrate-CV9-dMn3.js                                  0.27 kB │ gzip:     0.22 kB │ map:      1.06 kB
out/renderer/assets/cloud-download-ej_nYd1q.js                           0.27 kB │ gzip:     0.22 kB │ map:      1.05 kB
out/renderer/assets/equal-not-BrPklEuZ.js                                0.27 kB │ gzip:     0.20 kB │ map:      1.13 kB
out/renderer/assets/square-kanban-l9dLGC9l.js                            0.27 kB │ gzip:     0.22 kB │ map:      1.16 kB
out/renderer/assets/square-power-CtUU27C8.js                             0.27 kB │ gzip:     0.23 kB │ map:      1.08 kB
out/renderer/assets/wind-W3Bsr5Cv.js                                     0.27 kB │ gzip:     0.21 kB │ map:      0.99 kB
out/renderer/assets/book-marked-1nZAJJM5.js                              0.27 kB │ gzip:     0.23 kB │ map:      0.99 kB
out/renderer/assets/clock-alert-BB3AXvob.js                              0.27 kB │ gzip:     0.21 kB │ map:      1.10 kB
out/renderer/assets/import-Cb0HcdE9.js                                   0.27 kB │ gzip:     0.20 kB │ map:      1.04 kB
out/renderer/assets/non-binary-DWP2Mp1n.js                               0.27 kB │ gzip:     0.22 kB │ map:      1.10 kB
out/renderer/assets/picture-in-picture-2-D81xz9tD.js                     0.27 kB │ gzip:     0.23 kB │ map:      1.06 kB
out/renderer/assets/strikethrough--HXPVa_V.js                            0.27 kB │ gzip:     0.23 kB │ map:      1.08 kB
out/renderer/assets/arrow-left-right-DNfHXHFL.js                         0.27 kB │ gzip:     0.22 kB │ map:      1.11 kB
out/renderer/assets/chart-gantt-J_wuflcG.js                              0.27 kB │ gzip:     0.21 kB │ map:      1.08 kB
out/renderer/assets/circle-dollar-sign-B0fHGkfa.js                       0.27 kB │ gzip:     0.22 kB │ map:      1.08 kB
out/renderer/assets/cloud-alert-NsG50_RA.js                              0.27 kB │ gzip:     0.23 kB │ map:      1.02 kB
out/renderer/assets/mouse-left-CykuUn7Y.js                               0.27 kB │ gzip:     0.23 kB │ map:      1.04 kB
out/renderer/assets/circle-off-CNkXCekb.js                               0.28 kB │ gzip:     0.22 kB │ map:      1.02 kB
out/renderer/assets/donut-DqmJOvKH.js                                    0.28 kB │ gzip:     0.23 kB │ map:      0.99 kB
out/renderer/assets/list-indent-decrease-C3eT5U-x.js                     0.28 kB │ gzip:     0.20 kB │ map:      1.13 kB
out/renderer/assets/list-indent-increase-CMs6CwMp.js                     0.28 kB │ gzip:     0.20 kB │ map:      1.13 kB
out/renderer/assets/tent-DNqELrF0.js                                     0.28 kB │ gzip:     0.20 kB │ map:      1.05 kB
out/renderer/assets/test-tube-BOkCBw5Q.js                                0.28 kB │ gzip:     0.22 kB │ map:      1.01 kB
out/renderer/assets/grid-2x2-check-CUZFQUFR.js                           0.28 kB │ gzip:     0.22 kB │ map:      1.01 kB
out/renderer/assets/pentagon-6JRmE6x8.js                                 0.28 kB │ gzip:     0.22 kB │ map:      0.92 kB
out/renderer/assets/trending-up-down-D13-cPzI.js                         0.28 kB │ gzip:     0.21 kB │ map:      1.13 kB
out/renderer/assets/triangle-alert-CRHvZNql.js                           0.28 kB │ gzip:     0.22 kB │ map:      1.09 kB
out/renderer/assets/workflow-CjRG-SO4.js                                 0.28 kB │ gzip:     0.21 kB │ map:      1.14 kB
out/renderer/assets/blocks-DpFYFHY4.js                                   0.28 kB │ gzip:     0.22 kB │ map:      1.04 kB
out/renderer/assets/compass-6dI-8VhN.js                                  0.28 kB │ gzip:     0.23 kB │ map:      1.00 kB
out/renderer/assets/lens-convex-BdYZGWUl.js                              0.28 kB │ gzip:     0.22 kB │ map:      0.93 kB
out/renderer/assets/sword-BHvJ1HpX.js                                    0.28 kB │ gzip:     0.22 kB │ map:      1.06 kB
out/renderer/assets/circle-percent-BsvUqjHs.js                           0.28 kB │ gzip:     0.22 kB │ map:      1.13 kB
out/renderer/assets/lollipop-Vuco3FbR.js                                 0.28 kB │ gzip:     0.23 kB │ map:      1.04 kB
out/renderer/assets/mouse-right-DcX-363x.js                              0.28 kB │ gzip:     0.24 kB │ map:      1.05 kB
out/renderer/assets/trash-1dkpyggY.js                                    0.28 kB │ gzip:     0.21 kB │ map:      1.00 kB
out/renderer/assets/webcam-CW0VpPlM.js                                   0.28 kB │ gzip:     0.21 kB │ map:      1.12 kB
out/renderer/assets/circle-user-round-BuLclsRI.js                        0.28 kB │ gzip:     0.23 kB │ map:      1.11 kB
out/renderer/assets/mars-stroke-i3XaMyJM.js                              0.28 kB │ gzip:     0.23 kB │ map:      1.11 kB
out/renderer/assets/search-alert-Cf57HxXt.js                             0.28 kB │ gzip:     0.22 kB │ map:      1.12 kB
out/renderer/assets/squares-unite-l5Yq10BN.js                            0.28 kB │ gzip:     0.21 kB │ map:      0.94 kB
out/renderer/assets/ticket-minus-C9C8LebA.js                             0.28 kB │ gzip:     0.22 kB │ map:      1.00 kB
out/renderer/assets/users-round-wXaEtKjg.js                              0.28 kB │ gzip:     0.24 kB │ map:      1.05 kB
out/renderer/assets/flag-C5BceD2p.js                                     0.28 kB │ gzip:     0.23 kB │ map:      0.90 kB
out/renderer/assets/globe-x-D7pHSfBC.js                                  0.28 kB │ gzip:     0.22 kB │ map:      1.02 kB
out/renderer/assets/image-DpmaRG-6.js                                    0.28 kB │ gzip:     0.23 kB │ map:      1.11 kB
out/renderer/assets/pound-sterling-BPYT_Tyq.js                           0.28 kB │ gzip:     0.22 kB │ map:      1.11 kB
out/renderer/assets/circle-ellipsis-CEPiL8GT.js                          0.28 kB │ gzip:     0.21 kB │ map:      1.14 kB
out/renderer/assets/file-BiMmh1sY.js                                     0.28 kB │ gzip:     0.22 kB │ map:      0.98 kB
out/renderer/assets/fishing-rod-Iqbc9Ock.js                              0.28 kB │ gzip:     0.23 kB │ map:      1.05 kB
out/renderer/assets/text-cursor-dt4F0HAk.js                              0.28 kB │ gzip:     0.21 kB │ map:      1.03 kB
out/renderer/assets/chart-bar-decreasing-BUF8Q_QW.js                     0.28 kB │ gzip:     0.22 kB │ map:      1.14 kB
out/renderer/assets/chart-bar-increasing-DzRntQG2.js                     0.28 kB │ gzip:     0.22 kB │ map:      1.14 kB
out/renderer/assets/clipboard-p1ktcvsB.js                                0.28 kB │ gzip:     0.23 kB │ map:      1.06 kB
out/renderer/assets/funnel-0vN7tP2t.js                                   0.28 kB │ gzip:     0.23 kB │ map:      0.91 kB
out/renderer/assets/georgian-lari-DbqW2Gko.js                            0.28 kB │ gzip:     0.22 kB │ map:      1.10 kB
out/renderer/assets/link-C1eEYiSr.js                                     0.28 kB │ gzip:     0.22 kB │ map:      0.93 kB
out/renderer/assets/square-m-LRtZ1tk7.js                                 0.28 kB │ gzip:     0.24 kB │ map:      1.04 kB
out/renderer/assets/square-user-round-RhfrkGXa.js                        0.28 kB │ gzip:     0.24 kB │ map:      1.14 kB
out/renderer/assets/user-minus-j6-UHJ4b.js                               0.28 kB │ gzip:     0.23 kB │ map:      1.09 kB
out/renderer/assets/waves-vertical-DR5KeISF.js                           0.28 kB │ gzip:     0.19 kB │ map:      1.05 kB
out/renderer/assets/calendar-BYdU3eNP.js                                 0.28 kB │ gzip:     0.22 kB │ map:      1.13 kB
out/renderer/assets/person-standing-2dVH17TO.js                          0.28 kB │ gzip:     0.23 kB │ map:      1.14 kB
out/renderer/assets/search-x-g0m-igN2.js                                 0.28 kB │ gzip:     0.22 kB │ map:      1.11 kB
out/renderer/assets/bluetooth-connected-C1xrAL4v.js                      0.28 kB │ gzip:     0.23 kB │ map:      1.16 kB
out/renderer/assets/grid-3x2-sFim9vlb.js                                 0.28 kB │ gzip:     0.22 kB │ map:      1.13 kB
out/renderer/assets/heart-C2naZo1b.js                                    0.28 kB │ gzip:     0.24 kB │ map:      0.91 kB
out/renderer/assets/pc-case-C8Iun2h5.js                                  0.28 kB │ gzip:     0.22 kB │ map:      1.13 kB
out/renderer/assets/pyramid-DJgqw-K1.js                                  0.28 kB │ gzip:     0.23 kB │ map:      0.98 kB
out/renderer/assets/rectangle-goggles-B9eo2S4t.js                        0.28 kB │ gzip:     0.23 kB │ map:      0.97 kB
out/renderer/assets/repeat-2-DXS87Jy3.js                                 0.28 kB │ gzip:     0.21 kB │ map:      1.10 kB
out/renderer/assets/waves-horizontal-CMlHrgdv.js                         0.28 kB │ gzip:     0.20 kB │ map:      1.06 kB
out/renderer/assets/zodiac-capricorn-nVhg-yM-.js                         0.28 kB │ gzip:     0.23 kB │ map:      1.09 kB
out/renderer/assets/heading-2-Q8n2c-Wx.js                                0.29 kB │ gzip:     0.22 kB │ map:      1.08 kB
out/renderer/assets/map-pin-gqVhe96T.js                                  0.29 kB │ gzip:     0.24 kB │ map:      1.01 kB
out/renderer/assets/martini-Cvavbz8d.js                                  0.29 kB │ gzip:     0.22 kB │ map:      1.04 kB
out/renderer/assets/music-4-5dpPY4WW.js                                  0.29 kB │ gzip:     0.22 kB │ map:      1.13 kB
out/renderer/assets/refrigerator-CZFIjdf7.js                             0.29 kB │ gzip:     0.22 kB │ map:      1.05 kB
out/renderer/assets/split-BssXzyb6.js                                    0.29 kB │ gzip:     0.22 kB │ map:      1.06 kB
out/renderer/assets/square-arrow-out-up-left-CFkaWUgg.js                 0.29 kB │ gzip:     0.22 kB │ map:      1.09 kB
out/renderer/assets/ticket-check-Bb97pTgA.js                             0.29 kB │ gzip:     0.22 kB │ map:      1.01 kB
out/renderer/assets/ticket-slash-CXxo5TJ2.js                             0.29 kB │ gzip:     0.22 kB │ map:      1.01 kB
out/renderer/assets/align-end-vertical-B7reEJWo.js                       0.29 kB │ gzip:     0.22 kB │ map:      1.18 kB
out/renderer/assets/circle-user-BnJNEjw4.js                              0.29 kB │ gzip:     0.22 kB │ map:      1.09 kB
out/renderer/assets/euro-DoTbegPG.js                                     0.29 kB │ gzip:     0.23 kB │ map:      1.03 kB
out/renderer/assets/map-pin-minus-inside-BUY4Ii0h.js                     0.29 kB │ gzip:     0.24 kB │ map:      1.05 kB
out/renderer/assets/weight-DO2gQunS.js                                   0.29 kB │ gzip:     0.24 kB │ map:      1.01 kB
out/renderer/assets/align-start-vertical-C478M55y.js                     0.29 kB │ gzip:     0.22 kB │ map:      1.19 kB
out/renderer/assets/bed-single-CVJcVYpw.js                               0.29 kB │ gzip:     0.22 kB │ map:      1.03 kB
out/renderer/assets/handbag-COGEh3vZ.js                                  0.29 kB │ gzip:     0.23 kB │ map:      0.99 kB
out/renderer/assets/pencil-C2fKaBIz.js                                   0.29 kB │ gzip:     0.23 kB │ map:      0.99 kB
out/renderer/assets/rows-4-BFkvRqsI.js                                   0.29 kB │ gzip:     0.22 kB │ map:      1.12 kB
out/renderer/assets/square-arrow-out-up-right-Bxw4nS6s.js                0.29 kB │ gzip:     0.23 kB │ map:      1.10 kB
out/renderer/assets/utensils-BmgIMNq-.js                                 0.29 kB │ gzip:     0.23 kB │ map:      1.02 kB
out/renderer/assets/align-end-horizontal-BhOts6vN.js                     0.29 kB │ gzip:     0.23 kB │ map:      1.19 kB
out/renderer/assets/chart-column-decreasing-CGO3oAMQ.js                  0.29 kB │ gzip:     0.22 kB │ map:      1.16 kB
out/renderer/assets/chart-column-increasing-DzD9uqON.js                  0.29 kB │ gzip:     0.22 kB │ map:      1.16 kB
out/renderer/assets/ghost-DmhpVVS2.js                                    0.29 kB │ gzip:     0.22 kB │ map:      1.04 kB
out/renderer/assets/lock-keyhole-open-BIOtdXRD.js                        0.29 kB │ gzip:     0.24 kB │ map:      1.15 kB
out/renderer/assets/navigation-off-DHVYKMvr.js                           0.29 kB │ gzip:     0.24 kB │ map:      1.10 kB
out/renderer/assets/square-menu-Bc5rWJ87.js                              0.29 kB │ gzip:     0.22 kB │ map:      1.15 kB
out/renderer/assets/tree-deciduous-LCEnOEiM.js                           0.29 kB │ gzip:     0.24 kB │ map:      1.02 kB
out/renderer/assets/vegan-DXS9m9cl.js                                    0.29 kB │ gzip:     0.23 kB │ map:      1.01 kB
out/renderer/assets/zap-X9PfEtbm.js                                      0.29 kB │ gzip:     0.23 kB │ map:      0.90 kB
out/renderer/assets/align-start-horizontal-DeCzCnL1.js                   0.29 kB │ gzip:     0.22 kB │ map:      1.20 kB
out/renderer/assets/closed-caption-DNIWEz8b.js                           0.29 kB │ gzip:     0.23 kB │ map:      1.11 kB
out/renderer/assets/navigation-2-off-C0bTqXYh.js                         0.29 kB │ gzip:     0.24 kB │ map:      1.10 kB
out/renderer/assets/square-arrow-out-down-left-B9LdVJbM.js               0.29 kB │ gzip:     0.23 kB │ map:      1.11 kB
out/renderer/assets/square-pause-CmB0hTJ7.js                             0.29 kB │ gzip:     0.22 kB │ map:      1.18 kB
out/renderer/assets/test-tube-diagonal-Bx5TGDt5.js                       0.29 kB │ gzip:     0.23 kB │ map:      1.09 kB
out/renderer/assets/book-open-TrUr8jxQ.js                                0.29 kB │ gzip:     0.21 kB │ map:      1.01 kB
out/renderer/assets/columns-4-UUgjR4AV.js                                0.29 kB │ gzip:     0.22 kB │ map:      1.14 kB
out/renderer/assets/key--uQV6pE3.js                                      0.29 kB │ gzip:     0.24 kB │ map:      1.03 kB
out/renderer/assets/list-checks-02amg4Ut.js                              0.29 kB │ gzip:     0.19 kB │ map:      1.18 kB
out/renderer/assets/tablets-BKqbOLhW.js                                  0.29 kB │ gzip:     0.22 kB │ map:      1.14 kB
out/renderer/assets/barcode-Ct4fwbww.js                                  0.29 kB │ gzip:     0.19 kB │ map:      1.14 kB
out/renderer/assets/case-lower-DH_k46aJ.js                               0.29 kB │ gzip:     0.22 kB │ map:      1.15 kB
out/renderer/assets/leaf-jXX0p9jR.js                                     0.29 kB │ gzip:     0.25 kB │ map:      0.98 kB
out/renderer/assets/user-round-plus-BYHz-4-T.js                          0.29 kB │ gzip:     0.23 kB │ map:      1.15 kB
out/renderer/assets/user-round-x-C0scu7NF.js                             0.29 kB │ gzip:     0.23 kB │ map:      1.13 kB
out/renderer/assets/house-Dmoo5qCL.js                                    0.29 kB │ gzip:     0.22 kB │ map:      1.00 kB
out/renderer/assets/map-pin-check-inside-BZmtLxMc.js                     0.29 kB │ gzip:     0.24 kB │ map:      1.05 kB
out/renderer/assets/radio-receiver-BsDgrZyi.js                           0.29 kB │ gzip:     0.23 kB │ map:      1.17 kB
out/renderer/assets/square-arrow-right-enter-CqnrISiw.js                 0.29 kB │ gzip:     0.22 kB │ map:      1.15 kB
out/renderer/assets/square-dashed-bottom-nPbMoAQB.js                     0.29 kB │ gzip:     0.22 kB │ map:      1.10 kB
out/renderer/assets/tornado-BMX6kUJ2.js                                  0.29 kB │ gzip:     0.21 kB │ map:      1.14 kB
out/renderer/assets/eraser-C-UEiLl9.js                                   0.29 kB │ gzip:     0.23 kB │ map:      1.00 kB
out/renderer/assets/square-arrow-out-down-right-asnHaKot.js              0.29 kB │ gzip:     0.23 kB │ map:      1.12 kB
out/renderer/assets/square-chart-gantt-Dzt_HVVI.js                       0.29 kB │ gzip:     0.23 kB │ map:      1.19 kB
out/renderer/assets/square-library-LQAZOWuI.js                           0.29 kB │ gzip:     0.23 kB │ map:      1.17 kB
out/renderer/assets/table-properties-8ky-XaVQ.js                         0.29 kB │ gzip:     0.23 kB │ map:      1.18 kB
out/renderer/assets/tally-5--79OD4HM.js                                  0.29 kB │ gzip:     0.20 kB │ map:      1.14 kB
out/renderer/assets/app-window-mac-bSED1ksz.js                           0.29 kB │ gzip:     0.22 kB │ map:      1.17 kB
out/renderer/assets/axis-3d-Db-hBvwn.js                                  0.29 kB │ gzip:     0.23 kB │ map:      1.09 kB
out/renderer/assets/badge-DiI5LQD6.js                                    0.29 kB │ gzip:     0.21 kB │ map:      0.92 kB
out/renderer/assets/battery-medium-C2g7YPjn.js                           0.29 kB │ gzip:     0.22 kB │ map:      1.17 kB
out/renderer/assets/between-vertical-end-CNztEORl.js                     0.29 kB │ gzip:     0.22 kB │ map:      1.20 kB
out/renderer/assets/list-plus-BDDQSj0L.js                                0.29 kB │ gzip:     0.21 kB │ map:      1.15 kB
out/renderer/assets/signal-DjZoP9f8.js                                   0.29 kB │ gzip:     0.21 kB │ map:      1.14 kB
out/renderer/assets/table-cells-split-B1OuEyhB.js                        0.29 kB │ gzip:     0.23 kB │ map:      1.19 kB
out/renderer/assets/align-vertical-justify-end-Bg8Bvosi.js               0.30 kB │ gzip:     0.23 kB │ map:      1.22 kB
out/renderer/assets/dice-3-s9FFONy_.js                                   0.30 kB │ gzip:     0.23 kB │ map:      1.15 kB
out/renderer/assets/ice-cream-cone-DXnyes1x.js                           0.30 kB │ gzip:     0.23 kB │ map:      1.06 kB
out/renderer/assets/monitor-check-dWR9WjBb.js                            0.30 kB │ gzip:     0.24 kB │ map:      1.17 kB
out/renderer/assets/scroll-DN3eoH57.js                                   0.30 kB │ gzip:     0.23 kB │ map:      0.99 kB
out/renderer/assets/square-percent-CyimcKUh.js                           0.30 kB │ gzip:     0.23 kB │ map:      1.17 kB
out/renderer/assets/square-user-D3qfj8i_.js                              0.30 kB │ gzip:     0.24 kB │ map:      1.12 kB
out/renderer/assets/timer-reset-dm1OBdRt.js                              0.30 kB │ gzip:     0.23 kB │ map:      1.10 kB
out/renderer/assets/align-vertical-justify-start-CL_86tQl.js             0.30 kB │ gzip:     0.23 kB │ map:      1.24 kB
out/renderer/assets/balloon-DQyOPsal.js                                  0.30 kB │ gzip:     0.22 kB │ map:      1.03 kB
out/renderer/assets/between-vertical-start-4ymYYNwy.js                   0.30 kB │ gzip:     0.23 kB │ map:      1.21 kB
out/renderer/assets/book-text-DotgRDTS.js                                0.30 kB │ gzip:     0.23 kB │ map:      1.06 kB
out/renderer/assets/circle-pound-sterling-zZMhc9yZ.js                    0.30 kB │ gzip:     0.23 kB │ map:      1.18 kB
out/renderer/assets/folder-minus-Djvn9lpS.js                             0.30 kB │ gzip:     0.23 kB │ map:      1.02 kB
out/renderer/assets/rotate-cw-square-qNyESBt9.js                         0.30 kB │ gzip:     0.23 kB │ map:      1.07 kB
out/renderer/assets/signpost-big-DRnsnBTT.js                             0.30 kB │ gzip:     0.23 kB │ map:      1.11 kB
out/renderer/assets/align-horizontal-justify-end-BYeNAxhj.js             0.30 kB │ gzip:     0.23 kB │ map:      1.24 kB
out/renderer/assets/between-horizontal-end-B_eYZfhY.js                   0.30 kB │ gzip:     0.23 kB │ map:      1.21 kB
out/renderer/assets/between-horizontal-start-i5gIvxXM.js                 0.30 kB │ gzip:     0.23 kB │ map:      1.22 kB
out/renderer/assets/book-plus-C9b0PL4E.js                                0.30 kB │ gzip:     0.23 kB │ map:      1.06 kB
out/renderer/assets/chart-bar-big-BvEhM04E.js                            0.30 kB │ gzip:     0.23 kB │ map:      1.16 kB
out/renderer/assets/inbox-Cp0zn8YL.js                                    0.30 kB │ gzip:     0.23 kB │ map:      1.00 kB
out/renderer/assets/lightbulb-A3uY4IK2.js                                0.30 kB │ gzip:     0.23 kB │ map:      1.08 kB
out/renderer/assets/plug-C7fdO4aU.js                                     0.30 kB │ gzip:     0.21 kB │ map:      1.10 kB
out/renderer/assets/align-horizontal-justify-start-1AWK-Uhl.js           0.30 kB │ gzip:     0.23 kB │ map:      1.25 kB
out/renderer/assets/align-vertical-justify-center-CA2F_QPK.js            0.30 kB │ gzip:     0.23 kB │ map:      1.24 kB
out/renderer/assets/folder-closed-C8AqH7Tm.js                            0.30 kB │ gzip:     0.23 kB │ map:      1.03 kB
out/renderer/assets/list-filter-plus-BTeTEMLk.js                         0.30 kB │ gzip:     0.22 kB │ map:      1.19 kB
out/renderer/assets/repeat-ChIXKTzA.js                                   0.30 kB │ gzip:     0.22 kB │ map:      1.09 kB
out/renderer/assets/rotate-ccw-square-_XS1skNK.js                        0.30 kB │ gzip:     0.23 kB │ map:      1.08 kB
out/renderer/assets/search-code-BNeBh22n.js                              0.30 kB │ gzip:     0.24 kB │ map:      1.14 kB
out/renderer/assets/shield-DwmI9hfm.js                                   0.30 kB │ gzip:     0.24 kB │ map:      0.93 kB
out/renderer/assets/square-asterisk-wqaZXiIo.js                          0.30 kB │ gzip:     0.23 kB │ map:      1.18 kB
out/renderer/assets/square-play-DxCjrnJ1.js                              0.30 kB │ gzip:     0.24 kB │ map:      1.07 kB
out/renderer/assets/bookmark-minus-NUngK_3Q.js                           0.30 kB │ gzip:     0.24 kB │ map:      1.03 kB
out/renderer/assets/chart-column-big-CGhMCryK.js                         0.30 kB │ gzip:     0.23 kB │ map:      1.18 kB
out/renderer/assets/chart-pie-Bwsrce_O.js                                0.30 kB │ gzip:     0.24 kB │ map:      1.01 kB
out/renderer/assets/clock-plus-DCKSQdJG.js                               0.30 kB │ gzip:     0.23 kB │ map:      1.10 kB
out/renderer/assets/git-branch-minus-m8Xw7diy.js                         0.30 kB │ gzip:     0.23 kB │ map:      1.19 kB
out/renderer/assets/speaker-DrLLriMF.js                                  0.30 kB │ gzip:     0.23 kB │ map:      1.17 kB
out/renderer/assets/align-horizontal-justify-center-DZOZZtz_.js          0.30 kB │ gzip:     0.23 kB │ map:      1.26 kB
out/renderer/assets/award-dMbuAn8d.js                                    0.30 kB │ gzip:     0.24 kB │ map:      1.02 kB
out/renderer/assets/message-circle-check-kRxeDiNE.js                     0.30 kB │ gzip:     0.24 kB │ map:      1.08 kB
out/renderer/assets/path-DEIznv8P.js                                     0.30 kB │ gzip:     0.22 kB │ map:      1.03 kB
out/renderer/assets/square-function-VlRHWiFi.js                          0.30 kB │ gzip:     0.24 kB │ map:      1.14 kB
out/renderer/assets/square-pi-CXWxi8zR.js                                0.30 kB │ gzip:     0.23 kB │ map:      1.15 kB
out/renderer/assets/umbrella-DOdjXgnc.js                                 0.30 kB │ gzip:     0.23 kB │ map:      1.07 kB
out/renderer/assets/book-alert-DHHBC-Ig.js                               0.30 kB │ gzip:     0.23 kB │ map:      1.07 kB
out/renderer/assets/book-x-BhKNM_h9.js                                   0.30 kB │ gzip:     0.23 kB │ map:      1.05 kB
out/renderer/assets/list-x-DbOMpox3.js                                   0.30 kB │ gzip:     0.21 kB │ map:      1.15 kB
out/renderer/assets/message-square-dot-CRN8v2hi.js                       0.30 kB │ gzip:     0.25 kB │ map:      1.08 kB
out/renderer/assets/rectangle-ellipsis-B3eENHlq.js                       0.30 kB │ gzip:     0.22 kB │ map:      1.20 kB
out/renderer/assets/send-DyfPPg0L.js                                     0.30 kB │ gzip:     0.24 kB │ map:      1.00 kB
out/renderer/assets/book-up-D16Y_i5H.js                                  0.30 kB │ gzip:     0.24 kB │ map:      1.06 kB
out/renderer/assets/folder-check-CpDhQHdf.js                             0.30 kB │ gzip:     0.23 kB │ map:      1.03 kB
out/renderer/assets/bolt-CfrhveQ9.js                                     0.30 kB │ gzip:     0.23 kB │ map:      1.01 kB
out/renderer/assets/clock-arrow-down-CnO2m_K5.js                         0.30 kB │ gzip:     0.23 kB │ map:      1.14 kB
out/renderer/assets/folder-open-BImMBN1d.js                              0.30 kB │ gzip:     0.23 kB │ map:      0.97 kB
out/renderer/assets/pen-line-BubXRNWl.js                                 0.30 kB │ gzip:     0.24 kB │ map:      1.00 kB
out/renderer/assets/a-arrow-up-ChQa_kwH.js                               0.30 kB │ gzip:     0.24 kB │ map:      1.11 kB
out/renderer/assets/astroid-BjCDcwKI.js                                  0.30 kB │ gzip:     0.20 kB │ map:      0.95 kB
out/renderer/assets/bomb-n75oaMho.js                                     0.30 kB │ gzip:     0.24 kB │ map:      1.08 kB
out/renderer/assets/book-a-Bw047PMP.js                                   0.30 kB │ gzip:     0.24 kB │ map:      1.06 kB
out/renderer/assets/book-down-BOhSaVOl.js                                0.30 kB │ gzip:     0.24 kB │ map:      1.07 kB
out/renderer/assets/bookmark-check-p7EOSXhV.js                           0.30 kB │ gzip:     0.24 kB │ map:      1.04 kB
out/renderer/assets/mail-minus-ClaSZzDF.js                               0.30 kB │ gzip:     0.24 kB │ map:      1.05 kB
out/renderer/assets/maximize-CCb6tmJR.js                                 0.30 kB │ gzip:     0.21 kB │ map:      1.12 kB
out/renderer/assets/scale-3d-Cp2qluBp.js                                 0.30 kB │ gzip:     0.23 kB │ map:      1.15 kB
out/renderer/assets/volume-o3038Fuy.js                                   0.30 kB │ gzip:     0.24 kB │ map:      0.93 kB
out/renderer/assets/zodiac-gemini-DM0ayI2a.js                            0.30 kB │ gzip:     0.22 kB │ map:      1.13 kB
out/renderer/assets/braces-DVQlzqJZ.js                                   0.31 kB │ gzip:     0.23 kB │ map:      1.01 kB
out/renderer/assets/decimals-arrow-left-NA-ZPuYj.js                      0.31 kB │ gzip:     0.24 kB │ map:      1.21 kB
out/renderer/assets/lamp-floor-rqWIseoQ.js                               0.31 kB │ gzip:     0.24 kB │ map:      1.08 kB
out/renderer/assets/math-Ck3Jqyun.js                                     0.31 kB │ gzip:     0.20 kB │ map:      1.01 kB
out/renderer/assets/message-square-check-BS8xbZLT.js                     0.31 kB │ gzip:     0.24 kB │ map:      1.07 kB
out/renderer/assets/power-off-DzGx6xka.js                                0.31 kB │ gzip:     0.24 kB │ map:      1.10 kB
out/renderer/assets/user-search-DJ9Bb3Ob.js                              0.31 kB │ gzip:     0.24 kB │ map:      1.17 kB
out/renderer/assets/a-arrow-down-gDJ_Wk9f.js                             0.31 kB │ gzip:     0.24 kB │ map:      1.12 kB
out/renderer/assets/cloud-rain-BZ93VEZ4.js                               0.31 kB │ gzip:     0.23 kB │ map:      1.11 kB
out/renderer/assets/list-music-BrwCHwVS.js                               0.31 kB │ gzip:     0.23 kB │ map:      1.20 kB
out/renderer/assets/sticky-note-D2-soTKD.js                              0.31 kB │ gzip:     0.23 kB │ map:      1.02 kB
out/renderer/assets/wifi-CxREWZf-.js                                     0.31 kB │ gzip:     0.23 kB │ map:      1.08 kB
out/renderer/assets/clock-arrow-up-GqcfSgyC.js                           0.31 kB │ gzip:     0.24 kB │ map:      1.13 kB
out/renderer/assets/grid-2x2-plus-C-EJqCOl.js                            0.31 kB │ gzip:     0.23 kB │ map:      1.09 kB
out/renderer/assets/grid-2x2-x-DZIDAATL.js                               0.31 kB │ gzip:     0.23 kB │ map:      1.08 kB
out/renderer/assets/hash-D2xBwM_d.js                                     0.31 kB │ gzip:     0.20 kB │ map:      1.26 kB
out/renderer/assets/list-tree-DCUbP2cf.js                                0.31 kB │ gzip:     0.21 kB │ map:      1.18 kB
out/renderer/assets/rewind-BoE3hs7p.js                                   0.31 kB │ gzip:     0.21 kB │ map:      1.00 kB
out/renderer/assets/wind-arrow-down-CAlWtAOA.js                          0.31 kB │ gzip:     0.23 kB │ map:      1.14 kB
out/renderer/assets/drumstick-CDXErM9H.js                                0.31 kB │ gzip:     0.25 kB │ map:      1.03 kB
out/renderer/assets/form-MatToS5l.js                                     0.31 kB │ gzip:     0.22 kB │ map:      1.19 kB
out/renderer/assets/plug-2-DM3VifnM.js                                   0.31 kB │ gzip:     0.23 kB │ map:      1.15 kB
out/renderer/assets/square-split-vertical-DDwdEQ0T.js                    0.31 kB │ gzip:     0.25 kB │ map:      1.15 kB
out/renderer/assets/tablet-smartphone-BMR6x34B.js                        0.31 kB │ gzip:     0.25 kB │ map:      1.14 kB
out/renderer/assets/archive-x-BQt-ptij.js                                0.31 kB │ gzip:     0.23 kB │ map:      1.18 kB
out/renderer/assets/arrow-big-down-D3wLJ0pC.js                           0.31 kB │ gzip:     0.23 kB │ map:      0.98 kB
out/renderer/assets/arrow-big-up-gDoD7xTW.js                             0.31 kB │ gzip:     0.23 kB │ map:      0.97 kB
out/renderer/assets/folder-bookmark-CxHZrRmu.js                          0.31 kB │ gzip:     0.24 kB │ map:      1.05 kB
out/renderer/assets/folder-symlink-C04w9apU.js                           0.31 kB │ gzip:     0.23 kB │ map:      1.06 kB
out/renderer/assets/heading-4-CGYbA869.js                                0.31 kB │ gzip:     0.22 kB │ map:      1.17 kB
out/renderer/assets/wine-D0FpOlRz.js                                     0.31 kB │ gzip:     0.23 kB │ map:      1.10 kB
out/renderer/assets/arrow-up-narrow-wide-D1jOJ5j0.js                     0.31 kB │ gzip:     0.22 kB │ map:      1.22 kB
out/renderer/assets/arrow-up-wide-narrow-DWSyeRrS.js                     0.31 kB │ gzip:     0.22 kB │ map:      1.22 kB
out/renderer/assets/folder-dot-CvKs-o4c.js                               0.31 kB │ gzip:     0.25 kB │ map:      1.05 kB
out/renderer/assets/mail-check-C9uOnr3Q.js                               0.31 kB │ gzip:     0.24 kB │ map:      1.05 kB
out/renderer/assets/square-split-horizontal-DtkmBOEW.js                  0.31 kB │ gzip:     0.26 kB │ map:      1.16 kB
out/renderer/assets/arrow-down-narrow-wide-Dk8Uqe0C.js                   0.31 kB │ gzip:     0.22 kB │ map:      1.23 kB
out/renderer/assets/arrow-down-wide-narrow-CQXzo_Dv.js                   0.31 kB │ gzip:     0.22 kB │ map:      1.23 kB
out/renderer/assets/coins-CoLUKc3N.js                                    0.31 kB │ gzip:     0.24 kB │ map:      1.12 kB
out/renderer/assets/copy-check-BPGFhFKH.js                               0.31 kB │ gzip:     0.25 kB │ map:      1.12 kB
out/renderer/assets/diamond-minus-DfhtI1Vi.js                            0.31 kB │ gzip:     0.23 kB │ map:      1.04 kB
out/renderer/assets/fast-forward-CDbUiNJh.js                             0.31 kB │ gzip:     0.21 kB │ map:      1.03 kB
out/renderer/assets/git-compare-C6xOr3nV.js                              0.31 kB │ gzip:     0.23 kB │ map:      1.18 kB
out/renderer/assets/glass-water-R35H6qV0.js                              0.31 kB │ gzip:     0.24 kB │ map:      1.03 kB
out/renderer/assets/ligature-D1UA2vuJ.js                                 0.31 kB │ gzip:     0.22 kB │ map:      1.17 kB
out/renderer/assets/list-collapse-DC0KGGf7.js                            0.31 kB │ gzip:     0.21 kB │ map:      1.19 kB
out/renderer/assets/list-todo-Bpi9AiLP.js                                0.31 kB │ gzip:     0.23 kB │ map:      1.24 kB
out/renderer/assets/remove-formatting-CWrQ9Iag.js                        0.31 kB │ gzip:     0.23 kB │ map:      1.21 kB
out/renderer/assets/satellite-dish-CLAxPLb-.js                           0.31 kB │ gzip:     0.23 kB │ map:      1.14 kB
out/renderer/assets/send-horizontal-DTL3s89D.js                          0.31 kB │ gzip:     0.24 kB │ map:      1.05 kB
out/renderer/assets/layout-template-BYAWwQ0t.js                          0.31 kB │ gzip:     0.21 kB │ map:      1.25 kB
out/renderer/assets/rotate-3d-C477GYuA.js                                0.31 kB │ gzip:     0.24 kB │ map:      1.05 kB
out/renderer/assets/scaling-VYZy2XHy.js                                  0.31 kB │ gzip:     0.23 kB │ map:      1.10 kB
out/renderer/assets/shirt-DRlnxfXl.js                                    0.31 kB │ gzip:     0.25 kB │ map:      0.94 kB
out/renderer/assets/user-round-search-CrvIfimz.js                        0.31 kB │ gzip:     0.24 kB │ map:      1.21 kB
out/renderer/assets/wallet-lT8XvHbz.js                                   0.31 kB │ gzip:     0.23 kB │ map:      1.01 kB
out/renderer/assets/arrows-up-from-line-cJQ-otRg.js                      0.31 kB │ gzip:     0.22 kB │ map:      1.22 kB
out/renderer/assets/computer-Yb-4buEd.js                                 0.31 kB │ gzip:     0.23 kB │ map:      1.22 kB
out/renderer/assets/fishing-hook-DrlPf2gm.js                             0.31 kB │ gzip:     0.26 kB │ map:      1.13 kB
out/renderer/assets/flask-conical-Cb5YQubt.js                            0.31 kB │ gzip:     0.24 kB │ map:      1.12 kB
out/renderer/assets/layout-panel-left-DhQzbH-m.js                        0.31 kB │ gzip:     0.21 kB │ map:      1.26 kB
out/renderer/assets/layout-panel-top-B4Je6xAR.js                         0.31 kB │ gzip:     0.21 kB │ map:      1.25 kB
out/renderer/assets/list-Bn9h5INT.js                                     0.31 kB │ gzip:     0.19 kB │ map:      1.22 kB
out/renderer/assets/text-search-DKNpIlpm.js                              0.31 kB │ gzip:     0.23 kB │ map:      1.21 kB
out/renderer/assets/thumbs-up-jOL_6sI3.js                                0.31 kB │ gzip:     0.24 kB │ map:      1.03 kB
out/renderer/assets/towel-rack-DwHxYFOH.js                               0.31 kB │ gzip:     0.24 kB │ map:      1.09 kB
out/renderer/assets/toy-brick-DH3XgRRx.js                                0.31 kB │ gzip:     0.24 kB │ map:      1.11 kB
out/renderer/assets/zoom-in-BSlWpTSD.js                                  0.31 kB │ gzip:     0.22 kB │ map:      1.27 kB
out/renderer/assets/bike-BFhSHhe9.js                                     0.31 kB │ gzip:     0.23 kB │ map:      1.17 kB
out/renderer/assets/disc-3-5Uxp_P_d.js                                   0.31 kB │ gzip:     0.23 kB │ map:      1.15 kB
out/renderer/assets/list-chevrons-down-up-YrLbg4J5.js                    0.31 kB │ gzip:     0.22 kB │ map:      1.23 kB
out/renderer/assets/list-chevrons-up-down-CM2hFX9G.js                    0.31 kB │ gzip:     0.22 kB │ map:      1.23 kB
out/renderer/assets/shrub-CedQM_5v.js                                    0.31 kB │ gzip:     0.25 kB │ map:      1.04 kB
out/renderer/assets/tangent-D6tvu6WB.js                                  0.31 kB │ gzip:     0.24 kB │ map:      1.16 kB
out/renderer/assets/thumbs-down-BppRDXe1.js                              0.31 kB │ gzip:     0.24 kB │ map:      1.04 kB
out/renderer/assets/ticket-plus-CtWCi89u.js                              0.31 kB │ gzip:     0.23 kB │ map:      1.09 kB
out/renderer/assets/wrench-D31XLmmE.js                                   0.31 kB │ gzip:     0.24 kB │ map:      0.96 kB
out/renderer/assets/clipboard-check-CKiLUusX.js                          0.32 kB │ gzip:     0.24 kB │ map:      1.20 kB
out/renderer/assets/git-pull-request-DDDh9ptI.js                         0.32 kB │ gzip:     0.24 kB │ map:      1.25 kB
out/renderer/assets/list-end-MOoM6njK.js                                 0.32 kB │ gzip:     0.23 kB │ map:      1.17 kB
out/renderer/assets/mail-open-C-_pyN2W.js                                0.32 kB │ gzip:     0.24 kB │ map:      1.02 kB
out/renderer/assets/pill-bottle-D7J5w8By.js                              0.32 kB │ gzip:     0.25 kB │ map:      1.12 kB
out/renderer/assets/scan-BtRH9-Hv.js                                     0.32 kB │ gzip:     0.22 kB │ map:      1.10 kB
out/renderer/assets/square-pilcrow-CFSD83Ra.js                           0.32 kB │ gzip:     0.24 kB │ map:      1.20 kB
out/renderer/assets/arrow-big-right-C3Imtmjj.js                          0.32 kB │ gzip:     0.24 kB │ map:      0.99 kB
out/renderer/assets/bell-0D5G9r49.js                                     0.32 kB │ gzip:     0.25 kB │ map:      1.00 kB
out/renderer/assets/list-start-DQX-LGq-.js                               0.32 kB │ gzip:     0.23 kB │ map:      1.18 kB
out/renderer/assets/monitor-stop-Nrw8CWpD.js                             0.32 kB │ gzip:     0.24 kB │ map:      1.24 kB
out/renderer/assets/square-arrow-right-exit-bLQlrwQM.js                  0.32 kB │ gzip:     0.24 kB │ map:      1.15 kB
out/renderer/assets/arrow-big-left-BgnJ-bk4.js                           0.32 kB │ gzip:     0.24 kB │ map:      0.99 kB
out/renderer/assets/egg-off-BnzMgLXb.js                                  0.32 kB │ gzip:     0.25 kB │ map:      1.04 kB
out/renderer/assets/folder-plus-DP7M064B.js                              0.32 kB │ gzip:     0.23 kB │ map:      1.11 kB
out/renderer/assets/heading-6-BzgcDXMK.js                                0.32 kB │ gzip:     0.23 kB │ map:      1.20 kB
out/renderer/assets/indian-rupee-U2hf4iXp.js                             0.32 kB │ gzip:     0.23 kB │ map:      1.19 kB
out/renderer/assets/radius-Bk5qD6e0.js                                   0.32 kB │ gzip:     0.24 kB │ map:      1.16 kB
out/renderer/assets/users-DkmqSsJR.js                                    0.32 kB │ gzip:     0.23 kB │ map:      1.14 kB
out/renderer/assets/case-sensitive-CD6ehlQ3.js                           0.32 kB │ gzip:     0.26 kB │ map:      1.17 kB
out/renderer/assets/cloud-rain-wind-DZ0OnUui.js                          0.32 kB │ gzip:     0.24 kB │ map:      1.15 kB
out/renderer/assets/shopping-cart-Ca_Ya3Vu.js                            0.32 kB │ gzip:     0.25 kB │ map:      1.16 kB
out/renderer/assets/variable-BY02vfrU.js                                 0.32 kB │ gzip:     0.23 kB │ map:      1.20 kB
out/renderer/assets/venus-and-mars-DnJ04trw.js                           0.32 kB │ gzip:     0.24 kB │ map:      1.23 kB
out/renderer/assets/minimize-YTs915bF.js                                 0.32 kB │ gzip:     0.23 kB │ map:      1.12 kB
out/renderer/assets/pilcrow-left-BFRDQfx5.js                             0.32 kB │ gzip:     0.23 kB │ map:      1.20 kB
out/renderer/assets/smile-DYq7AtXh.js                                    0.32 kB │ gzip:     0.23 kB │ map:      1.21 kB
out/renderer/assets/turntable-DbPyoEna.js                                0.32 kB │ gzip:     0.25 kB │ map:      1.20 kB
out/renderer/assets/link-2-off-DQeOrWVG.js                               0.32 kB │ gzip:     0.24 kB │ map:      1.21 kB
out/renderer/assets/meh-st0esE1K.js                                      0.32 kB │ gzip:     0.22 kB │ map:      1.24 kB
out/renderer/assets/mirror-round-Bl4JxWkY.js                             0.32 kB │ gzip:     0.24 kB │ map:      1.23 kB
out/renderer/assets/moon-star-BtfR5NgB.js                                0.32 kB │ gzip:     0.25 kB │ map:      1.09 kB
out/renderer/assets/pilcrow-right-DdFmjKO9.js                            0.32 kB │ gzip:     0.23 kB │ map:      1.20 kB
out/renderer/assets/book-user-CrMIn3UU.js                                0.32 kB │ gzip:     0.25 kB │ map:      1.12 kB
out/renderer/assets/frown-jLPq3O_s.js                                    0.32 kB │ gzip:     0.24 kB │ map:      1.21 kB
out/renderer/assets/grid-3x3-CA8m3erJ.js                                 0.32 kB │ gzip:     0.23 kB │ map:      1.23 kB
out/renderer/assets/map-pin-plus-inside-CztlB4Fn.js                      0.32 kB │ gzip:     0.25 kB │ map:      1.14 kB
out/renderer/assets/frame-D-76zJOl.js                                    0.32 kB │ gzip:     0.21 kB │ map:      1.27 kB
out/renderer/assets/ticket-x-D9PjDrfs.js                                 0.32 kB │ gzip:     0.23 kB │ map:      1.09 kB
out/renderer/assets/bed-double-DRyg8yhC.js                               0.32 kB │ gzip:     0.23 kB │ map:      1.13 kB
out/renderer/assets/egg-fried-CbtS3jL3.js                                0.32 kB │ gzip:     0.26 kB │ map:      1.06 kB
out/renderer/assets/monitor-cloud-CXmx6Tzp.js                            0.32 kB │ gzip:     0.25 kB │ map:      1.20 kB
out/renderer/assets/calendar-1-C1wj1Dkd.js                               0.32 kB │ gzip:     0.23 kB │ map:      1.24 kB
out/renderer/assets/clipboard-minus-B4wgMkgV.js                          0.32 kB │ gzip:     0.25 kB │ map:      1.19 kB
out/renderer/assets/copy-minus-BbOCnOVc.js                               0.32 kB │ gzip:     0.26 kB │ map:      1.18 kB
out/renderer/assets/copy-slash-6hjUdM18.js                               0.32 kB │ gzip:     0.26 kB │ map:      1.18 kB
out/renderer/assets/headset-Jl-5Vv3O.js                                  0.32 kB │ gzip:     0.23 kB │ map:      1.02 kB
out/renderer/assets/rocking-chair-B0LdTgJy.js                            0.32 kB │ gzip:     0.24 kB │ map:      1.15 kB
out/renderer/assets/feather-DzX0LPyO.js                                  0.33 kB │ gzip:     0.25 kB │ map:      1.08 kB
out/renderer/assets/panel-top-dashed-mcHgc6ps.js                         0.33 kB │ gzip:     0.24 kB │ map:      1.27 kB
out/renderer/assets/spade-CY9NOYIp.js                                    0.33 kB │ gzip:     0.26 kB │ map:      1.01 kB
out/renderer/assets/bone-unRIf7QP.js                                     0.33 kB │ gzip:     0.24 kB │ map:      0.95 kB
out/renderer/assets/cloud-off-BhMxwMgO.js                                0.33 kB │ gzip:     0.25 kB │ map:      1.06 kB
out/renderer/assets/flame-kindling-BFcA89Vu.js                           0.33 kB │ gzip:     0.26 kB │ map:      1.12 kB
out/renderer/assets/monitor-dot-DT-dyWPI.js                              0.33 kB │ gzip:     0.25 kB │ map:      1.18 kB
out/renderer/assets/panel-left-dashed-zDCEWYr8.js                        0.33 kB │ gzip:     0.23 kB │ map:      1.28 kB
out/renderer/assets/battery-full-C5YRWm55.js                             0.33 kB │ gzip:     0.23 kB │ map:      1.26 kB
out/renderer/assets/bean-C_btpehQ.js                                     0.33 kB │ gzip:     0.26 kB │ map:      1.01 kB
out/renderer/assets/monitor-pause-DPeRhwAA.js                            0.33 kB │ gzip:     0.24 kB │ map:      1.26 kB
out/renderer/assets/video-off-D99m0i3_.js                                0.33 kB │ gzip:     0.25 kB │ map:      1.08 kB
out/renderer/assets/calendar-minus-2-CtcK8e1V.js                         0.33 kB │ gzip:     0.24 kB │ map:      1.28 kB
out/renderer/assets/chevrons-left-right-ellipsis-C7pOqFi3.js             0.33 kB │ gzip:     0.23 kB │ map:      1.28 kB
out/renderer/assets/circle-divide-C0121P40.js                            0.33 kB │ gzip:     0.22 kB │ map:      1.30 kB
out/renderer/assets/line-style-DNUpdpO5.js                               0.33 kB │ gzip:     0.22 kB │ map:      1.25 kB
out/renderer/assets/message-square-share-Bu8MWtiH.js                     0.33 kB │ gzip:     0.25 kB │ map:      1.15 kB
out/renderer/assets/subscript-C6OCKost.js                                0.33 kB │ gzip:     0.26 kB │ map:      1.10 kB
out/renderer/assets/bookmark-off-D1TVQkf-.js                             0.33 kB │ gzip:     0.26 kB │ map:      1.11 kB
out/renderer/assets/bubbles-A2t3BV35.js                                  0.33 kB │ gzip:     0.24 kB │ map:      1.20 kB
out/renderer/assets/delete-B1apYRh7.js                                   0.33 kB │ gzip:     0.24 kB │ map:      1.08 kB
out/renderer/assets/git-merge-conflict-B2n75R1s.js                       0.33 kB │ gzip:     0.24 kB │ map:      1.26 kB
out/renderer/assets/map-pin-x-inside-f8avf705.js                         0.33 kB │ gzip:     0.25 kB │ map:      1.13 kB
out/renderer/assets/message-circle-plus-TLzvZOh8.js                      0.33 kB │ gzip:     0.25 kB │ map:      1.16 kB
out/renderer/assets/monitor-up-BvgDWa8T.js                               0.33 kB │ gzip:     0.25 kB │ map:      1.25 kB
out/renderer/assets/parasol-Cx_lPN5y.js                                  0.33 kB │ gzip:     0.26 kB │ map:      1.09 kB
out/renderer/assets/coffee-Blr2LUCB.js                                   0.33 kB │ gzip:     0.23 kB │ map:      1.15 kB
out/renderer/assets/lamp-ceiling-g5z8vysi.js                             0.33 kB │ gzip:     0.25 kB │ map:      1.12 kB
out/renderer/assets/laptop-B6LWn-_A.js                                   0.33 kB │ gzip:     0.25 kB │ map:      1.02 kB
out/renderer/assets/mails-BsDh8ViK.js                                    0.33 kB │ gzip:     0.26 kB │ map:      1.11 kB
out/renderer/assets/paint-roller-DvSz5gpH.js                             0.33 kB │ gzip:     0.25 kB │ map:      1.19 kB
out/renderer/assets/shrink-DqPVAQ8B.js                                   0.33 kB │ gzip:     0.24 kB │ map:      1.12 kB
out/renderer/assets/zodiac-cancer-DxukDMKo.js                            0.33 kB │ gzip:     0.24 kB │ map:      1.21 kB
out/renderer/assets/ampersands-0wBi2DZ_.js                               0.33 kB │ gzip:     0.22 kB │ map:      1.08 kB
out/renderer/assets/arrow-up-a-z-Cs4FHsZE.js                             0.33 kB │ gzip:     0.24 kB │ map:      1.21 kB
out/renderer/assets/audio-lines-DSRJafda.js                              0.33 kB │ gzip:     0.22 kB │ map:      1.26 kB
out/renderer/assets/calendar-check-BYUavPFS.js                           0.33 kB │ gzip:     0.24 kB │ map:      1.27 kB
out/renderer/assets/gallery-thumbnails-CrfT2a3Q.js                       0.33 kB │ gzip:     0.24 kB │ map:      1.29 kB
out/renderer/assets/mouse-off-lpRWYUG8.js                                0.33 kB │ gzip:     0.24 kB │ map:      1.13 kB
out/renderer/assets/panel-right-dashed-BPyVcNya.js                       0.33 kB │ gzip:     0.24 kB │ map:      1.29 kB
out/renderer/assets/shield-check-BI6lQCw8.js                             0.33 kB │ gzip:     0.25 kB │ map:      1.07 kB
out/renderer/assets/table-cells-merge-_nQTuaYf.js                        0.33 kB │ gzip:     0.24 kB │ map:      1.29 kB
out/renderer/assets/arrow-up-z-a-BMKyUkFg.js                             0.33 kB │ gzip:     0.24 kB │ map:      1.21 kB
out/renderer/assets/case-upper-BMF2O9G6.js                               0.33 kB │ gzip:     0.25 kB │ map:      1.11 kB
out/renderer/assets/dice-4-Cez32x9W.js                                   0.33 kB │ gzip:     0.23 kB │ map:      1.24 kB
out/renderer/assets/joystick-Du0Eef7x.js                                 0.33 kB │ gzip:     0.25 kB │ map:      1.19 kB
out/renderer/assets/monitor-down-BtMOahfM.js                             0.33 kB │ gzip:     0.25 kB │ map:      1.26 kB
out/renderer/assets/mouse-pointer-DQV2Pmk4.js                            0.33 kB │ gzip:     0.26 kB │ map:      1.06 kB
out/renderer/assets/panel-bottom-dashed-Cvo08Ad3.js                      0.33 kB │ gzip:     0.24 kB │ map:      1.30 kB
out/renderer/assets/plane-CkcRijTW.js                                    0.33 kB │ gzip:     0.27 kB │ map:      0.96 kB
out/renderer/assets/refresh-ccw-38na9yLy.js                              0.33 kB │ gzip:     0.23 kB │ map:      1.16 kB
out/renderer/assets/refresh-cw-u1NskAw3.js                               0.33 kB │ gzip:     0.23 kB │ map:      1.15 kB
out/renderer/assets/user-x-hPF3PuWS.js                                   0.33 kB │ gzip:     0.25 kB │ map:      1.23 kB
out/renderer/assets/align-vertical-space-between-D3whyCgY.js             0.33 kB │ gzip:     0.24 kB │ map:      1.33 kB
out/renderer/assets/arrow-up-0-1-CfSyw0IY.js                             0.33 kB │ gzip:     0.25 kB │ map:      1.26 kB
out/renderer/assets/arrow-up-1-0-C4HGSJYK.js                             0.33 kB │ gzip:     0.25 kB │ map:      1.26 kB
out/renderer/assets/book-audio-X-7GrxHJ.js                               0.33 kB │ gzip:     0.24 kB │ map:      1.17 kB
out/renderer/assets/git-pull-request-create-C5uj0Ylq.js                  0.33 kB │ gzip:     0.25 kB │ map:      1.29 kB
out/renderer/assets/arrow-down-a-z-ir65BX5u.js                           0.33 kB │ gzip:     0.24 kB │ map:      1.22 kB
out/renderer/assets/bookmark-plus-Clzfwqn0.js                            0.33 kB │ gzip:     0.25 kB │ map:      1.12 kB
out/renderer/assets/chef-hat-Qf01zIT_.js                                 0.33 kB │ gzip:     0.26 kB │ map:      1.03 kB
out/renderer/assets/cross-DGTtqW2R.js                                    0.33 kB │ gzip:     0.22 kB │ map:      0.96 kB
out/renderer/assets/laugh-CJP9OIo4.js                                    0.33 kB │ gzip:     0.25 kB │ map:      1.23 kB
out/renderer/assets/monitor-x-DZSbdhlO.js                                0.33 kB │ gzip:     0.25 kB │ map:      1.25 kB
out/renderer/assets/user-lock-Bo0UiWHd.js                                0.33 kB │ gzip:     0.26 kB │ map:      1.22 kB
out/renderer/assets/align-horizontal-space-between-BhgA3ymj.js           0.34 kB │ gzip:     0.24 kB │ map:      1.35 kB
out/renderer/assets/align-vertical-distribute-end-BSVFDUHB.js            0.34 kB │ gzip:     0.24 kB │ map:      1.34 kB
out/renderer/assets/arrow-down-z-a-Dcjrp6SO.js                           0.34 kB │ gzip:     0.24 kB │ map:      1.22 kB
out/renderer/assets/brush-UGC5eFJN.js                                    0.34 kB │ gzip:     0.26 kB │ map:      1.07 kB
out/renderer/assets/folder-clock-hxGqlOq1.js                             0.34 kB │ gzip:     0.25 kB │ map:      1.15 kB
out/renderer/assets/inspection-panel-BH1pK2Br.js                         0.34 kB │ gzip:     0.23 kB │ map:      1.29 kB
out/renderer/assets/sprout-Bz6nW42V.js                                   0.34 kB │ gzip:     0.24 kB │ map:      1.09 kB
out/renderer/assets/text-initial-ltKh31sa.js                             0.34 kB │ gzip:     0.24 kB │ map:      1.21 kB
out/renderer/assets/tree-pine-B9xjlyMX.js                                0.34 kB │ gzip:     0.24 kB │ map:      1.04 kB
out/renderer/assets/align-vertical-distribute-start-WzaEPJWh.js          0.34 kB │ gzip:     0.24 kB │ map:      1.36 kB
out/renderer/assets/arrow-down-0-1-7yEXpTLi.js                           0.34 kB │ gzip:     0.25 kB │ map:      1.28 kB
out/renderer/assets/arrow-down-1-0-IiVrOmgc.js                           0.34 kB │ gzip:     0.25 kB │ map:      1.27 kB
out/renderer/assets/box-CtHpLP3y.js                                      0.34 kB │ gzip:     0.24 kB │ map:      1.08 kB
out/renderer/assets/briefcase-business-P3Tnce1L.js                       0.34 kB │ gzip:     0.25 kB │ map:      1.25 kB
out/renderer/assets/concierge-bell-C3I4NoWl.js                           0.34 kB │ gzip:     0.24 kB │ map:      1.18 kB
out/renderer/assets/folder-up-DFbp7xcP.js                                0.34 kB │ gzip:     0.25 kB │ map:      1.11 kB
out/renderer/assets/message-square-plus-B_JoqXQF.js                      0.34 kB │ gzip:     0.25 kB │ map:      1.15 kB
out/renderer/assets/regex-BA6K7z4k.js                                    0.34 kB │ gzip:     0.23 kB │ map:      1.13 kB
out/renderer/assets/user-plus-ydi11uWf.js                                0.34 kB │ gzip:     0.25 kB │ map:      1.25 kB
out/renderer/assets/align-horizontal-distribute-end-CxGkrJTz.js          0.34 kB │ gzip:     0.24 kB │ map:      1.36 kB
out/renderer/assets/cloud-backup-R-6YzE5G.js                             0.34 kB │ gzip:     0.26 kB │ map:      1.12 kB
out/renderer/assets/file-exclamation-point-B_5Cor3E.js                   0.34 kB │ gzip:     0.25 kB │ map:      1.17 kB
out/renderer/assets/file-minus-corner-B8eIVqOJ.js                        0.34 kB │ gzip:     0.25 kB │ map:      1.15 kB
out/renderer/assets/message-square-off-CySkOyZQ.js                       0.34 kB │ gzip:     0.26 kB │ map:      1.15 kB
out/renderer/assets/monitor-smartphone-C9-efaYD.js                       0.34 kB │ gzip:     0.25 kB │ map:      1.26 kB
out/renderer/assets/scissors-MbVyvs43.js                                 0.34 kB │ gzip:     0.24 kB │ map:      1.25 kB
out/renderer/assets/tag-B6_aMcgQ.js                                      0.34 kB │ gzip:     0.25 kB │ map:      1.07 kB
out/renderer/assets/align-horizontal-distribute-start-DbmI8snI.js        0.34 kB │ gzip:     0.24 kB │ map:      1.37 kB
out/renderer/assets/book-type-CxOTXCAt.js                                0.34 kB │ gzip:     0.25 kB │ map:      1.17 kB
out/renderer/assets/file-minus-D0L3KkHX.js                               0.34 kB │ gzip:     0.25 kB │ map:      1.11 kB
out/renderer/assets/hard-drive-upload-CSxJkEtx.js                        0.34 kB │ gzip:     0.25 kB │ map:      1.29 kB
out/renderer/assets/save-DFC-RHiz.js                                     0.34 kB │ gzip:     0.23 kB │ map:      1.10 kB
out/renderer/assets/zodiac-scorpio-DHKFYIbl.js                           0.34 kB │ gzip:     0.25 kB │ map:      1.17 kB
out/renderer/assets/bot-BKzXh51S.js                                      0.34 kB │ gzip:     0.24 kB │ map:      1.30 kB
out/renderer/assets/folder-down-D0U9GLoW.js                              0.34 kB │ gzip:     0.25 kB │ map:      1.12 kB
out/renderer/assets/hard-drive-download-Donol_1D.js                      0.34 kB │ gzip:     0.25 kB │ map:      1.31 kB
out/renderer/assets/heart-minus-ChkV2das.js                              0.34 kB │ gzip:     0.27 kB │ map:      1.05 kB
out/renderer/assets/repeat-1-ZA99f9pO.js                                 0.34 kB │ gzip:     0.24 kB │ map:      1.20 kB
out/renderer/assets/road-_FB8jt1r.js                                     0.34 kB │ gzip:     0.24 kB │ map:      1.15 kB
out/renderer/assets/trash-2-D3ZLQI9p.js                                  0.34 kB │ gzip:     0.22 kB │ map:      1.21 kB
out/renderer/assets/antenna-mq7sy-G_.js                                  0.34 kB │ gzip:     0.22 kB │ map:      1.25 kB
out/renderer/assets/apple-BwFOoCA9.js                                    0.34 kB │ gzip:     0.25 kB │ map:      1.03 kB
out/renderer/assets/flag-off-BOUQhtFw.js                                 0.34 kB │ gzip:     0.26 kB │ map:      1.13 kB
out/renderer/assets/folder-input-C4COisne.js                             0.34 kB │ gzip:     0.25 kB │ map:      1.13 kB
out/renderer/assets/ice-cream-bowl-jvQji000.js                           0.34 kB │ gzip:     0.25 kB │ map:      1.14 kB
out/renderer/assets/mail-plus-Ccgxj7Jx.js                                0.34 kB │ gzip:     0.25 kB │ map:      1.14 kB
out/renderer/assets/saudi-riyal-CSCar9hL.js                              0.34 kB │ gzip:     0.25 kB │ map:      1.15 kB
out/renderer/assets/shield-half-Cl1eGDb8.js                              0.34 kB │ gzip:     0.27 kB │ map:      1.06 kB
out/renderer/assets/shield-minus-CTCMZqNQ.js                             0.34 kB │ gzip:     0.27 kB │ map:      1.06 kB
out/renderer/assets/sticky-note-minus-DKPn6SOP.js                        0.34 kB │ gzip:     0.25 kB │ map:      1.15 kB
out/renderer/assets/book-image-BwheCZGk.js                               0.34 kB │ gzip:     0.26 kB │ map:      1.14 kB
out/renderer/assets/bookmark-x-DAXL_yPi.js                               0.34 kB │ gzip:     0.25 kB │ map:      1.12 kB
out/renderer/assets/bring-to-front-CUQMM7Wn.js                           0.34 kB │ gzip:     0.24 kB │ map:      1.16 kB
out/renderer/assets/chart-area-BJ3Z4avS.js                               0.34 kB │ gzip:     0.25 kB │ map:      1.05 kB
out/renderer/assets/file-check-corner-BEc5u8HI.js                        0.34 kB │ gzip:     0.26 kB │ map:      1.15 kB
out/renderer/assets/folder-search-CXJksRcr.js                            0.34 kB │ gzip:     0.26 kB │ map:      1.16 kB
out/renderer/assets/folder-x-BDapNRGB.js                                 0.34 kB │ gzip:     0.25 kB │ map:      1.11 kB
out/renderer/assets/mail-x-DgdQ-Els.js                                   0.34 kB │ gzip:     0.25 kB │ map:      1.13 kB
out/renderer/assets/milestone-DrXTg2oe.js                                0.34 kB │ gzip:     0.25 kB │ map:      1.11 kB
out/renderer/assets/user-round-key-Cq2_5YF-.js                           0.34 kB │ gzip:     0.25 kB │ map:      1.28 kB
out/renderer/assets/badge-check-BZvizI5Z.js                              0.34 kB │ gzip:     0.24 kB │ map:      1.06 kB
out/renderer/assets/folder-output-BLHjATQb.js                            0.34 kB │ gzip:     0.24 kB │ map:      1.13 kB
out/renderer/assets/gavel-CBXEvVNY.js                                    0.34 kB │ gzip:     0.24 kB │ map:      1.19 kB
out/renderer/assets/languages-DMTzAtRb.js                                0.34 kB │ gzip:     0.24 kB │ map:      1.27 kB
out/renderer/assets/message-square-warning-CNvGcjkv.js                   0.34 kB │ gzip:     0.26 kB │ map:      1.18 kB
out/renderer/assets/banana-BSwrWpee.js                                   0.34 kB │ gzip:     0.27 kB │ map:      1.04 kB
out/renderer/assets/file-diff-2tn92Cqs.js                                0.34 kB │ gzip:     0.24 kB │ map:      1.19 kB
out/renderer/assets/git-pull-request-draft-DKdh_oQW.js                   0.34 kB │ gzip:     0.25 kB │ map:      1.36 kB
out/renderer/assets/graduation-cap-BgSIGo4x.js                           0.34 kB │ gzip:     0.25 kB │ map:      1.16 kB
out/renderer/assets/scale-apVVNIQi.js                                    0.34 kB │ gzip:     0.23 kB │ map:      1.20 kB
out/renderer/assets/shapes-CvjbLMvM.js                                   0.34 kB │ gzip:     0.27 kB │ map:      1.18 kB
out/renderer/assets/signature-BTiLc5Bf.js                                0.34 kB │ gzip:     0.27 kB │ map:      1.05 kB
out/renderer/assets/toilet-Ri8za7lw.js                                   0.34 kB │ gzip:     0.25 kB │ map:      1.04 kB
out/renderer/assets/videotape-Dd-hwpi1.js                                0.34 kB │ gzip:     0.24 kB │ map:      1.31 kB
out/renderer/assets/cast-D5tkESit.js                                     0.34 kB │ gzip:     0.25 kB │ map:      1.16 kB
out/renderer/assets/file-check-D1gZvaqf.js                               0.34 kB │ gzip:     0.25 kB │ map:      1.12 kB
out/renderer/assets/message-circle-x-Oq1ej5gY.js                         0.34 kB │ gzip:     0.26 kB │ map:      1.15 kB
out/renderer/assets/message-square-x-DyShci3Z.js                         0.34 kB │ gzip:     0.25 kB │ map:      1.15 kB
out/renderer/assets/pencil-line-B_BQewI_.js                              0.34 kB │ gzip:     0.26 kB │ map:      1.12 kB
out/renderer/assets/sticky-note-check-u03-c7Yc.js                        0.34 kB │ gzip:     0.26 kB │ map:      1.16 kB
out/renderer/assets/table-of-contents-BeGIEO5P.js                        0.34 kB │ gzip:     0.22 kB │ map:      1.30 kB
out/renderer/assets/book-search-B53V0rC7.js                              0.35 kB │ gzip:     0.26 kB │ map:      1.18 kB
out/renderer/assets/hard-hat-DKPxHcME.js                                 0.35 kB │ gzip:     0.25 kB │ map:      1.20 kB
out/renderer/assets/list-video-CGS4n6UM.js                               0.35 kB │ gzip:     0.24 kB │ map:      1.18 kB
out/renderer/assets/printer-VfAH0mp8.js                                  0.35 kB │ gzip:     0.25 kB │ map:      1.16 kB
out/renderer/assets/star-half-BRbq6eD4.js                                0.35 kB │ gzip:     0.26 kB │ map:      0.99 kB
out/renderer/assets/chunk-FMBD7UC4-Bso_NVXB.js                           0.35 kB │ gzip:     0.26 kB │ map:      0.74 kB
out/renderer/assets/diamond-plus-DVeHFee1.js                             0.35 kB │ gzip:     0.24 kB │ map:      1.13 kB
out/renderer/assets/fuel-DXuuQuzt.js                                     0.35 kB │ gzip:     0.24 kB │ map:      1.14 kB
out/renderer/assets/move-D8Hy2wO0.js                                     0.35 kB │ gzip:     0.23 kB │ map:      1.25 kB
out/renderer/assets/square-pen-DoNBwVFs.js                               0.35 kB │ gzip:     0.26 kB │ map:      1.06 kB
out/renderer/assets/book-copy-g6dNew4_.js                                0.35 kB │ gzip:     0.25 kB │ map:      1.12 kB
out/renderer/assets/cloud-moon-DZXzxPFH.js                               0.35 kB │ gzip:     0.27 kB │ map:      1.06 kB
out/renderer/assets/cup-soda-SqXludCj.js                                 0.35 kB │ gzip:     0.25 kB │ map:      1.14 kB
out/renderer/assets/folders-seAHc6bj.js                                  0.35 kB │ gzip:     0.25 kB │ map:      1.06 kB
out/renderer/assets/git-pull-request-arrow-CpkE_Bto.js                   0.35 kB │ gzip:     0.25 kB │ map:      1.33 kB
out/renderer/assets/heart-x-D50O8ko6.js                                  0.35 kB │ gzip:     0.26 kB │ map:      1.11 kB
out/renderer/assets/send-to-back-BJSSW-bN.js                             0.35 kB │ gzip:     0.24 kB │ map:      1.27 kB
out/renderer/assets/square-stack-9s6MCffP.js                             0.35 kB │ gzip:     0.25 kB │ map:      1.16 kB
out/renderer/assets/stamp-tAuKYB6s.js                                    0.35 kB │ gzip:     0.25 kB │ map:      1.10 kB
out/renderer/assets/superscript-yIBVOh2C.js                              0.35 kB │ gzip:     0.27 kB │ map:      1.13 kB
out/renderer/assets/ticket-B5sSO6V-.js                                   0.35 kB │ gzip:     0.23 kB │ map:      1.16 kB
out/renderer/assets/calendar-minus-DWMRVu1c.js                           0.35 kB │ gzip:     0.24 kB │ map:      1.24 kB
out/renderer/assets/folder-root-BW5vN-Fb.js                              0.35 kB │ gzip:     0.26 kB │ map:      1.15 kB
out/renderer/assets/hand-helping-CtPMKnkG.js                             0.35 kB │ gzip:     0.27 kB │ map:      1.13 kB
out/renderer/assets/microwave-MuyVVcrR.js                                0.35 kB │ gzip:     0.24 kB │ map:      1.32 kB
out/renderer/assets/phone-Bc8GYPYM.js                                    0.35 kB │ gzip:     0.25 kB │ map:      0.97 kB
out/renderer/assets/spell-check-2-_uOyW2jb.js                            0.35 kB │ gzip:     0.23 kB │ map:      1.14 kB
out/renderer/assets/a-large-small-DZEGZnYy.js                            0.35 kB │ gzip:     0.26 kB │ map:      1.17 kB
out/renderer/assets/eye-closed-DUUzrxND.js                               0.35 kB │ gzip:     0.24 kB │ map:      1.22 kB
out/renderer/assets/funnel-plus-DsZbXbrs.js                              0.35 kB │ gzip:     0.26 kB │ map:      1.13 kB
out/renderer/assets/id-card-Bxxu-m_F.js                                  0.35 kB │ gzip:     0.26 kB │ map:      1.28 kB
out/renderer/assets/message-square-code-C1ho_a4w.js                      0.35 kB │ gzip:     0.26 kB │ map:      1.17 kB
out/renderer/assets/rotate-ccw-key-D59apfg2.js                           0.35 kB │ gzip:     0.26 kB │ map:      1.26 kB
out/renderer/assets/screen-share-D0njz3p0.js                             0.35 kB │ gzip:     0.24 kB │ map:      1.22 kB
out/renderer/assets/server-4ioHb0SR.js                                   0.35 kB │ gzip:     0.22 kB │ map:      1.37 kB
out/renderer/assets/whole-word-DIKGFLHU.js                               0.35 kB │ gzip:     0.25 kB │ map:      1.27 kB
out/renderer/assets/mail-warning-CtWuGFzU.js                             0.35 kB │ gzip:     0.26 kB │ map:      1.17 kB
out/renderer/assets/message-circle-warning-Ci7XytyD.js                   0.35 kB │ gzip:     0.27 kB │ map:      1.18 kB
out/renderer/assets/square-mouse-pointer-xJpgCS6z.js                     0.35 kB │ gzip:     0.26 kB │ map:      1.13 kB
out/renderer/assets/tv-minimal-play-CRhk9kkA.js                          0.35 kB │ gzip:     0.27 kB │ map:      1.20 kB
out/renderer/assets/alarm-clock-D5-fz4Yj.js                              0.35 kB │ gzip:     0.24 kB │ map:      1.33 kB
out/renderer/assets/flip-horizontal-2-DDDCi8UP.js                        0.35 kB │ gzip:     0.23 kB │ map:      1.32 kB
out/renderer/assets/squares-exclude-B2yJY7-7.js                          0.35 kB │ gzip:     0.24 kB │ map:      1.12 kB
out/renderer/assets/user-key-C4HaTRKn.js                                 0.35 kB │ gzip:     0.25 kB │ map:      1.26 kB
out/renderer/assets/contact-round-lowhAXSG.js                            0.35 kB │ gzip:     0.26 kB │ map:      1.32 kB
out/renderer/assets/heading-5-CXxgVWBe.js                                0.35 kB │ gzip:     0.25 kB │ map:      1.23 kB
out/renderer/assets/library-big-BGS7bI9s.js                              0.35 kB │ gzip:     0.28 kB │ map:      1.19 kB
out/renderer/assets/sailboat-QH-L6PSA.js                                 0.35 kB │ gzip:     0.25 kB │ map:      1.13 kB
out/renderer/assets/square-divide-DY5HfznN.js                            0.35 kB │ gzip:     0.24 kB │ map:      1.37 kB
out/renderer/assets/zodiac-virgo-CvksMNyR.js                             0.35 kB │ gzip:     0.24 kB │ map:      1.17 kB
out/renderer/assets/battery-charging-rAXgCH0U.js                         0.35 kB │ gzip:     0.25 kB │ map:      1.19 kB
out/renderer/assets/book-heart-CyknSHWB.js                               0.35 kB │ gzip:     0.27 kB │ map:      1.10 kB
out/renderer/assets/fan-DOOaGFjO.js                                      0.35 kB │ gzip:     0.24 kB │ map:      1.03 kB
out/renderer/assets/message-circle-reply-BroqWbDm.js                     0.35 kB │ gzip:     0.26 kB │ map:      1.20 kB
out/renderer/assets/screen-share-off-BmX6abo3.js                         0.35 kB │ gzip:     0.24 kB │ map:      1.25 kB
out/renderer/assets/bell-minus-D9e2aJfs.js                               0.35 kB │ gzip:     0.27 kB │ map:      1.13 kB
out/renderer/assets/calendar-check-2-DgP1bn2M.js                         0.35 kB │ gzip:     0.24 kB │ map:      1.25 kB
out/renderer/assets/nfc-CBoVfp46.js                                      0.35 kB │ gzip:     0.25 kB │ map:      1.13 kB
out/renderer/assets/volume-1-UevVWem5.js                                 0.35 kB │ gzip:     0.26 kB │ map:      1.06 kB
out/renderer/assets/wallet-cards-R9gBPsRL.js                             0.35 kB │ gzip:     0.27 kB │ map:      1.20 kB
out/renderer/assets/badge-minus-BmLy3d6Q.js                              0.36 kB │ gzip:     0.25 kB │ map:      1.11 kB
out/renderer/assets/map-pin-minus-BQ5dmBSP.js                            0.36 kB │ gzip:     0.28 kB │ map:      1.17 kB
out/renderer/assets/notebook-BLaNAUuL.js                                 0.36 kB │ gzip:     0.24 kB │ map:      1.33 kB
out/renderer/assets/shield-ban-KZ70pnYs.js                               0.36 kB │ gzip:     0.27 kB │ map:      1.07 kB
out/renderer/assets/tickets-DoQ-vpJY.js                                  0.36 kB │ gzip:     0.26 kB │ map:      1.26 kB
out/renderer/assets/arrow-big-down-dash-BGIPRPcU.js                      0.36 kB │ gzip:     0.26 kB │ map:      1.11 kB
out/renderer/assets/arrow-big-left-dash-BpW5zsKm.js                      0.36 kB │ gzip:     0.26 kB │ map:      1.11 kB
out/renderer/assets/arrow-big-right-dash-BRhm2B15.js                     0.36 kB │ gzip:     0.25 kB │ map:      1.12 kB
out/renderer/assets/flip-vertical-2-BhbF4ql_.js                          0.36 kB │ gzip:     0.23 kB │ map:      1.31 kB
out/renderer/assets/folder-code-BKFXLmZf.js                              0.36 kB │ gzip:     0.25 kB │ map:      1.14 kB
out/renderer/assets/funnel-x-B2Vl1VxE.js                                 0.36 kB │ gzip:     0.26 kB │ map:      1.12 kB
out/renderer/assets/git-fork-3qerH3HF.js                                 0.36 kB │ gzip:     0.25 kB │ map:      1.29 kB
out/renderer/assets/arrow-big-up-dash-X8MLp2g3.js                        0.36 kB │ gzip:     0.26 kB │ map:      1.10 kB
out/renderer/assets/bath-DISlBosu.js                                     0.36 kB │ gzip:     0.24 kB │ map:      1.23 kB
out/renderer/assets/megaphone-CkcMGrDD.js                                0.36 kB │ gzip:     0.25 kB │ map:      1.14 kB
out/renderer/assets/message-circle-code-B-07RHuQ.js                      0.36 kB │ gzip:     0.27 kB │ map:      1.18 kB
out/renderer/assets/message-square-text-Cvdy9vAG.js                      0.36 kB │ gzip:     0.25 kB │ map:      1.25 kB
out/renderer/assets/pin-4heJmw8n.js                                      0.36 kB │ gzip:     0.24 kB │ map:      1.05 kB
out/renderer/assets/scan-line-CP5Of6zO.js                                0.36 kB │ gzip:     0.24 kB │ map:      1.22 kB
out/renderer/assets/creative-commons-CJOGy9XV.js                         0.36 kB │ gzip:     0.23 kB │ map:      1.19 kB
out/renderer/assets/scooter-C_FBkhab.js                                  0.36 kB │ gzip:     0.27 kB │ map:      1.22 kB
out/renderer/assets/file-chart-line-qz_b1EqL.js                          0.36 kB │ gzip:     0.26 kB │ map:      1.16 kB
out/renderer/assets/git-graph-D9ZS8v72.js                                0.36 kB │ gzip:     0.24 kB │ map:      1.38 kB
out/renderer/assets/heart-pulse-BMo7lafm.js                              0.36 kB │ gzip:     0.28 kB │ map:      1.08 kB
out/renderer/assets/layers-2-CPNka8Sr.js                                 0.36 kB │ gzip:     0.25 kB │ map:      1.09 kB
out/renderer/assets/ticket-percent-DARsN82t.js                           0.36 kB │ gzip:     0.25 kB │ map:      1.22 kB
out/renderer/assets/gem-DDCafpBM.js                                      0.36 kB │ gzip:     0.26 kB │ map:      1.10 kB
out/renderer/assets/gift-DOmNxjpA.js                                     0.36 kB │ gzip:     0.26 kB │ map:      1.22 kB
out/renderer/assets/heading-3-Ddr-S2MU.js                                0.36 kB │ gzip:     0.25 kB │ map:      1.22 kB
out/renderer/assets/pin-off-DxHatQWp.js                                  0.36 kB │ gzip:     0.26 kB │ map:      1.18 kB
out/renderer/assets/scroll-text-CB_9HJLe.js                              0.36 kB │ gzip:     0.24 kB │ map:      1.22 kB
out/renderer/assets/user-round-pen-C2JhX9jl.js                           0.36 kB │ gzip:     0.27 kB │ map:      1.20 kB
out/renderer/assets/book-open-check-C1ygGvUh.js                          0.36 kB │ gzip:     0.25 kB │ map:      1.16 kB
out/renderer/assets/clipboard-plus-CnP5Q4la.js                           0.36 kB │ gzip:     0.26 kB │ map:      1.29 kB
out/renderer/assets/clipboard-x-wOUpouTJ.js                              0.36 kB │ gzip:     0.26 kB │ map:      1.27 kB
out/renderer/assets/contact-Cl3aFxkG.js                                  0.36 kB │ gzip:     0.26 kB │ map:      1.30 kB
out/renderer/assets/file-question-mark-CbhJELM-.js                       0.36 kB │ gzip:     0.26 kB │ map:      1.18 kB
out/renderer/assets/message-square-reply-CVohnMjO.js                     0.36 kB │ gzip:     0.26 kB │ map:      1.19 kB
out/renderer/assets/spool-DDq2Gfql.js                                    0.36 kB │ gzip:     0.26 kB │ map:      1.08 kB
out/renderer/assets/wallpaper-Cic38jDd.js                                0.36 kB │ gzip:     0.27 kB │ map:      1.31 kB
out/renderer/assets/book-lock-DjjHXp5q.js                                0.36 kB │ gzip:     0.28 kB │ map:      1.22 kB
out/renderer/assets/bottle-wine-eH1Iccf0.js                              0.36 kB │ gzip:     0.25 kB │ map:      1.08 kB
out/renderer/assets/camera-BIQ9mken.js                                   0.36 kB │ gzip:     0.27 kB │ map:      1.08 kB
out/renderer/assets/cooking-pot-D-RRI3AA.js                              0.36 kB │ gzip:     0.26 kB │ map:      1.20 kB
out/renderer/assets/folder-search-2-BIE657VB.js                          0.36 kB │ gzip:     0.27 kB │ map:      1.19 kB
out/renderer/assets/calendar-x-ClYuryfW.js                               0.36 kB │ gzip:     0.25 kB │ map:      1.34 kB
out/renderer/assets/image-down-BlZXKm6e.js                               0.36 kB │ gzip:     0.27 kB │ map:      1.23 kB
out/renderer/assets/image-up-CU6gj9T8.js                                 0.36 kB │ gzip:     0.27 kB │ map:      1.22 kB
out/renderer/assets/init-BtkULUKd.js                                     0.36 kB │ gzip:     0.17 kB │ map:      1.23 kB
out/renderer/assets/list-restart-Bl4TRObS.js                             0.36 kB │ gzip:     0.25 kB │ map:      1.27 kB
out/renderer/assets/webhook-BPj4k75v.js                                  0.36 kB │ gzip:     0.28 kB │ map:      1.14 kB
out/renderer/assets/calendar-plus-2-Co05_Tj_.js                          0.36 kB │ gzip:     0.25 kB │ map:      1.37 kB
out/renderer/assets/drafting-compass-x6xX7HpM.js                         0.36 kB │ gzip:     0.27 kB │ map:      1.30 kB
out/renderer/assets/flashlight-DYdg5UND.js                               0.36 kB │ gzip:     0.26 kB │ map:      1.14 kB
out/renderer/assets/focus-CT27ZPO5.js                                    0.36 kB │ gzip:     0.25 kB │ map:      1.24 kB
out/renderer/assets/lectern-Cqw8wDEJ.js                                  0.36 kB │ gzip:     0.27 kB │ map:      1.18 kB
out/renderer/assets/package-2-C75YRwpW.js                                0.36 kB │ gzip:     0.26 kB │ map:      1.13 kB
out/renderer/assets/shield-alert-JUNhzVPY.js                             0.36 kB │ gzip:     0.27 kB │ map:      1.16 kB
out/renderer/assets/type-outline-CaF_Yi-F.js                             0.36 kB │ gzip:     0.23 kB │ map:      1.02 kB
out/renderer/assets/bitcoin-BYYFv_w8.js                                  0.37 kB │ gzip:     0.28 kB │ map:      1.00 kB
out/renderer/assets/book-key-Bu7-A4qF.js                                 0.37 kB │ gzip:     0.27 kB │ map:      1.25 kB
out/renderer/assets/database-zap-DzncpkKH.js                             0.37 kB │ gzip:     0.27 kB │ map:      1.29 kB
out/renderer/assets/loader-pinwheel-OqokX_Ln.js                          0.37 kB │ gzip:     0.25 kB │ map:      1.23 kB
out/renderer/assets/angry--MdhbV4s.js                                    0.37 kB │ gzip:     0.25 kB │ map:      1.30 kB
out/renderer/assets/archive-restore-CZXc1i3P.js                          0.37 kB │ gzip:     0.26 kB │ map:      1.32 kB
out/renderer/assets/battery-warning-Ce-zib3C.js                          0.37 kB │ gzip:     0.25 kB │ map:      1.26 kB
out/renderer/assets/file-down-D2uzcHti.js                                0.37 kB │ gzip:     0.25 kB │ map:      1.21 kB
out/renderer/assets/files-BU6XJP9R.js                                    0.37 kB │ gzip:     0.24 kB │ map:      1.13 kB
out/renderer/assets/folder-lock-DDNJ5-YU.js                              0.37 kB │ gzip:     0.27 kB │ map:      1.20 kB
out/renderer/assets/key-round-BJCtZIuu.js                                0.37 kB │ gzip:     0.26 kB │ map:      1.13 kB
out/renderer/assets/picture-in-picture-DmbilmV7.js                       0.37 kB │ gzip:     0.26 kB │ map:      1.33 kB
out/renderer/assets/shopping-bag-OgiTuPY-.js                             0.37 kB │ gzip:     0.26 kB │ map:      1.15 kB
out/renderer/assets/weight-tilde-C18QcFlh.js                             0.37 kB │ gzip:     0.28 kB │ map:      1.18 kB
out/renderer/assets/air-vent-CsUyIH3m.js                                 0.37 kB │ gzip:     0.26 kB │ map:      1.20 kB
out/renderer/assets/ethernet-port-BzFFMuAe.js                            0.37 kB │ gzip:     0.24 kB │ map:      1.28 kB
out/renderer/assets/file-symlink-BdH0MCUK.js                             0.37 kB │ gzip:     0.26 kB │ map:      1.15 kB
out/renderer/assets/image-minus-BL1JzUUY.js                              0.37 kB │ gzip:     0.28 kB │ map:      1.25 kB
out/renderer/assets/timer-off-nRPBQV-d.js                                0.37 kB │ gzip:     0.25 kB │ map:      1.23 kB
out/renderer/assets/user-pen-CGuds0b2.js                                 0.37 kB │ gzip:     0.28 kB │ map:      1.16 kB
out/renderer/assets/alarm-clock-minus-DGFIvm3J.js                        0.37 kB │ gzip:     0.26 kB │ map:      1.36 kB
out/renderer/assets/citrus-DQx7Wej7.js                                   0.37 kB │ gzip:     0.27 kB │ map:      1.19 kB
out/renderer/assets/folder-key-DWCo6-yX.js                               0.37 kB │ gzip:     0.27 kB │ map:      1.23 kB
out/renderer/assets/mouse-pointer-ban-BRnJQjTa.js                        0.37 kB │ gzip:     0.28 kB │ map:      1.21 kB
out/renderer/assets/stethoscope-CXZabpkc.js                              0.37 kB │ gzip:     0.25 kB │ map:      1.27 kB
out/renderer/assets/accessibility-MHACE0E2.js                            0.37 kB │ gzip:     0.27 kB │ map:      1.29 kB
out/renderer/assets/globe-lock-DK61BHR4.js                               0.37 kB │ gzip:     0.27 kB │ map:      1.26 kB
out/renderer/assets/utility-pole-D_oU1rII.js                             0.37 kB │ gzip:     0.23 kB │ map:      1.37 kB
out/renderer/assets/venetian-mask-DqQ-FDmp.js                            0.37 kB │ gzip:     0.25 kB │ map:      1.16 kB
out/renderer/assets/file-clock-ihqlQGl2.js                               0.37 kB │ gzip:     0.27 kB │ map:      1.25 kB
out/renderer/assets/file-x-corner-BRQA6DkE.js                            0.37 kB │ gzip:     0.26 kB │ map:      1.22 kB
out/renderer/assets/git-pull-request-closed-DYcxt_cd.js                  0.37 kB │ gzip:     0.26 kB │ map:      1.41 kB
out/renderer/assets/message-circle-question-mark-JeDBsOw6.js             0.37 kB │ gzip:     0.27 kB │ map:      1.25 kB
out/renderer/assets/newspaper-CfmxRBf8.js                                0.37 kB │ gzip:     0.26 kB │ map:      1.26 kB
out/renderer/assets/bell-dot-DGMYeovH.js                                 0.37 kB │ gzip:     0.29 kB │ map:      1.16 kB
out/renderer/assets/dice-5-BP3S4MHE.js                                   0.37 kB │ gzip:     0.24 kB │ map:      1.35 kB
out/renderer/assets/file-code-corner-BV9wk64W.js                         0.37 kB │ gzip:     0.26 kB │ map:      1.26 kB
out/renderer/assets/heart-plus-BDeF2G17.js                               0.37 kB │ gzip:     0.28 kB │ map:      1.14 kB
out/renderer/assets/hourglass-BtbDPHtJ.js                                0.37 kB │ gzip:     0.24 kB │ map:      1.23 kB
out/renderer/assets/house-heart-DeKZVLT0.js                              0.37 kB │ gzip:     0.27 kB │ map:      1.12 kB
out/renderer/assets/message-square-quote-DyO5PRkd.js                     0.37 kB │ gzip:     0.26 kB │ map:      1.20 kB
out/renderer/assets/octagon-C3PN_AQH.js                                  0.37 kB │ gzip:     0.24 kB │ map:      1.01 kB
out/renderer/assets/pen-off-Bychd9Rr.js                                  0.37 kB │ gzip:     0.27 kB │ map:      1.13 kB
out/renderer/assets/folder-open-dot-DI3YoIjk.js                          0.37 kB │ gzip:     0.28 kB │ map:      1.14 kB
out/renderer/assets/lamp-CG3naPNs.js                                     0.37 kB │ gzip:     0.26 kB │ map:      1.13 kB
out/renderer/assets/layout-grid-C4uYfxOe.js                              0.37 kB │ gzip:     0.21 kB │ map:      1.40 kB
out/renderer/assets/map-pin-check-sfyPx3Gp.js                            0.37 kB │ gzip:     0.29 kB │ map:      1.19 kB
out/renderer/assets/message-square-lock-Dki6GYQp.js                      0.37 kB │ gzip:     0.29 kB │ map:      1.25 kB
out/renderer/assets/smartphone-nfc-Cm62vDFH.js                           0.37 kB │ gzip:     0.27 kB │ map:      1.26 kB
out/renderer/assets/stone-COeqYW4R.js                                    0.37 kB │ gzip:     0.27 kB │ map:      1.13 kB
out/renderer/assets/crown-CQJOenJc.js                                    0.37 kB │ gzip:     0.26 kB │ map:      1.08 kB
out/renderer/assets/currency-BVcvOcB2.js                                 0.37 kB │ gzip:     0.23 kB │ map:      1.42 kB
out/renderer/assets/decimals-arrow-right-ByvxQuul.js                     0.37 kB │ gzip:     0.25 kB │ map:      1.40 kB
out/renderer/assets/droplet-off-Bn9b84_P.js                              0.37 kB │ gzip:     0.28 kB │ map:      1.17 kB
out/renderer/assets/gpu-CZvnQ7mT.js                                      0.37 kB │ gzip:     0.25 kB │ map:      1.26 kB
out/renderer/assets/message-square-diff-DKlAeQF-.js                      0.37 kB │ gzip:     0.26 kB │ map:      1.25 kB
out/renderer/assets/paw-print-eHqcxWBf.js                                0.37 kB │ gzip:     0.27 kB │ map:      1.29 kB
out/renderer/assets/skull--9tweA_3.js                                    0.37 kB │ gzip:     0.26 kB │ map:      1.24 kB
out/renderer/assets/sticky-note-x-CJgnVHiF.js                            0.37 kB │ gzip:     0.26 kB │ map:      1.22 kB
out/renderer/assets/alarm-clock-check-CNFxKuVN.js                        0.37 kB │ gzip:     0.26 kB │ map:      1.37 kB
out/renderer/assets/blinds-DbUOZ-vo.js                                   0.37 kB │ gzip:     0.25 kB │ map:      1.37 kB
out/renderer/assets/chart-bar-stacked-COErELid.js                        0.37 kB │ gzip:     0.26 kB │ map:      1.39 kB
out/renderer/assets/cuboid-DRV96HXJ.js                                   0.37 kB │ gzip:     0.26 kB │ map:      1.13 kB
out/renderer/assets/image-plus-B5hnuUYF.js                               0.37 kB │ gzip:     0.26 kB │ map:      1.28 kB
out/renderer/assets/land-plot-CUeeLoiw.js                                0.37 kB │ gzip:     0.26 kB │ map:      1.21 kB
out/renderer/assets/monitor-speaker-RSwJLr_b.js                          0.37 kB │ gzip:     0.28 kB │ map:      1.35 kB
out/renderer/assets/washing-machine-CTG69UZ9.js                          0.37 kB │ gzip:     0.28 kB │ map:      1.35 kB
out/renderer/assets/file-plus-DLGoCXmt.js                                0.38 kB │ gzip:     0.26 kB │ map:      1.21 kB
out/renderer/assets/file-plus-corner-8QxQo9b0.js                         0.38 kB │ gzip:     0.27 kB │ map:      1.24 kB
out/renderer/assets/folder-kanban-DOCslzUS.js                            0.38 kB │ gzip:     0.26 kB │ map:      1.23 kB
out/renderer/assets/locate-ANGE88kK.js                                   0.38 kB │ gzip:     0.24 kB │ map:      1.42 kB
out/renderer/assets/podcast-CmaVcvDZ.js                                  0.38 kB │ gzip:     0.27 kB │ map:      1.24 kB
out/renderer/assets/shield-plus-DhQvxUMk.js                              0.38 kB │ gzip:     0.28 kB │ map:      1.15 kB
out/renderer/assets/chess-pawn-BvjsACA5.js                               0.38 kB │ gzip:     0.26 kB │ map:      1.29 kB
out/renderer/assets/copy-x-D7_XjI3Y.js                                   0.38 kB │ gzip:     0.27 kB │ map:      1.31 kB
out/renderer/assets/messages-square-TGFB9hvM.js                          0.38 kB │ gzip:     0.26 kB │ map:      1.16 kB
out/renderer/assets/battery-plus-BPDp2KC2.js                             0.38 kB │ gzip:     0.26 kB │ map:      1.25 kB
out/renderer/assets/chart-column-stacked-Dtfpj0mo.js                     0.38 kB │ gzip:     0.26 kB │ map:      1.40 kB
out/renderer/assets/layout-dashboard-BEafVoIu.js                         0.38 kB │ gzip:     0.23 kB │ map:      1.43 kB
out/renderer/assets/monitor-off-CRT5yNz3.js                              0.38 kB │ gzip:     0.26 kB │ map:      1.25 kB
out/renderer/assets/book-up-2-D3iCXl8b.js                                0.38 kB │ gzip:     0.26 kB │ map:      1.24 kB
out/renderer/assets/book-headphones-BXOw9MwW.js                          0.38 kB │ gzip:     0.27 kB │ map:      1.30 kB
out/renderer/assets/circuit-board-DLid_yWZ.js                            0.38 kB │ gzip:     0.26 kB │ map:      1.37 kB
out/renderer/assets/copy-plus-Cyw2PDUL.js                                0.38 kB │ gzip:     0.28 kB │ map:      1.33 kB
out/renderer/assets/crosshair-CoLx3agc.js                                0.38 kB │ gzip:     0.24 kB │ map:      1.43 kB
out/renderer/assets/file-up-BMnLKZBV.js                                  0.38 kB │ gzip:     0.26 kB │ map:      1.20 kB
out/renderer/assets/folder-git-fcRujseZ.js                               0.38 kB │ gzip:     0.27 kB │ map:      1.24 kB
out/renderer/assets/metronome-SFe3duAb.js                                0.38 kB │ gzip:     0.29 kB │ map:      1.24 kB
out/renderer/assets/notepad-text-pmrjok6v.js                             0.38 kB │ gzip:     0.24 kB │ map:      1.45 kB
out/renderer/assets/plug-zap-D_D8-Oaw.js                                 0.38 kB │ gzip:     0.26 kB │ map:      1.25 kB
out/renderer/assets/train-track-CYGwJ2Tz.js                              0.38 kB │ gzip:     0.23 kB │ map:      1.37 kB
out/renderer/assets/diameter-jar4G8HX.js                                 0.38 kB │ gzip:     0.25 kB │ map:      1.30 kB
out/renderer/assets/file-axis-3d-Dtm9mvx9.js                             0.38 kB │ gzip:     0.27 kB │ map:      1.23 kB
out/renderer/assets/message-square-more-DTiEAymj.js                      0.38 kB │ gzip:     0.26 kB │ map:      1.26 kB
out/renderer/assets/git-pull-request-create-arrow-CKMZatai.js            0.38 kB │ gzip:     0.27 kB │ map:      1.43 kB
out/renderer/assets/house-plus-D0uoopJY.js                               0.38 kB │ gzip:     0.27 kB │ map:      1.22 kB
out/renderer/assets/orbit-BtdHdTAS.js                                    0.38 kB │ gzip:     0.26 kB │ map:      1.31 kB
out/renderer/assets/sport-shoe-sdYI58fJ.js                               0.38 kB │ gzip:     0.28 kB │ map:      1.16 kB
out/renderer/assets/sticky-note-plus-KN4mwi9m.js                         0.38 kB │ gzip:     0.27 kB │ map:      1.25 kB
out/renderer/assets/LineChart-C9aXcBAa.js                                0.38 kB │ gzip:     0.27 kB │ map:      1.05 kB
out/renderer/assets/cigarette-D_jGaq9r.js                                0.38 kB │ gzip:     0.24 kB │ map:      1.25 kB
out/renderer/assets/grip-vertical-kh39AklQ.js                            0.38 kB │ gzip:     0.20 kB │ map:      1.51 kB
out/renderer/assets/dessert-CqJPFHX3.js                                  0.38 kB │ gzip:     0.27 kB │ map:      1.17 kB
out/renderer/assets/door-closed-locked-DzT4JUxX.js                       0.38 kB │ gzip:     0.27 kB │ map:      1.35 kB
out/renderer/assets/file-output-Dj6hI8GS.js                              0.38 kB │ gzip:     0.26 kB │ map:      1.24 kB
out/renderer/assets/file-x-RxuwWmah.js                                   0.38 kB │ gzip:     0.26 kB │ map:      1.20 kB
out/renderer/assets/folder-heart-B2ohXhtN.js                             0.38 kB │ gzip:     0.28 kB │ map:      1.14 kB
out/renderer/assets/glasses-BxDIyyMM.js                                  0.38 kB │ gzip:     0.26 kB │ map:      1.29 kB
out/renderer/assets/lightbulb-off-Dh_xKTjm.js                            0.38 kB │ gzip:     0.27 kB │ map:      1.27 kB
out/renderer/assets/list-ordered-QgFLntzb.js                             0.38 kB │ gzip:     0.25 kB │ map:      1.32 kB
out/renderer/assets/monitor-play-eU4qLP7b.js                             0.38 kB │ gzip:     0.28 kB │ map:      1.28 kB
out/renderer/assets/package-DAVWnY6H.js                                  0.38 kB │ gzip:     0.26 kB │ map:      1.22 kB
out/renderer/assets/share-2-CTUHzdFY.js                                  0.38 kB │ gzip:     0.25 kB │ map:      1.40 kB
out/renderer/assets/shield-x-zc9KxCWx.js                                 0.38 kB │ gzip:     0.28 kB │ map:      1.15 kB
out/renderer/assets/turtle-xrGGELMV.js                                   0.38 kB │ gzip:     0.26 kB │ map:      1.21 kB
out/renderer/assets/file-terminal-B6lfi7CP.js                            0.38 kB │ gzip:     0.26 kB │ map:      1.24 kB
out/renderer/assets/grip-horizontal-G59qfh6p.js                          0.38 kB │ gzip:     0.20 kB │ map:      1.52 kB
out/renderer/assets/bell-plus-DV-KRuMm.js                                0.39 kB │ gzip:     0.28 kB │ map:      1.22 kB
out/renderer/assets/calendar-x-2-NC_B5cuo.js                             0.39 kB │ gzip:     0.25 kB │ map:      1.32 kB
out/renderer/assets/cookie-PrPbIPDc.js                                   0.39 kB │ gzip:     0.24 kB │ map:      1.30 kB
out/renderer/assets/file-input-CgB9hwTR.js                               0.39 kB │ gzip:     0.27 kB │ map:      1.22 kB
out/renderer/assets/speech-C477a14t.js                                   0.39 kB │ gzip:     0.28 kB │ map:      1.14 kB
out/renderer/assets/switch-camera-VIBiRu3k.js                            0.39 kB │ gzip:     0.26 kB │ map:      1.30 kB
out/renderer/assets/binary-C30xd0C9.js                                   0.39 kB │ gzip:     0.25 kB │ map:      1.40 kB
out/renderer/assets/card-sim-BZLPyAJw.js                                 0.39 kB │ gzip:     0.27 kB │ map:      1.27 kB
out/renderer/assets/clapperboard-BI9heYlR.js                             0.39 kB │ gzip:     0.28 kB │ map:      1.22 kB
out/renderer/assets/fullscreen-BN4yfJUq.js                               0.39 kB │ gzip:     0.27 kB │ map:      1.31 kB
out/renderer/assets/lamp-wall-down-CDo38Z0S.js                           0.39 kB │ gzip:     0.26 kB │ map:      1.20 kB
out/renderer/assets/lamp-wall-up-CDSkhGLb.js                             0.39 kB │ gzip:     0.26 kB │ map:      1.19 kB
out/renderer/assets/mic-vocal-BHBNi2bj.js                                0.39 kB │ gzip:     0.30 kB │ map:      1.22 kB
out/renderer/assets/badge-cent-Bdf45Os_.js                               0.39 kB │ gzip:     0.25 kB │ map:      1.16 kB
out/renderer/assets/badge-euro-B_pCwZeJ.js                               0.39 kB │ gzip:     0.25 kB │ map:      1.16 kB
out/renderer/assets/file-search-DwTXxiRc.js                              0.39 kB │ gzip:     0.27 kB │ map:      1.27 kB
out/renderer/assets/layout-list-B_YNRuWX.js                              0.39 kB │ gzip:     0.24 kB │ map:      1.43 kB
out/renderer/assets/syringe-C72paWOd.js                                  0.39 kB │ gzip:     0.26 kB │ map:      1.30 kB
out/renderer/assets/calendar-plus-CSNUCAeJ.js                            0.39 kB │ gzip:     0.25 kB │ map:      1.33 kB
out/renderer/assets/mailbox-B-Oyic-X.js                                  0.39 kB │ gzip:     0.28 kB │ map:      1.26 kB
out/renderer/assets/message-circle-more-BlEZiid3.js                      0.39 kB │ gzip:     0.27 kB │ map:      1.27 kB
out/renderer/assets/parking-meter-Cb6WQsxc.js                            0.39 kB │ gzip:     0.26 kB │ map:      1.30 kB
out/renderer/assets/snail-DYYImhId.js                                    0.39 kB │ gzip:     0.28 kB │ map:      1.26 kB
out/renderer/assets/utensils-crossed-ZQj0xJ50.js                         0.39 kB │ gzip:     0.27 kB │ map:      1.24 kB
out/renderer/assets/calendar-clock-J7jgjTRm.js                           0.39 kB │ gzip:     0.26 kB │ map:      1.38 kB
out/renderer/assets/captions-off-C1MFTSUN.js                             0.39 kB │ gzip:     0.25 kB │ map:      1.33 kB
out/renderer/assets/house-wifi-CIeoUMTf.js                               0.39 kB │ gzip:     0.27 kB │ map:      1.23 kB
out/renderer/assets/armchair-BnOAD8oX.js                                 0.39 kB │ gzip:     0.25 kB │ map:      1.22 kB
out/renderer/assets/watch-Cq6g3Z8k.js                                    0.39 kB │ gzip:     0.27 kB │ map:      1.22 kB
out/renderer/assets/bell-off-tpsCtb-v.js                                 0.39 kB │ gzip:     0.29 kB │ map:      1.22 kB
out/renderer/assets/file-music-CXDOAcsy.js                               0.39 kB │ gzip:     0.29 kB │ map:      1.26 kB
out/renderer/assets/folder-git-2-BrCgt3_K.js                             0.39 kB │ gzip:     0.27 kB │ map:      1.29 kB
out/renderer/assets/map-pin-plus-CBmCKZdc.js                             0.39 kB │ gzip:     0.29 kB │ map:      1.26 kB
out/renderer/assets/src-AEHDFCS5-DH0_0nAD.js                             0.39 kB │ gzip:     0.24 kB
out/renderer/assets/trees-CpYNasQe.js                                    0.39 kB │ gzip:     0.26 kB │ map:      1.20 kB
out/renderer/assets/birdhouse-CvWArXJ6.js                                0.39 kB │ gzip:     0.28 kB │ map:      1.35 kB
out/renderer/assets/cake-slice-CI0fgCAr.js                               0.39 kB │ gzip:     0.29 kB │ map:      1.25 kB
out/renderer/assets/clipboard-paste-Clyx7w5K.js                          0.39 kB │ gzip:     0.27 kB │ map:      1.36 kB
out/renderer/assets/square-dashed-bottom-code-Bk-xch6a.js                0.39 kB │ gzip:     0.26 kB │ map:      1.35 kB
out/renderer/assets/folder-archive-i8ALP0AC.js                           0.39 kB │ gzip:     0.28 kB │ map:      1.28 kB
out/renderer/assets/badge-turkish-lira-Cw-WObUR.js                       0.40 kB │ gzip:     0.26 kB │ map:      1.21 kB
out/renderer/assets/clipboard-clock-T2_WS166.js                          0.40 kB │ gzip:     0.28 kB │ map:      1.38 kB
out/renderer/assets/file-search-corner-D-2FycOJ.js                       0.40 kB │ gzip:     0.29 kB │ map:      1.30 kB
out/renderer/assets/network-Cp1CVwaO.js                                  0.40 kB │ gzip:     0.24 kB │ map:      1.43 kB
out/renderer/assets/sheet-BUskDn6I.js                                    0.40 kB │ gzip:     0.25 kB │ map:      1.47 kB
out/renderer/assets/alarm-clock-off-Cy5eIhmS.js                          0.40 kB │ gzip:     0.26 kB │ map:      1.35 kB
out/renderer/assets/caravan-3k1qpxHN.js                                  0.40 kB │ gzip:     0.27 kB │ map:      1.22 kB
out/renderer/assets/file-text-CXNhKV8a.js                                0.40 kB │ gzip:     0.26 kB │ map:      1.30 kB
out/renderer/assets/images-BvHEmIFV.js                                   0.40 kB │ gzip:     0.29 kB │ map:      1.28 kB
out/renderer/assets/message-circle-off-nSoRN4hB.js                       0.40 kB │ gzip:     0.29 kB │ map:      1.21 kB
out/renderer/assets/calendar-arrow-up-Cq1U5Pg1.js                        0.40 kB │ gzip:     0.26 kB │ map:      1.36 kB
out/renderer/assets/circle-pile-DeeHidbu.js                              0.40 kB │ gzip:     0.21 kB │ map:      1.49 kB
out/renderer/assets/ev-charger-Dy3YCH0D.js                               0.40 kB │ gzip:     0.26 kB │ map:      1.28 kB
out/renderer/assets/map-pin-x-CNWdx_g1.js                                0.40 kB │ gzip:     0.29 kB │ map:      1.26 kB
out/renderer/assets/square-parking-off-jVkeuZra.js                       0.40 kB │ gzip:     0.27 kB │ map:      1.31 kB
out/renderer/assets/touchpad-off--_DlRzeM.js                             0.40 kB │ gzip:     0.26 kB │ map:      1.34 kB
out/renderer/assets/door-open-BQmBrchv.js                                0.40 kB │ gzip:     0.27 kB │ map:      1.29 kB
out/renderer/assets/file-code-D-nGyjQL.js                                0.40 kB │ gzip:     0.27 kB │ map:      1.23 kB
out/renderer/assets/file-user-DjR5McPO.js                                0.40 kB │ gzip:     0.28 kB │ map:      1.26 kB
out/renderer/assets/milk-D5ilkKib.js                                     0.40 kB │ gzip:     0.27 kB │ map:      1.14 kB
out/renderer/assets/tent-tree-CnnpSNRK.js                                0.40 kB │ gzip:     0.26 kB │ map:      1.41 kB
out/renderer/assets/vibrate-off-CHvLhwE1.js                              0.40 kB │ gzip:     0.27 kB │ map:      1.32 kB
out/renderer/assets/badge-russian-ruble-2yhLw_7j.js                      0.40 kB │ gzip:     0.26 kB │ map:      1.22 kB
out/renderer/assets/bird-BGjTN81L.js                                     0.40 kB │ gzip:     0.27 kB │ map:      1.30 kB
out/renderer/assets/droplets-DsnTs_r8.js                                 0.40 kB │ gzip:     0.30 kB │ map:      1.14 kB
out/renderer/assets/file-stack-yky1BrBk.js                               0.40 kB │ gzip:     0.25 kB │ map:      1.18 kB
out/renderer/assets/flask-conical-off-CN0YTYZX.js                        0.40 kB │ gzip:     0.27 kB │ map:      1.36 kB
out/renderer/assets/hard-drive-Ytzlj7dC.js                               0.40 kB │ gzip:     0.26 kB │ map:      1.25 kB
out/renderer/assets/mouse-pointer-2-off-CqFY6H8J.js                      0.40 kB │ gzip:     0.29 kB │ map:      1.22 kB
out/renderer/assets/refresh-ccw-dot-QYqouj9j.js                          0.40 kB │ gzip:     0.27 kB │ map:      1.32 kB
out/renderer/assets/sparkle-CHnPA61-.js                                  0.40 kB │ gzip:     0.25 kB │ map:      1.03 kB
out/renderer/assets/banknote-x-B5UEc8TK.js                               0.40 kB │ gzip:     0.27 kB │ map:      1.35 kB
out/renderer/assets/gamepad-a5HAu97d.js                                  0.40 kB │ gzip:     0.26 kB │ map:      1.47 kB
out/renderer/assets/hd-CToJHXDH.js                                       0.40 kB │ gzip:     0.27 kB │ map:      1.31 kB
out/renderer/assets/pipette-DoaNMyW_.js                                  0.40 kB │ gzip:     0.27 kB │ map:      1.20 kB
out/renderer/assets/quote-DPr-iCF7.js                                    0.40 kB │ gzip:     0.20 kB │ map:      1.14 kB
out/renderer/assets/radio-Cb0fExu9.js                                    0.40 kB │ gzip:     0.27 kB │ map:      1.28 kB
out/renderer/assets/signpost-BkTDl5XM.js                                 0.40 kB │ gzip:     0.26 kB │ map:      1.16 kB
out/renderer/assets/briefcase-medical-DsljERSq.js                        0.40 kB │ gzip:     0.27 kB │ map:      1.42 kB
out/renderer/assets/git-branch-plus-C2bx2DVq.js                          0.40 kB │ gzip:     0.25 kB │ map:      1.36 kB
out/renderer/assets/id-card-lanyard-QLwPOe6-.js                          0.40 kB │ gzip:     0.28 kB │ map:      1.35 kB
out/renderer/assets/printer-check-_Ahyx_R-.js                            0.40 kB │ gzip:     0.26 kB │ map:      1.23 kB
out/renderer/assets/smile-plus-B2HEQh_q.js                               0.40 kB │ gzip:     0.26 kB │ map:      1.41 kB
out/renderer/assets/warehouse-BOSoQCTo.js                                0.40 kB │ gzip:     0.27 kB │ map:      1.23 kB
out/renderer/assets/axe-2cA59SPQ.js                                      0.40 kB │ gzip:     0.28 kB │ map:      1.08 kB
out/renderer/assets/calendar-arrow-down-m1l5COGh.js                      0.40 kB │ gzip:     0.26 kB │ map:      1.39 kB
out/renderer/assets/cassette-tape-DoR3A325.js                            0.40 kB │ gzip:     0.28 kB │ map:      1.40 kB
out/renderer/assets/clipboard-type-DqOHMRvy.js                           0.40 kB │ gzip:     0.27 kB │ map:      1.39 kB
out/renderer/assets/folder-pen-dSdyNIQ9.js                               0.40 kB │ gzip:     0.29 kB │ map:      1.15 kB
out/renderer/assets/git-compare-arrows-harfgHR-.js                       0.40 kB │ gzip:     0.27 kB │ map:      1.43 kB
out/renderer/assets/diamond-percent-DnzrEMQx.js                          0.40 kB │ gzip:     0.26 kB │ map:      1.27 kB
out/renderer/assets/alarm-clock-plus-BS4n7zC5.js                         0.40 kB │ gzip:     0.27 kB │ map:      1.45 kB
out/renderer/assets/badge-x-tctlFSdy.js                                  0.40 kB │ gzip:     0.26 kB │ map:      1.25 kB
out/renderer/assets/beef-DhJo5q05.js                                     0.40 kB │ gzip:     0.31 kB │ map:      1.21 kB
out/renderer/assets/earth-Csy7gYHv.js                                    0.40 kB │ gzip:     0.27 kB │ map:      1.26 kB
out/renderer/assets/map-pin-pen-DwB6NCzH.js                              0.40 kB │ gzip:     0.30 kB │ map:      1.21 kB
out/renderer/assets/sticky-note-off-CZqQ2aQE.js                          0.40 kB │ gzip:     0.27 kB │ map:      1.28 kB
out/renderer/assets/tram-front-DUN-43sN.js                               0.40 kB │ gzip:     0.27 kB │ map:      1.45 kB
out/renderer/assets/waves-ladder-CHWl9eUD.js                             0.40 kB │ gzip:     0.26 kB │ map:      1.32 kB
out/renderer/assets/clipboard-copy-hHlyjk88.js                           0.41 kB │ gzip:     0.28 kB │ map:      1.37 kB
out/renderer/assets/router-DHm4AqMb.js                                   0.41 kB │ gzip:     0.27 kB │ map:      1.37 kB
out/renderer/assets/life-buoy-Dr0J3GVE.js                                0.41 kB │ gzip:     0.25 kB │ map:      1.39 kB
out/renderer/assets/luggage-BQMvxhdd.js                                  0.41 kB │ gzip:     0.26 kB │ map:      1.33 kB
out/renderer/assets/drum-BiGdHHyO.js                                     0.41 kB │ gzip:     0.27 kB │ map:      1.41 kB
out/renderer/assets/file-lock-DL9B7Ygi.js                                0.41 kB │ gzip:     0.29 kB │ map:      1.30 kB
out/renderer/assets/hospital-Cd_AwucJ.js                                 0.41 kB │ gzip:     0.25 kB │ map:      1.30 kB
out/renderer/assets/image-play-CtW0c8UX.js                               0.41 kB │ gzip:     0.28 kB │ map:      1.27 kB
out/renderer/assets/popcorn-BVQxnDvG.js                                  0.41 kB │ gzip:     0.27 kB │ map:      1.26 kB
out/renderer/assets/badge-plus-BJPHDJxn.js                               0.41 kB │ gzip:     0.26 kB │ map:      1.27 kB
out/renderer/assets/building-2-Cd9gaBkC.js                               0.41 kB │ gzip:     0.26 kB │ map:      1.31 kB
out/renderer/assets/dice-6-DEiaE06T.js                                   0.41 kB │ gzip:     0.25 kB │ map:      1.45 kB
out/renderer/assets/message-circle-heart-3WVH6kkg.js                     0.41 kB │ gzip:     0.30 kB │ map:      1.20 kB
out/renderer/assets/paintbrush-vertical-CKUTZdtK.js                      0.41 kB │ gzip:     0.26 kB │ map:      1.29 kB
out/renderer/assets/shuffle-1TDEeeF-.js                                  0.41 kB │ gzip:     0.26 kB │ map:      1.27 kB
out/renderer/assets/train-front-sBa7pFaC.js                              0.41 kB │ gzip:     0.27 kB │ map:      1.34 kB
out/renderer/assets/align-vertical-distribute-center-W9GbQBDX.js         0.41 kB │ gzip:     0.27 kB │ map:      1.56 kB
out/renderer/assets/banknote-arrow-up-DOnmz0u0.js                        0.41 kB │ gzip:     0.27 kB │ map:      1.40 kB
out/renderer/assets/cloud-sync-DhUd714M.js                               0.41 kB │ gzip:     0.28 kB │ map:      1.29 kB
out/renderer/assets/map-pin-search-DoiJVVhs.js                           0.41 kB │ gzip:     0.29 kB │ map:      1.32 kB
out/renderer/assets/microscope-D-azm5n9.js                               0.41 kB │ gzip:     0.27 kB │ map:      1.34 kB
out/renderer/assets/banknote-arrow-down-BKFbyDPH.js                      0.41 kB │ gzip:     0.28 kB │ map:      1.41 kB
out/renderer/assets/calendar-search-BjuVgSse.js                          0.41 kB │ gzip:     0.28 kB │ map:      1.40 kB
out/renderer/assets/calendars-Bl0ajKdX.js                                0.41 kB │ gzip:     0.28 kB │ map:      1.39 kB
out/renderer/assets/file-key-lSZGW_u6.js                                 0.41 kB │ gzip:     0.29 kB │ map:      1.33 kB
out/renderer/assets/heart-off-mxVPuZRM.js                                0.41 kB │ gzip:     0.30 kB │ map:      1.21 kB
out/renderer/assets/landmark-YMfKw_WJ.js                                 0.41 kB │ gzip:     0.27 kB │ map:      1.36 kB
out/renderer/assets/view-CVsxEYyi.js                                     0.41 kB │ gzip:     0.27 kB │ map:      1.25 kB
out/renderer/assets/align-horizontal-distribute-center-CkZUQOAi.js       0.41 kB │ gzip:     0.27 kB │ map:      1.58 kB
out/renderer/assets/badge-dollar-sign-3QeDaR8Z.js                        0.41 kB │ gzip:     0.26 kB │ map:      1.22 kB
out/renderer/assets/badge-info-Xea2lCPQ.js                               0.41 kB │ gzip:     0.26 kB │ map:      1.27 kB
out/renderer/assets/baggage-claim-BeGreg6c.js                            0.41 kB │ gzip:     0.28 kB │ map:      1.41 kB
out/renderer/assets/calendar-off-D0lEQqUB.js                             0.41 kB │ gzip:     0.27 kB │ map:      1.35 kB
out/renderer/assets/pencil-off-C9Z9qDWF.js                               0.41 kB │ gzip:     0.29 kB │ map:      1.25 kB
out/renderer/assets/thermometer-sun-ChgZRiVz.js                          0.41 kB │ gzip:     0.27 kB │ map:      1.37 kB
out/renderer/assets/cannabis-0E240AmA.js                                 0.41 kB │ gzip:     0.28 kB │ map:      1.12 kB
out/renderer/assets/expand-DL3hqXRK.js                                   0.41 kB │ gzip:     0.25 kB │ map:      1.44 kB
out/renderer/assets/octagon-minus-DEi3cmVd.js                            0.41 kB │ gzip:     0.26 kB │ map:      1.14 kB
out/renderer/assets/pocket-knife-BnoGiDol.js                             0.41 kB │ gzip:     0.28 kB │ map:      1.29 kB
out/renderer/assets/projector-Cye3haCQ.js                                0.41 kB │ gzip:     0.27 kB │ map:      1.40 kB
out/renderer/assets/scan-search-_c3U254V.js                              0.41 kB │ gzip:     0.27 kB │ map:      1.38 kB
out/renderer/assets/shield-user-Di75sSKM.js                              0.41 kB │ gzip:     0.31 kB │ map:      1.22 kB
out/renderer/assets/badge-alert-BEDDEYS-.js                              0.41 kB │ gzip:     0.27 kB │ map:      1.28 kB
out/renderer/assets/file-heart-CXqeeMlG.js                               0.41 kB │ gzip:     0.29 kB │ map:      1.22 kB
out/renderer/assets/locate-off-BOtzRhLE.js                               0.41 kB │ gzip:     0.26 kB │ map:      1.40 kB
out/renderer/assets/swatch-book-BhS-Epaj.js                              0.41 kB │ gzip:     0.28 kB │ map:      1.26 kB
out/renderer/assets/backpack-AeC8nEc2.js                                 0.42 kB │ gzip:     0.25 kB │ map:      1.29 kB
out/renderer/assets/bandage-DiVNDIF1.js                                  0.42 kB │ gzip:     0.25 kB │ map:      1.45 kB
out/renderer/assets/file-headphone-D0p3HVKl.js                           0.42 kB │ gzip:     0.28 kB │ map:      1.25 kB
out/renderer/assets/motorbike-Oqy_3D98.js                                0.42 kB │ gzip:     0.28 kB │ map:      1.35 kB
out/renderer/assets/shield-question-mark-NOxG6vZ7.js                     0.42 kB │ gzip:     0.30 kB │ map:      1.24 kB
out/renderer/assets/badge-percent-sVw8QJ-l.js                            0.42 kB │ gzip:     0.26 kB │ map:      1.27 kB
out/renderer/assets/volume-2-6xMzFDz8.js                                 0.42 kB │ gzip:     0.29 kB │ map:      1.18 kB
out/renderer/assets/volume-x-CsqyVgTv.js                                 0.42 kB │ gzip:     0.29 kB │ map:      1.26 kB
out/renderer/assets/calendar-fold-18ijnZoY.js                            0.42 kB │ gzip:     0.27 kB │ map:      1.33 kB
out/renderer/assets/cloud-sun-BuCbIyIh.js                                0.42 kB │ gzip:     0.28 kB │ map:      1.34 kB
out/renderer/assets/hand-DaCERsGj.js                                     0.42 kB │ gzip:     0.26 kB │ map:      1.24 kB
out/renderer/assets/hat-glasses-DEwoWWjv.js                              0.42 kB │ gzip:     0.28 kB │ map:      1.38 kB
out/renderer/assets/mic-off-6YXkrmJO.js                                  0.42 kB │ gzip:     0.27 kB │ map:      1.33 kB
out/renderer/assets/sun-moon-BEaZKkIq.js                                 0.42 kB │ gzip:     0.29 kB │ map:      1.31 kB
out/renderer/assets/badge-swiss-franc-BEEyzCXf.js                        0.42 kB │ gzip:     0.26 kB │ map:      1.29 kB
out/renderer/assets/spline-pointer-9KUFsav1.js                           0.42 kB │ gzip:     0.30 kB │ map:      1.33 kB
out/renderer/assets/worm-DHBbbGfT.js                                     0.42 kB │ gzip:     0.30 kB │ map:      1.17 kB
out/renderer/assets/cloud-drizzle-CWw9qgPT.js                            0.42 kB │ gzip:     0.26 kB │ map:      1.42 kB
out/renderer/assets/jsx-runtime-Sl-DjM20.js                              0.42 kB │ gzip:     0.29 kB │ map:      1.93 kB
out/renderer/assets/fold-horizontal-B0AAbw9b.js                          0.42 kB │ gzip:     0.25 kB │ map:      1.50 kB
out/renderer/assets/hand-metal-BCPNAZN_.js                               0.42 kB │ gzip:     0.28 kB │ map:      1.26 kB
out/renderer/assets/square-centerline-dashed-horizontal-BIqM0PcU.js      0.42 kB │ gzip:     0.27 kB │ map:      1.48 kB
out/renderer/assets/candy-cane-q6iab1Ar.js                               0.42 kB │ gzip:     0.29 kB │ map:      1.33 kB
out/renderer/assets/database-search-C89UECIm.js                          0.42 kB │ gzip:     0.29 kB │ map:      1.45 kB
out/renderer/assets/hammer-DO-9gU1J.js                                   0.42 kB │ gzip:     0.30 kB │ map:      1.18 kB
out/renderer/assets/mail-question-mark-BRIlUjz_.js                       0.42 kB │ gzip:     0.30 kB │ map:      1.30 kB
out/renderer/assets/square-centerline-dashed-vertical-C5zkfARJ.js        0.42 kB │ gzip:     0.26 kB │ map:      1.47 kB
out/renderer/assets/unfold-horizontal-CV8Yn-s5.js                        0.42 kB │ gzip:     0.26 kB │ map:      1.51 kB
out/renderer/assets/cloud-hail-COYSJgGl.js                               0.42 kB │ gzip:     0.26 kB │ map:      1.41 kB
out/renderer/assets/file-chart-column-_Fq62YmL.js                        0.42 kB │ gzip:     0.28 kB │ map:      1.36 kB
out/renderer/assets/fold-vertical-DJ8okz-F.js                            0.42 kB │ gzip:     0.25 kB │ map:      1.49 kB
out/renderer/assets/loader-CYRdVCaZ.js                                   0.42 kB │ gzip:     0.25 kB │ map:      1.48 kB
out/renderer/assets/baby-Chft2lD_.js                                     0.42 kB │ gzip:     0.28 kB │ map:      1.23 kB
out/renderer/assets/bell-electric-DQlySw_T.js                            0.42 kB │ gzip:     0.29 kB │ map:      1.48 kB
out/renderer/assets/bell-ring-ZYYi5APj.js                                0.42 kB │ gzip:     0.30 kB │ map:      1.26 kB
out/renderer/assets/scissors-line-dashed-DfoDwLCh.js                     0.42 kB │ gzip:     0.27 kB │ map:      1.52 kB
out/renderer/assets/shield-ellipsis-BqnQ8Pbo.js                          0.42 kB │ gzip:     0.29 kB │ map:      1.29 kB
out/renderer/assets/sofa-NCozYNAW.js                                     0.42 kB │ gzip:     0.26 kB │ map:      1.29 kB
out/renderer/assets/test-tubes-DAR7N7kE.js                               0.42 kB │ gzip:     0.25 kB │ map:      1.35 kB
out/renderer/assets/chess-bishop-DpaN2srS.js                             0.42 kB │ gzip:     0.29 kB │ map:      1.29 kB
out/renderer/assets/circle-parking-off-BXxyBjUJ.js                       0.42 kB │ gzip:     0.29 kB │ map:      1.40 kB
out/renderer/assets/ruler-QwuWUzHp.js                                    0.42 kB │ gzip:     0.26 kB │ map:      1.30 kB
out/renderer/assets/umbrella-off-DvOLaWqg.js                             0.42 kB │ gzip:     0.29 kB │ map:      1.32 kB
out/renderer/assets/unfold-vertical-BhQvGDO7.js                          0.42 kB │ gzip:     0.25 kB │ map:      1.50 kB
out/renderer/assets/chart-no-axes-combined-BeUAS7_p.js                   0.43 kB │ gzip:     0.28 kB │ map:      1.43 kB
out/renderer/assets/map-pinned-nqnYBK9z.js                               0.43 kB │ gzip:     0.31 kB │ map:      1.26 kB
out/renderer/assets/mouse-pointer-click-BN8DfiFm.js                      0.43 kB │ gzip:     0.29 kB │ map:      1.39 kB
out/renderer/assets/text-cursor-input-BDcuUJuC.js                        0.43 kB │ gzip:     0.26 kB │ map:      1.33 kB
out/renderer/assets/car-front-DWYAyRAq.js                                0.43 kB │ gzip:     0.29 kB │ map:      1.42 kB
out/renderer/assets/file-image-DQAmlLMo.js                               0.43 kB │ gzip:     0.29 kB │ map:      1.29 kB
out/renderer/assets/heart-crack-BY8Excfb.js                              0.43 kB │ gzip:     0.31 kB │ map:      1.18 kB
out/renderer/assets/piano-DUDhcomo.js                                    0.43 kB │ gzip:     0.27 kB │ map:      1.36 kB
out/renderer/assets/plane-takeoff-B7MkgFme.js                            0.43 kB │ gzip:     0.30 kB │ map:      1.15 kB
out/renderer/assets/shield-off-Cwx06f58.js                               0.43 kB │ gzip:     0.30 kB │ map:      1.23 kB
out/renderer/assets/waves-arrow-up-BI_RWo2w.js                           0.43 kB │ gzip:     0.25 kB │ map:      1.32 kB
out/renderer/assets/cigarette-off-DaUpsfoN.js                            0.43 kB │ gzip:     0.26 kB │ map:      1.38 kB
out/renderer/assets/cloud-moon-rain-Dcm-SVLr.js                          0.43 kB │ gzip:     0.30 kB │ map:      1.29 kB
out/renderer/assets/magnet-Ckgyf-BK.js                                   0.43 kB │ gzip:     0.26 kB │ map:      1.18 kB
out/renderer/assets/mail-search-BNW7HvHl.js                              0.43 kB │ gzip:     0.30 kB │ map:      1.33 kB
out/renderer/assets/save-all-fuxM_cnW.js                                 0.43 kB │ gzip:     0.27 kB │ map:      1.26 kB
out/renderer/assets/usb-BW4tutAu.js                                      0.43 kB │ gzip:     0.28 kB │ map:      1.45 kB
out/renderer/assets/bell-check-yFGysgz8.js                               0.43 kB │ gzip:     0.30 kB │ map:      1.28 kB
out/renderer/assets/brush-cleaning-Bf47RqCl.js                           0.43 kB │ gzip:     0.28 kB │ map:      1.29 kB
out/renderer/assets/cloud-snow-c_Nhvbuy.js                               0.43 kB │ gzip:     0.26 kB │ map:      1.42 kB
out/renderer/assets/file-digit-CfP_Qokp.js                               0.43 kB │ gzip:     0.29 kB │ map:      1.38 kB
out/renderer/assets/scan-text-DNX4swo_.js                                0.43 kB │ gzip:     0.26 kB │ map:      1.42 kB
out/renderer/assets/locate-fixed-DFO3qhnN.js                             0.43 kB │ gzip:     0.25 kB │ map:      1.59 kB
out/renderer/assets/logs-CrciloDB.js                                     0.43 kB │ gzip:     0.23 kB │ map:      1.51 kB
out/renderer/assets/brick-wall-6MBfktHP.js                               0.43 kB │ gzip:     0.26 kB │ map:      1.53 kB
out/renderer/assets/haze-BW1151FA.js                                     0.43 kB │ gzip:     0.26 kB │ map:      1.46 kB
out/renderer/assets/printer-x-fD-Thr-6.js                                0.43 kB │ gzip:     0.27 kB │ map:      1.30 kB
out/renderer/assets/map-pin-house-Bj2JLyl-.js                            0.43 kB │ gzip:     0.30 kB │ map:      1.34 kB
out/renderer/assets/phone-missed-Bzq3fgYW.js                             0.43 kB │ gzip:     0.28 kB │ map:      1.21 kB
out/renderer/assets/roller-coaster-DpvU-Hb7.js                           0.43 kB │ gzip:     0.27 kB │ map:      1.44 kB
out/renderer/assets/waypoints-BkCXcL5G.js                                0.43 kB │ gzip:     0.25 kB │ map:      1.55 kB
out/renderer/assets/aperture-CwCJxWgT.js                                 0.43 kB │ gzip:     0.28 kB │ map:      1.45 kB
out/renderer/assets/badge-question-mark-r-raZ544.js                      0.43 kB │ gzip:     0.28 kB │ map:      1.29 kB
out/renderer/assets/bot-message-square-pbwBlFq2.js                       0.43 kB │ gzip:     0.27 kB │ map:      1.45 kB
out/renderer/assets/dices-NMuQH4XM.js                                    0.43 kB │ gzip:     0.28 kB │ map:      1.42 kB
out/renderer/assets/kayak-D_lBzTpm.js                                    0.43 kB │ gzip:     0.28 kB │ map:      1.25 kB
out/renderer/assets/package-minus-OyX9H5jf.js                            0.43 kB │ gzip:     0.29 kB │ map:      1.35 kB
out/renderer/assets/truck-kVZBnUOG.js                                    0.43 kB │ gzip:     0.29 kB │ map:      1.36 kB
out/renderer/assets/badge-indian-rupee-D_SR_CtT.js                       0.43 kB │ gzip:     0.27 kB │ map:      1.31 kB
out/renderer/assets/car-8bXgPWaD.js                                      0.43 kB │ gzip:     0.31 kB │ map:      1.29 kB
out/renderer/assets/cherry-AopyHzcg.js                                   0.43 kB │ gzip:     0.28 kB │ map:      1.22 kB
out/renderer/assets/factory-CFVcGSGo.js                                  0.43 kB │ gzip:     0.27 kB │ map:      1.25 kB
out/renderer/assets/file-chart-column-increasing-BqrCtUkI.js             0.43 kB │ gzip:     0.28 kB │ map:      1.42 kB
out/renderer/assets/film-DX5jHsNu.js                                     0.43 kB │ gzip:     0.26 kB │ map:      1.51 kB
out/renderer/assets/fire-extinguisher-BJ77D0_5.js                        0.43 kB │ gzip:     0.28 kB │ map:      1.40 kB
out/renderer/assets/phone-incoming-BJsAj32E.js                           0.43 kB │ gzip:     0.29 kB │ map:      1.23 kB
out/renderer/assets/scan-barcode-BaSw9Mgl.js                             0.43 kB │ gzip:     0.26 kB │ map:      1.44 kB
out/renderer/assets/tower-control-BK9wMuno.js                            0.43 kB │ gzip:     0.28 kB │ map:      1.45 kB
out/renderer/assets/anvil-cugiZyfE.js                                    0.43 kB │ gzip:     0.26 kB │ map:      1.31 kB
out/renderer/assets/file-play-DeZcj9QC.js                                0.43 kB │ gzip:     0.29 kB │ map:      1.24 kB
out/renderer/assets/hamburger-DMT0nF_e.js                                0.43 kB │ gzip:     0.28 kB │ map:      1.27 kB
out/renderer/assets/phone-outgoing-DiG5XnDU.js                           0.43 kB │ gzip:     0.29 kB │ map:      1.23 kB
out/renderer/assets/scan-heart-BIpk6IQW.js                               0.43 kB │ gzip:     0.28 kB │ map:      1.34 kB
out/renderer/assets/squirrel-Bnuk6gkJ.js                                 0.43 kB │ gzip:     0.29 kB │ map:      1.26 kB
out/renderer/assets/piggy-bank-BNm9UggE.js                               0.44 kB │ gzip:     0.28 kB │ map:      1.21 kB
out/renderer/assets/plane-landing-4fonZvFL.js                            0.44 kB │ gzip:     0.32 kB │ map:      1.16 kB
out/renderer/assets/sliders-horizontal-BV96K3UL.js                       0.44 kB │ gzip:     0.25 kB │ map:      1.60 kB
out/renderer/assets/align-center-vertical-B1-VCj9L.js                    0.44 kB │ gzip:     0.27 kB │ map:      1.36 kB
out/renderer/assets/map-f_78BaqB.js                                      0.44 kB │ gzip:     0.28 kB │ map:      1.19 kB
out/renderer/assets/phone-forwarded-Bw22nhyk.js                          0.44 kB │ gzip:     0.29 kB │ map:      1.24 kB
out/renderer/assets/shopping-basket-DAzkF2i8.js                          0.44 kB │ gzip:     0.28 kB │ map:      1.45 kB
out/renderer/assets/toolbox-Cglqqy15.js                                  0.44 kB │ gzip:     0.27 kB │ map:      1.32 kB
out/renderer/assets/clipboard-list-BXc5tZHV.js                           0.44 kB │ gzip:     0.28 kB │ map:      1.49 kB
out/renderer/assets/shelving-unit-Bq70NGiY.js                            0.44 kB │ gzip:     0.26 kB │ map:      1.44 kB
out/renderer/assets/sticker-D09W_Xa5.js                                  0.44 kB │ gzip:     0.28 kB │ map:      1.32 kB
out/renderer/assets/wifi-pen-B99IykQP.js                                 0.44 kB │ gzip:     0.30 kB │ map:      1.27 kB
out/renderer/assets/zap-off-Bhaw_UFs.js                                  0.44 kB │ gzip:     0.30 kB │ map:      1.26 kB
out/renderer/assets/align-center-horizontal-BnUI1ZVS.js                  0.44 kB │ gzip:     0.27 kB │ map:      1.37 kB
out/renderer/assets/badge-pound-sterling--d67uacl.js                     0.44 kB │ gzip:     0.27 kB │ map:      1.33 kB
out/renderer/assets/notebook-text-Bf5A0kvr.js                            0.44 kB │ gzip:     0.27 kB │ map:      1.56 kB
out/renderer/assets/server-crash-CwHqvriG.js                             0.44 kB │ gzip:     0.26 kB │ map:      1.38 kB
out/renderer/assets/book-open-text-Dn17juoH.js                           0.44 kB │ gzip:     0.26 kB │ map:      1.43 kB
out/renderer/assets/cable-car-DQBt1gQC.js                                0.44 kB │ gzip:     0.28 kB │ map:      1.54 kB
out/renderer/assets/calendar-range-DyKVPt7U.js                           0.44 kB │ gzip:     0.28 kB │ map:      1.57 kB
out/renderer/assets/carrot-mYCNQ09D.js                                   0.44 kB │ gzip:     0.30 kB │ map:      1.20 kB
out/renderer/assets/eye-off-D8dr7JVV.js                                  0.44 kB │ gzip:     0.28 kB │ map:      1.31 kB
out/renderer/assets/hand-coins-D0vGakMx.js                               0.44 kB │ gzip:     0.31 kB │ map:      1.40 kB
out/renderer/assets/package-check-DBxh8lwc.js                            0.44 kB │ gzip:     0.30 kB │ map:      1.36 kB
out/renderer/assets/flashlight-off-C6_1t06F.js                           0.44 kB │ gzip:     0.30 kB │ map:      1.38 kB
out/renderer/assets/spotlight-qMOeKYvQ.js                                0.44 kB │ gzip:     0.30 kB │ map:      1.34 kB
out/renderer/assets/tags-DEJLCY6L.js                                     0.44 kB │ gzip:     0.30 kB │ map:      1.25 kB
out/renderer/assets/transgender-MnqoXpXc.js                              0.44 kB │ gzip:     0.27 kB │ map:      1.53 kB
out/renderer/assets/briefcase-conveyor-belt-CtjqD1rU.js                  0.44 kB │ gzip:     0.28 kB │ map:      1.55 kB
out/renderer/assets/camera-off-2heKYfAw.js                               0.44 kB │ gzip:     0.30 kB │ map:      1.30 kB
out/renderer/assets/headphone-off-BFLG2Z6q.js                            0.44 kB │ gzip:     0.28 kB │ map:      1.36 kB
out/renderer/assets/map-minus-BfPp_xXu.js                                0.44 kB │ gzip:     0.29 kB │ map:      1.27 kB
out/renderer/assets/chart-candlestick-0-XNX8AG.js                        0.44 kB │ gzip:     0.29 kB │ map:      1.58 kB
out/renderer/assets/construction-BVTQXJtO.js                             0.44 kB │ gzip:     0.28 kB │ map:      1.57 kB
out/renderer/assets/biceps-flexed-CkmjcXOQ.js                            0.45 kB │ gzip:     0.32 kB │ map:      1.24 kB
out/renderer/assets/boom-box-bKDOJhB1.js                                 0.45 kB │ gzip:     0.28 kB │ map:      1.54 kB
out/renderer/assets/castle-CXGKc4Gu.js                                   0.45 kB │ gzip:     0.27 kB │ map:      1.48 kB
out/renderer/assets/clover-BW_Uougk.js                                   0.45 kB │ gzip:     0.26 kB │ map:      1.20 kB
out/renderer/assets/file-type-corner-DAnlEO37.js                         0.45 kB │ gzip:     0.29 kB │ map:      1.38 kB
out/renderer/assets/ruler-dimension-line-3857mte1.js                     0.45 kB │ gzip:     0.27 kB │ map:      1.60 kB
out/renderer/assets/sunrise-B4nt72hF.js                                  0.45 kB │ gzip:     0.27 kB │ map:      1.49 kB
out/renderer/assets/sunset-DdDl_axb.js                                   0.45 kB │ gzip:     0.27 kB │ map:      1.48 kB
out/renderer/assets/calendar-heart-UIZwXAvC.js                           0.45 kB │ gzip:     0.29 kB │ map:      1.38 kB
out/renderer/assets/file-signal-B_5Rswvi.js                              0.45 kB │ gzip:     0.29 kB │ map:      1.35 kB
out/renderer/assets/ham-CAhqnM_W.js                                      0.45 kB │ gzip:     0.28 kB │ map:      1.29 kB
out/renderer/assets/house-plug-CgvKKkdl.js                               0.45 kB │ gzip:     0.27 kB │ map:      1.30 kB
out/renderer/assets/layers-BfbcC_-X.js                                   0.45 kB │ gzip:     0.26 kB │ map:      1.27 kB
out/renderer/assets/scan-face-Bp13zwfj.js                                0.45 kB │ gzip:     0.27 kB │ map:      1.44 kB
out/renderer/assets/bot-off-DUYOEuiX.js                                  0.45 kB │ gzip:     0.27 kB │ map:      1.43 kB
out/renderer/assets/chunk-FOC6F5B3-rsWiD-N3.js                           0.45 kB │ gzip:     0.31 kB │ map:      1.94 kB
out/renderer/assets/octagon-x-DQLAMDqg.js                                0.45 kB │ gzip:     0.28 kB │ map:      1.22 kB
out/renderer/assets/sliders-vertical-Db5BZYpk.js                         0.45 kB │ gzip:     0.26 kB │ map:      1.59 kB
out/renderer/assets/phone-call-CHzlZZxZ.js                               0.45 kB │ gzip:     0.29 kB │ map:      1.23 kB
out/renderer/assets/wine-off-B7Rz26QV.js                                 0.45 kB │ gzip:     0.32 kB │ map:      1.38 kB
out/renderer/assets/alarm-smoke-Cy9xQNg9.js                              0.45 kB │ gzip:     0.27 kB │ map:      1.34 kB
out/renderer/assets/barrel-DWfma75o.js                                   0.45 kB │ gzip:     0.26 kB │ map:      1.34 kB
out/renderer/assets/clock-fading-DQkqZT6d.js                             0.45 kB │ gzip:     0.28 kB │ map:      1.40 kB
out/renderer/assets/file-sliders-DxjaZdLm.js                             0.45 kB │ gzip:     0.28 kB │ map:      1.42 kB
out/renderer/assets/folder-sync-BeapaEgg.js                              0.45 kB │ gzip:     0.29 kB │ map:      1.36 kB
out/renderer/assets/group-BYKU00lI.js                                    0.45 kB │ gzip:     0.29 kB │ map:      1.47 kB
out/renderer/assets/file-pen-D1Ep4kAE.js                                 0.45 kB │ gzip:     0.31 kB │ map:      1.25 kB
out/renderer/assets/file-type-B1kAFmOH.js                                0.45 kB │ gzip:     0.29 kB │ map:      1.35 kB
out/renderer/assets/octagon-pause-BK3Y6BPj.js                            0.45 kB │ gzip:     0.27 kB │ map:      1.24 kB
out/renderer/assets/unplug-BGjByotD.js                                   0.45 kB │ gzip:     0.27 kB │ map:      1.41 kB
out/renderer/assets/clipboard-pen-oeIFEYp5.js                            0.45 kB │ gzip:     0.31 kB │ map:      1.36 kB
out/renderer/assets/megaphone-off-DkhQWj9t.js                            0.45 kB │ gzip:     0.30 kB │ map:      1.35 kB
out/renderer/assets/chunk-2KRD3SAO-Dz76-wlv.js                           0.45 kB │ gzip:     0.31 kB │ map:      1.93 kB
out/renderer/assets/file-spreadsheet-DF-jivSb.js                         0.45 kB │ gzip:     0.28 kB │ map:      1.45 kB
out/renderer/assets/repeat-off-jHF9FuO9.js                               0.45 kB │ gzip:     0.29 kB │ map:      1.45 kB
out/renderer/assets/bean-off-vmcrU3f_.js                                 0.46 kB │ gzip:     0.32 kB │ map:      1.36 kB
out/renderer/assets/octagon-alert-CFjLJyc-.js                            0.46 kB │ gzip:     0.27 kB │ map:      1.24 kB
out/renderer/assets/van-BOxQuQK1.js                                      0.46 kB │ gzip:     0.30 kB │ map:      1.39 kB
out/renderer/assets/chunk-67CJDMHE-BuA4TK_W.js                           0.46 kB │ gzip:     0.31 kB │ map:      1.98 kB
out/renderer/assets/chunk-KGLVRYIC-CTpYDl1A.js                           0.46 kB │ gzip:     0.31 kB │ map:      1.92 kB
out/renderer/assets/badge-japanese-yen-CNF_1FfV.js                       0.46 kB │ gzip:     0.27 kB │ map:      1.39 kB
out/renderer/assets/file-archive-Bm3cuD4c.js                             0.46 kB │ gzip:     0.30 kB │ map:      1.46 kB
out/renderer/assets/wand-Gx5evVIt.js                                     0.46 kB │ gzip:     0.27 kB │ map:      1.55 kB
out/renderer/assets/shredder-CS6lfe8P.js                                 0.46 kB │ gzip:     0.28 kB │ map:      1.47 kB
out/renderer/assets/atom-kRubnAy0.js                                     0.46 kB │ gzip:     0.30 kB │ map:      1.27 kB
out/renderer/assets/database-backup-Cyn8cKMO.js                          0.46 kB │ gzip:     0.31 kB │ map:      1.49 kB
out/renderer/assets/milk-off-BDM3iKKp.js                                 0.46 kB │ gzip:     0.31 kB │ map:      1.33 kB
out/renderer/assets/replace-CSidsrIJ.js                                  0.46 kB │ gzip:     0.29 kB │ map:      1.50 kB
out/renderer/assets/route-off-IQ3CmmsI.js                                0.46 kB │ gzip:     0.30 kB │ map:      1.50 kB
out/renderer/assets/chart-network-B_KNLaK9.js                            0.46 kB │ gzip:     0.29 kB │ map:      1.56 kB
out/renderer/assets/chess-rook-BnJLm2kn.js                               0.46 kB │ gzip:     0.27 kB │ map:      1.47 kB
out/renderer/assets/combine-xyYuhVPs.js                                  0.46 kB │ gzip:     0.27 kB │ map:      1.49 kB
out/renderer/assets/medal-DfcIfJzZ.js                                    0.46 kB │ gzip:     0.30 kB │ map:      1.43 kB
out/renderer/assets/rocket-Dp4ypber.js                                   0.46 kB │ gzip:     0.31 kB │ map:      1.33 kB
out/renderer/assets/church-46XA5BG9.js                                   0.46 kB │ gzip:     0.30 kB │ map:      1.38 kB
out/renderer/assets/keyboard-C1zLwUaU.js                                 0.46 kB │ gzip:     0.26 kB │ map:      1.64 kB
out/renderer/assets/traffic-cone-DpVxyEJ0.js                             0.46 kB │ gzip:     0.31 kB │ map:      1.32 kB
out/renderer/assets/ear-off-Cx7iwP16.js                                  0.47 kB │ gzip:     0.32 kB │ map:      1.36 kB
out/renderer/assets/sandwich-DBMy8CPX.js                                 0.47 kB │ gzip:     0.31 kB │ map:      1.38 kB
out/renderer/assets/car-taxi-front-C4s7-RlF.js                           0.47 kB │ gzip:     0.31 kB │ map:      1.55 kB
out/renderer/assets/leafy-green-kqcEdAqu.js                              0.47 kB │ gzip:     0.32 kB │ map:      1.18 kB
out/renderer/assets/rabbit-n5szTShI.js                                   0.47 kB │ gzip:     0.31 kB │ map:      1.35 kB
out/renderer/assets/radio-off-BV4lzt0Y.js                                0.47 kB │ gzip:     0.30 kB │ map:      1.40 kB
out/renderer/assets/rat-C-4EDl_d.js                                      0.47 kB │ gzip:     0.31 kB │ map:      1.34 kB
out/renderer/assets/fence-CczqfS9f.js                                    0.47 kB │ gzip:     0.25 kB │ map:      1.44 kB
out/renderer/assets/file-video-camera-KSp7Zrg9.js                        0.47 kB │ gzip:     0.33 kB │ map:      1.43 kB
out/renderer/assets/flower-2-_twJVlks.js                                 0.47 kB │ gzip:     0.30 kB │ map:      1.39 kB
out/renderer/assets/pizza-CqGPTve-.js                                    0.47 kB │ gzip:     0.30 kB │ map:      1.35 kB
out/renderer/assets/squares-subtract-BTfHtSop.js                         0.47 kB │ gzip:     0.27 kB │ map:      1.47 kB
out/renderer/assets/chess-king-S5yYkeb8.js                               0.47 kB │ gzip:     0.32 kB │ map:      1.32 kB
out/renderer/assets/notebook-tabs-C1Fj8RxG.js                            0.47 kB │ gzip:     0.28 kB │ map:      1.65 kB
out/renderer/assets/rose-cacK_T7M.js                                     0.47 kB │ gzip:     0.33 kB │ map:      1.39 kB
out/renderer/assets/shrimp-BpMuF40P.js                                   0.47 kB │ gzip:     0.31 kB │ map:      1.36 kB
out/renderer/assets/handshake-DnN4jX5L.js                                0.47 kB │ gzip:     0.30 kB │ map:      1.37 kB
out/renderer/assets/package-plus-jsXnC0Fl.js                             0.47 kB │ gzip:     0.30 kB │ map:      1.45 kB
out/renderer/assets/container-Cr8-UIvH.js                                0.47 kB │ gzip:     0.31 kB │ map:      1.37 kB
out/renderer/assets/server-off-DQ6A8LSR.js                               0.47 kB │ gzip:     0.29 kB │ map:      1.41 kB
out/renderer/assets/hand-grab-BZFAytd0.js                                0.47 kB │ gzip:     0.26 kB │ map:      1.36 kB
out/renderer/assets/phone-off-DMRjasMN.js                                0.47 kB │ gzip:     0.30 kB │ map:      1.28 kB
out/renderer/assets/amphora-DYjKseX0.js                                  0.48 kB │ gzip:     0.29 kB │ map:      1.41 kB
out/renderer/assets/bus-front-atHSIPC-.js                                0.48 kB │ gzip:     0.29 kB │ map:      1.64 kB
out/renderer/assets/footprints-iCzxmZJw.js                               0.48 kB │ gzip:     0.32 kB │ map:      1.35 kB
out/renderer/assets/forklift-B7CgZKXg.js                                 0.48 kB │ gzip:     0.30 kB │ map:      1.55 kB
out/renderer/assets/train-front-tunnel-BkDbj-_c.js                       0.48 kB │ gzip:     0.30 kB │ map:      1.51 kB
out/renderer/assets/file-pen-line-Bd9UIlJ_.js                            0.48 kB │ gzip:     0.31 kB │ map:      1.38 kB
out/renderer/assets/keyboard-music-CXe3Olmu.js                           0.48 kB │ gzip:     0.28 kB │ map:      1.67 kB
out/renderer/assets/shovel-DahQvCNj.js                                   0.48 kB │ gzip:     0.31 kB │ map:      1.27 kB
out/renderer/assets/package-x-DX3_b2sz.js                                0.48 kB │ gzip:     0.31 kB │ map:      1.44 kB
out/renderer/assets/panel-top-bottom-dashed-BJd1TKxz.js                  0.48 kB │ gzip:     0.28 kB │ map:      1.71 kB
out/renderer/assets/sticky-notes-kBfizpTw.js                             0.48 kB │ gzip:     0.27 kB │ map:      1.36 kB
out/renderer/assets/tickets-plane-CgOLIxsl.js                            0.48 kB │ gzip:     0.32 kB │ map:      1.54 kB
out/renderer/assets/volleyball-DW2VAqrA.js                               0.48 kB │ gzip:     0.30 kB │ map:      1.44 kB
out/renderer/assets/bus-FIDUNtPP.js                                      0.48 kB │ gzip:     0.31 kB │ map:      1.52 kB
out/renderer/assets/helicopter-BjK5jqdm.js                               0.48 kB │ gzip:     0.28 kB │ map:      1.55 kB
out/renderer/assets/map-plus-DDRHvPnH.js                                 0.48 kB │ gzip:     0.31 kB │ map:      1.37 kB
out/renderer/assets/radio-tower-CYW6TpNP.js                              0.48 kB │ gzip:     0.31 kB │ map:      1.51 kB
out/renderer/assets/key-square-D0yPY_wE.js                               0.48 kB │ gzip:     0.30 kB │ map:      1.29 kB
out/renderer/assets/school-fjb2k7YV.js                                   0.48 kB │ gzip:     0.31 kB │ map:      1.45 kB
out/renderer/assets/square-scissors-D57fQe03.js                          0.48 kB │ gzip:     0.30 kB │ map:      1.67 kB
out/renderer/assets/image-off-C-H6G91M.js                                0.48 kB │ gzip:     0.30 kB │ map:      1.58 kB
out/renderer/assets/pen-tool-C5oSqNrW.js                                 0.48 kB │ gzip:     0.31 kB │ map:      1.39 kB
out/renderer/assets/file-badge-BaPkRKRT.js                               0.48 kB │ gzip:     0.33 kB │ map:      1.38 kB
out/renderer/assets/panel-left-right-dashed-BHMxoQBO.js                  0.48 kB │ gzip:     0.28 kB │ map:      1.71 kB
out/renderer/assets/sun-BoxMfotM.js                                      0.48 kB │ gzip:     0.27 kB │ map:      1.61 kB
out/renderer/assets/heart-handshake-B3kFs5b2.js                          0.48 kB │ gzip:     0.32 kB │ map:      1.16 kB
out/renderer/assets/cat-M1iayEFr.js                                      0.49 kB │ gzip:     0.33 kB │ map:      1.29 kB
out/renderer/assets/earth-lock-DEPg78rj.js                               0.49 kB │ gzip:     0.31 kB │ map:      1.48 kB
out/renderer/assets/origami-xymc5aBp.js                                  0.49 kB │ gzip:     0.32 kB │ map:      1.28 kB
out/renderer/assets/waves-arrow-down-DSMMVpdR.js                         0.49 kB │ gzip:     0.31 kB │ map:      1.39 kB
out/renderer/assets/pointer-BF3RiBTt.js                                  0.49 kB │ gzip:     0.29 kB │ map:      1.38 kB
out/renderer/assets/wifi-off-WMS_Tj3H.js                                 0.49 kB │ gzip:     0.29 kB │ map:      1.47 kB
out/renderer/assets/scan-eye-CmP3wX12.js                                 0.49 kB │ gzip:     0.30 kB │ map:      1.47 kB
out/renderer/assets/chess-knight-D-M9iLq5.js                             0.49 kB │ gzip:     0.32 kB │ map:      1.42 kB
out/renderer/assets/circle-fading-plus-BuzlktXV.js                       0.49 kB │ gzip:     0.29 kB │ map:      1.53 kB
out/renderer/assets/file-braces-corner-C7n5YZR7.js                       0.49 kB │ gzip:     0.29 kB │ map:      1.40 kB
out/renderer/assets/message-square-heart-C2S8LiYR.js                     0.49 kB │ gzip:     0.33 kB │ map:      1.28 kB
out/renderer/assets/tree-palm-YHj31PZw.js                                0.49 kB │ gzip:     0.34 kB │ map:      1.34 kB
out/renderer/assets/file-scan-DdwbuGvV.js                                0.49 kB │ gzip:     0.29 kB │ map:      1.45 kB
out/renderer/assets/beer-DLUaLB3T.js                                     0.49 kB │ gzip:     0.31 kB │ map:      1.37 kB
out/renderer/assets/cloud-sun-rain-D6iX2VAY.js                           0.49 kB │ gzip:     0.30 kB │ map:      1.57 kB
out/renderer/assets/file-chart-pie-D8TYQZAD.js                           0.49 kB │ gzip:     0.33 kB │ map:      1.39 kB
out/renderer/assets/sun-dim-BSJA-Yv3.js                                  0.49 kB │ gzip:     0.27 kB │ map:      1.63 kB
out/renderer/assets/tooltipContext-DEpzwoPg.js                           0.49 kB │ gzip:     0.27 kB │ map:      2.95 kB
out/renderer/assets/chunk-CIAEETIT-DMOoq7lA.js                           0.50 kB │ gzip:     0.35 kB │ map:      2.06 kB
out/renderer/assets/ferris-wheel-CFJ7xy_a.js                             0.50 kB │ gzip:     0.30 kB │ map:      1.66 kB
out/renderer/assets/file-braces-BZcYrHXA.js                              0.50 kB │ gzip:     0.29 kB │ map:      1.37 kB
out/renderer/assets/hand-platter-S29TN9be.js                             0.50 kB │ gzip:     0.33 kB │ map:      1.47 kB
out/renderer/assets/save-off-B8uNgSuI.js                                 0.50 kB │ gzip:     0.31 kB │ map:      1.50 kB
out/renderer/assets/siren-ip7Fvj7p.js                                    0.50 kB │ gzip:     0.29 kB │ map:      1.55 kB
out/renderer/assets/soap-dispenser-droplet-FSt9hZM9.js                   0.50 kB │ gzip:     0.33 kB │ map:      1.43 kB
out/renderer/assets/package-search-onfihcv8.js                           0.50 kB │ gzip:     0.33 kB │ map:      1.51 kB
out/renderer/assets/settings-Pr862CSM.js                                 0.50 kB │ gzip:     0.27 kB │ map:      1.24 kB
out/renderer/assets/star-Bd0F1WW1.js                                     0.50 kB │ gzip:     0.31 kB │ map:      1.12 kB
out/renderer/assets/wifi-sync-CTfHx53w.js                                0.50 kB │ gzip:     0.30 kB │ map:      1.49 kB
out/renderer/assets/circle-fading-arrow-up-BUGR4mOC.js                   0.50 kB │ gzip:     0.30 kB │ map:      1.56 kB
out/renderer/assets/clipboard-pen-line-BR_f8TXf.js                       0.50 kB │ gzip:     0.32 kB │ map:      1.51 kB
out/renderer/assets/thermometer-snowflake-DTbVEpOe.js                    0.50 kB │ gzip:     0.32 kB │ map:      1.62 kB
out/renderer/assets/map-pin-off-D7GlsPbu.js                              0.50 kB │ gzip:     0.33 kB │ map:      1.41 kB
out/renderer/assets/microchip-JYntEJoJ.js                                0.50 kB │ gzip:     0.28 kB │ map:      1.73 kB
out/renderer/assets/notebook-pen-DH5vYXqJ.js                             0.50 kB │ gzip:     0.30 kB │ map:      1.47 kB
out/renderer/assets/salad-BCSJpqGY.js                                    0.50 kB │ gzip:     0.30 kB │ map:      1.38 kB
out/renderer/assets/square-dashed-top-solid-DBmM0qdR.js                  0.50 kB │ gzip:     0.27 kB │ map:      1.68 kB
out/renderer/assets/trophy-BBOZkb7N.js                                   0.50 kB │ gzip:     0.29 kB │ map:      1.42 kB
out/renderer/assets/volume-off-CeVtMsFu.js                               0.50 kB │ gzip:     0.33 kB │ map:      1.40 kB
out/renderer/assets/lamp-desk-CFsJispD.js                                0.50 kB │ gzip:     0.32 kB │ map:      1.35 kB
out/renderer/assets/image-upscale-7zr6T-CD.js                            0.50 kB │ gzip:     0.31 kB │ map:      1.63 kB
out/renderer/assets/cable-X_twg0y_.js                                    0.51 kB │ gzip:     0.28 kB │ map:      1.52 kB
out/renderer/assets/calendar-days-DM_SqD2j.js                            0.51 kB │ gzip:     0.27 kB │ map:      1.77 kB
out/renderer/assets/folder-tree-BtUsOb9s.js                              0.51 kB │ gzip:     0.28 kB │ map:      1.38 kB
out/renderer/assets/ship-DZ_-0QRV.js                                     0.51 kB │ gzip:     0.30 kB │ map:      1.41 kB
out/renderer/assets/sparkles-vQ8t7WCW.js                                 0.51 kB │ gzip:     0.29 kB │ map:      1.37 kB
out/renderer/assets/webhook-off-or086KPs.js                              0.51 kB │ gzip:     0.32 kB │ map:      1.51 kB
out/renderer/assets/circle-star-Cot1qYXi.js                              0.51 kB │ gzip:     0.33 kB │ map:      1.25 kB
out/renderer/assets/solar-panel-CzsqI2Ha.js                              0.51 kB │ gzip:     0.32 kB │ map:      1.54 kB
out/renderer/assets/sun-medium-8_isvQ4X.js                               0.51 kB │ gzip:     0.29 kB │ map:      1.65 kB
out/renderer/assets/layers-plus-CzJT7FUK.js                              0.51 kB │ gzip:     0.30 kB │ map:      1.41 kB
out/renderer/assets/store-DhkqoK_T.js                                    0.51 kB │ gzip:     0.29 kB │ map:      1.28 kB
out/renderer/assets/blender-BDKu-0Rt.js                                  0.51 kB │ gzip:     0.32 kB │ map:      1.46 kB
out/renderer/assets/cake-C5x94w1x.js                                     0.51 kB │ gzip:     0.28 kB │ map:      1.60 kB
out/renderer/assets/drill-CQ4RFnMr.js                                    0.51 kB │ gzip:     0.29 kB │ map:      1.47 kB
out/renderer/assets/pointer-off-CwXGaRek.js                              0.52 kB │ gzip:     0.32 kB │ map:      1.50 kB
out/renderer/assets/scan-qr-code-B1bTgbsB.js                             0.52 kB │ gzip:     0.31 kB │ map:      1.64 kB
out/renderer/assets/calendar-sync-CnK1s359.js                            0.52 kB │ gzip:     0.30 kB │ map:      1.59 kB
out/renderer/assets/cctv-DxmTpHWa.js                                     0.52 kB │ gzip:     0.32 kB │ map:      1.42 kB
out/renderer/assets/palette-fZO8QeRf.js                                  0.52 kB │ gzip:     0.28 kB │ map:      1.59 kB
out/renderer/assets/square-star-Sfe5gEId.js                              0.52 kB │ gzip:     0.34 kB │ map:      1.29 kB
out/renderer/assets/hand-heart-CYinUJnS.js                               0.52 kB │ gzip:     0.35 kB │ map:      1.39 kB
out/renderer/assets/shower-head-nQnohw57.js                              0.52 kB │ gzip:     0.28 kB │ map:      1.70 kB
out/renderer/assets/wand-sparkles-DMP_J1kF.js                            0.52 kB │ gzip:     0.30 kB │ map:      1.64 kB
out/renderer/assets/broccoli-Bx_l3gMj.js                                 0.53 kB │ gzip:     0.34 kB │ map:      1.39 kB
out/renderer/assets/zodiac-aquarius-C4FLb0qb.js                          0.53 kB │ gzip:     0.26 kB │ map:      1.30 kB
out/renderer/assets/chunk-EDXVE4YY-5dG67Ly4.js                           0.53 kB │ gzip:     0.38 kB │ map:      2.00 kB
out/renderer/assets/chart-scatter-BgKgAXUV.js                            0.53 kB │ gzip:     0.27 kB │ map:      1.69 kB
out/renderer/assets/radar-dOHxJ_h5.js                                    0.53 kB │ gzip:     0.32 kB │ map:      1.59 kB
out/renderer/assets/refresh-cw-off-DfVHhrl1.js                           0.53 kB │ gzip:     0.33 kB │ map:      1.54 kB
out/renderer/assets/grip-AaVJkIyV.js                                     0.53 kB │ gzip:     0.24 kB │ map:      1.87 kB
out/renderer/assets/hotel-CVkUd7Pf.js                                    0.53 kB │ gzip:     0.30 kB │ map:      1.74 kB
out/renderer/assets/brick-wall-fire-19FRA7IO.js                          0.53 kB │ gzip:     0.33 kB │ map:      1.60 kB
out/renderer/assets/codeowners-BfwcyLX8.js                               0.54 kB │ gzip:     0.31 kB │ map:      1.04 kB
out/renderer/assets/codeowners-BwItAW-2.js                               0.54 kB │ gzip:     0.31 kB │ map:      1.06 kB
out/renderer/assets/dam-CReGjJ0t.js                                      0.54 kB │ gzip:     0.30 kB │ map:      1.53 kB
out/renderer/assets/panda-B9bbn_kc.js                                    0.54 kB │ gzip:     0.33 kB │ map:      1.48 kB
out/renderer/assets/unlink-DsitODY8.js                                   0.54 kB │ gzip:     0.30 kB │ map:      1.70 kB
out/renderer/assets/file-volume-BVOE_-YA.js                              0.54 kB │ gzip:     0.33 kB │ map:      1.42 kB
out/renderer/assets/ambulance-BElnrZsP.js                                0.54 kB │ gzip:     0.33 kB │ map:      1.62 kB
out/renderer/assets/ship-wheel-CqiWvORq.js                               0.55 kB │ gzip:     0.31 kB │ map:      1.78 kB
out/renderer/assets/star-off-D5zI5xGZ.js                                 0.55 kB │ gzip:     0.35 kB │ map:      1.34 kB
out/renderer/assets/university-4tT5oChm.js                               0.55 kB │ gzip:     0.33 kB │ map:      1.60 kB
out/renderer/assets/tool-case-Bc-2Uffz.js                                0.55 kB │ gzip:     0.36 kB │ map:      1.45 kB
out/renderer/assets/spray-can-C0phLbuc.js                                0.55 kB │ gzip:     0.31 kB │ map:      1.76 kB
out/renderer/assets/hand-fist-Cy6j-1pA.js                                0.55 kB │ gzip:     0.35 kB │ map:      1.39 kB
out/renderer/assets/keyboard-off-BLykVyQ7.js                             0.55 kB │ gzip:     0.31 kB │ map:      1.75 kB
out/renderer/assets/soup-D9UmRLyh.js                                     0.55 kB │ gzip:     0.30 kB │ map:      1.54 kB
out/renderer/assets/theater-BUhWI86U.js                                  0.55 kB │ gzip:     0.29 kB │ map:      1.67 kB
out/renderer/assets/truck-electric-CVRo5EiZ.js                           0.56 kB │ gzip:     0.33 kB │ map:      1.68 kB
out/renderer/assets/user-star-BC-6U3Gn.js                                0.56 kB │ gzip:     0.35 kB │ map:      1.35 kB
out/renderer/assets/calculator-BHPQgEwS.js                               0.56 kB │ gzip:     0.30 kB │ map:      1.87 kB
out/renderer/assets/guitar-BOUuZveZ.js                                   0.56 kB │ gzip:     0.34 kB │ map:      1.41 kB
out/renderer/assets/radiation-CIntCz5T.js                                0.56 kB │ gzip:     0.33 kB │ map:      1.46 kB
out/renderer/assets/memory-stick-DUAsesQy.js                             0.56 kB │ gzip:     0.29 kB │ map:      1.86 kB
out/renderer/assets/bow-arrow-BEyQN5Zt.js                                0.56 kB │ gzip:     0.34 kB │ map:      1.47 kB
out/renderer/assets/heater-DAYW8oIQ.js                                   0.56 kB │ gzip:     0.29 kB │ map:      1.74 kB
out/renderer/assets/file-box-Dnonlh1R.js                                 0.57 kB │ gzip:     0.34 kB │ map:      1.49 kB
out/renderer/assets/paintbrush-CdfWl_pl.js                               0.57 kB │ gzip:     0.35 kB │ map:      1.38 kB
out/renderer/assets/tractor-DqM0N-Oy.js                                  0.57 kB │ gzip:     0.33 kB │ map:      1.72 kB
out/renderer/assets/flatten-BoOLMGyH.js                                  0.57 kB │ gzip:     0.34 kB │ map:      5.97 kB
out/renderer/assets/lasso-select--CRuqlQG.js                             0.57 kB │ gzip:     0.36 kB │ map:      1.51 kB
out/renderer/assets/message-square-dashed-GS_utAgR.js                    0.57 kB │ gzip:     0.31 kB │ map:      1.80 kB
out/renderer/assets/cctv-off-DHTwSEuY.js                                 0.57 kB │ gzip:     0.35 kB │ map:      1.55 kB
out/renderer/assets/pencil-ruler-RW4Rqk4H.js                             0.57 kB │ gzip:     0.34 kB │ map:      1.60 kB
out/renderer/assets/grape-Kycy9v1i.js                                    0.57 kB │ gzip:     0.30 kB │ map:      1.88 kB
out/renderer/assets/triangle-dashed-a393fD37.js                          0.57 kB │ gzip:     0.32 kB │ map:      1.73 kB
out/renderer/assets/drone-B2y1PNGB.js                                    0.58 kB │ gzip:     0.33 kB │ map:      1.73 kB
out/renderer/assets/swords-Ct0wT-15.js                                   0.58 kB │ gzip:     0.30 kB │ map:      1.86 kB
out/renderer/assets/globe-off-Bfs3F2Db.js                                0.58 kB │ gzip:     0.32 kB │ map:      1.57 kB
out/renderer/assets/paint-bucket-B148Avz4.js                             0.58 kB │ gzip:     0.35 kB │ map:      1.46 kB
out/renderer/assets/layers-minus-x1RAYoE8.js                             0.58 kB │ gzip:     0.32 kB │ map:      1.53 kB
out/renderer/assets/drama-B6F_8vJn.js                                    0.58 kB │ gzip:     0.35 kB │ map:      1.65 kB
out/renderer/assets/vector-square-RgcGf8ds.js                            0.58 kB │ gzip:     0.28 kB │ map:      1.88 kB
out/renderer/assets/binoculars-m6Qf6qiN.js                               0.59 kB │ gzip:     0.31 kB │ map:      1.59 kB
out/renderer/assets/circle-dashed-Btvcqe2q.js                            0.59 kB │ gzip:     0.30 kB │ map:      1.68 kB
out/renderer/assets/dumbbell-B4vvmyBk.js                                 0.59 kB │ gzip:     0.32 kB │ map:      1.51 kB
out/renderer/assets/highlighted-body-OFNGDK62-BrhP50x_.js                0.59 kB │ gzip:     0.38 kB │ map:      1.24 kB
out/renderer/assets/table-columns-split-BerXcWv_.js                      0.59 kB │ gzip:     0.30 kB │ map:      1.87 kB
out/renderer/assets/beef-off-j9Fc6HHf.js                                 0.59 kB │ gzip:     0.37 kB │ map:      1.58 kB
out/renderer/assets/brain-jzuN4qGL.js                                    0.59 kB │ gzip:     0.32 kB │ map:      1.64 kB
out/renderer/assets/building-ExfyWmge.js                                 0.59 kB │ gzip:     0.30 kB │ map:      1.87 kB
out/renderer/assets/table-rows-split-BM3W-NVn.js                         0.59 kB │ gzip:     0.30 kB │ map:      1.86 kB
out/renderer/assets/package-open-08hAe1u_.js                             0.59 kB │ gzip:     0.34 kB │ map:      1.52 kB
out/renderer/assets/replace-all-BBuOmw-V.js                              0.59 kB │ gzip:     0.32 kB │ map:      1.78 kB
out/renderer/assets/chess-queen-B5jAcvEL.js                              0.59 kB │ gzip:     0.35 kB │ map:      1.75 kB
out/renderer/assets/square-dashed-CFMhECYD.js                            0.59 kB │ gzip:     0.29 kB │ map:      1.92 kB
out/renderer/assets/sun-snow-aIZz1eBm.js                                 0.59 kB │ gzip:     0.33 kB │ map:      1.83 kB
out/renderer/assets/candy-CPlKvQde.js                                    0.60 kB │ gzip:     0.32 kB │ map:      1.54 kB
out/renderer/assets/puzzle-DokbwaH4.js                                   0.60 kB │ gzip:     0.29 kB │ map:      1.23 kB
out/renderer/assets/chunk-AA7GKIK3-Bb7gnxvi.js                           0.60 kB │ gzip:     0.39 kB │ map:      2.40 kB
out/renderer/assets/book-dashed-D3rHd9w-.js                              0.61 kB │ gzip:     0.31 kB │ map:      1.86 kB
out/renderer/assets/recycle-DbOxsHIw.js                                  0.61 kB │ gzip:     0.36 kB │ map:      1.63 kB
out/renderer/assets/ribbon-DdXg4PRN.js                                   0.61 kB │ gzip:     0.38 kB │ map:      1.51 kB
out/renderer/assets/infoDiagram-42DDH7IO-DogOXYWB.js                     0.61 kB │ gzip:     0.40 kB │ map:      1.99 kB
out/renderer/assets/flower-Y5joe0M7.js                                   0.61 kB │ gzip:     0.32 kB │ map:      1.84 kB
out/renderer/assets/pickaxe-B21N8vX0.js                                  0.62 kB │ gzip:     0.36 kB │ map:      1.51 kB
out/renderer/assets/croissant-Cec6JDbG.js                                0.62 kB │ gzip:     0.34 kB │ map:      1.52 kB
out/renderer/assets/nut-DpTN5RGb.js                                      0.62 kB │ gzip:     0.41 kB │ map:      1.39 kB
out/renderer/assets/dna-off-BrBtsWbk.js                                  0.62 kB │ gzip:     0.36 kB │ map:      1.80 kB
out/renderer/assets/message-circle-dashed-LCivLsYP.js                    0.63 kB │ gzip:     0.34 kB │ map:      1.75 kB
out/renderer/assets/satellite-CvEFLLDM.js                                0.63 kB │ gzip:     0.32 kB │ map:      1.60 kB
out/renderer/assets/fingerprint-pattern-6z9petdK.js                      0.64 kB │ gzip:     0.37 kB │ map:      1.81 kB
out/renderer/assets/bug-B2My0xVL.js                                      0.64 kB │ gzip:     0.33 kB │ map:      1.87 kB
out/renderer/assets/fish-NoRO5OXA.js                                     0.64 kB │ gzip:     0.40 kB │ map:      1.64 kB
out/renderer/assets/telescope-CYSvFZbl.js                                0.64 kB │ gzip:     0.39 kB │ map:      1.73 kB
out/renderer/assets/square-dashed-mouse-pointer-DuMTinw5.js              0.64 kB │ gzip:     0.35 kB │ map:      1.94 kB
out/renderer/assets/beer-off-Ui4EDpNU.js                                 0.65 kB │ gzip:     0.39 kB │ map:      1.74 kB
out/renderer/assets/gamepad-2-Cr5bF64K.js                                0.65 kB │ gzip:     0.40 kB │ map:      1.71 kB
out/renderer/assets/squares-intersect-bi8c7zgu.js                        0.65 kB │ gzip:     0.31 kB │ map:      1.95 kB
out/renderer/assets/chunk-ORNJ4GCN-BrKzbHIp.js                           0.65 kB │ gzip:     0.40 kB │ map:      2.62 kB
out/renderer/assets/cpu-Ce1OVpsx.js                                      0.65 kB │ gzip:     0.30 kB │ map:      2.17 kB
out/renderer/assets/dna-DiOII7_1.js                                      0.65 kB │ gzip:     0.35 kB │ map:      1.88 kB
out/renderer/assets/snowflake-Bow6cklm.js                                0.65 kB │ gzip:     0.35 kB │ map:      1.97 kB
out/renderer/assets/squircle-dashed-DJQd4dk-.js                          0.66 kB │ gzip:     0.36 kB │ map:      1.75 kB
out/renderer/assets/notepad-text-dashed-DGUEdCVJ.js                      0.66 kB │ gzip:     0.32 kB │ map:      2.07 kB
out/renderer/assets/qr-code-Cwr25vIL.js                                  0.66 kB │ gzip:     0.32 kB │ map:      2.13 kB
out/renderer/assets/bug-play-Cn61jhN_.js                                 0.66 kB │ gzip:     0.36 kB │ map:      1.81 kB
out/renderer/assets/cannabis-off-D8Q4kaMI.js                             0.66 kB │ gzip:     0.42 kB │ map:      1.70 kB
out/renderer/assets/brick-wall-shield-oqiojQlk.js                        0.67 kB │ gzip:     0.39 kB │ map:      1.79 kB
out/renderer/assets/stateDiagram-v2-QKLJ7IA2-MHh4vjFb.js                 0.67 kB │ gzip:     0.40 kB │ map:      1.39 kB
out/renderer/assets/circle-dot-dashed-Cg0MEa3O.js                        0.67 kB │ gzip:     0.34 kB │ map:      1.86 kB
out/renderer/assets/user-cog-D_ieblGo.js                                 0.67 kB │ gzip:     0.35 kB │ map:      1.97 kB
out/renderer/assets/dog-C2x9DN2Z.js                                      0.67 kB │ gzip:     0.43 kB │ map:      1.57 kB
out/renderer/assets/cloud-cog-CCNjE4sN.js                                0.67 kB │ gzip:     0.36 kB │ map:      1.83 kB
out/renderer/assets/receipt-turkish-lira-CGvyRDaI.js                     0.68 kB │ gzip:     0.31 kB │ map:      1.50 kB
out/renderer/assets/columns-3-cog-BAFNAeVk.js                            0.68 kB │ gzip:     0.36 kB │ map:      2.04 kB
out/renderer/assets/candy-off-xjH_bYCT.js                                0.68 kB │ gzip:     0.36 kB │ map:      1.75 kB
out/renderer/assets/receipt-CB6QZpxD.js                                  0.68 kB │ gzip:     0.30 kB │ map:      1.44 kB
out/renderer/assets/receipt-russian-ruble-BJPysg8e.js                    0.68 kB │ gzip:     0.31 kB │ map:      1.51 kB
out/renderer/assets/timeline-BMpAPXO3.js                                 0.68 kB │ gzip:     0.30 kB │ map:      1.82 kB
out/renderer/assets/user-round-cog-BBf0dyM8.js                           0.68 kB │ gzip:     0.36 kB │ map:      2.01 kB
out/renderer/assets/fish-off-BPGKQCia.js                                 0.69 kB │ gzip:     0.44 kB │ map:      1.52 kB
out/renderer/assets/receipt-text-DVVTup8-.js                             0.69 kB │ gzip:     0.30 kB │ map:      1.53 kB
out/renderer/assets/modulepreload-polyfill-CSRv37U6.js                   0.69 kB │ gzip:     0.39 kB
out/renderer/assets/vault-BzgBV7Vg.js                                    0.69 kB │ gzip:     0.33 kB │ map:      2.11 kB
out/renderer/assets/receipt-swiss-franc-BS_dznUR.js                      0.70 kB │ gzip:     0.31 kB │ map:      1.58 kB
out/renderer/assets/cog-CaAYioxu.js                                      0.70 kB │ gzip:     0.35 kB │ map:      2.16 kB
out/renderer/assets/biohazard-BrHSL-pM.js                                0.71 kB │ gzip:     0.41 kB │ map:      1.92 kB
out/renderer/assets/square-dashed-text-C0szxSMO.js                       0.71 kB │ gzip:     0.32 kB │ map:      2.24 kB
out/renderer/assets/shellsession-BNMRdaLF.js                             0.71 kB │ gzip:     0.42 kB │ map:      1.30 kB
out/renderer/assets/shellsession-CADaBar7.js                             0.71 kB │ gzip:     0.42 kB │ map:      1.28 kB
out/renderer/assets/square-dashed-kanban-Bh2rhibH.js                     0.71 kB │ gzip:     0.33 kB │ map:      2.25 kB
out/renderer/assets/folder-cog-Bypvy_jt.js                               0.71 kB │ gzip:     0.38 kB │ map:      1.96 kB
out/renderer/assets/monitor-cog-D1hswuGc.js                              0.71 kB │ gzip:     0.36 kB │ map:      2.07 kB
out/renderer/assets/receipt-indian-rupee-DPsbelSb.js                     0.71 kB │ gzip:     0.32 kB │ map:      1.60 kB
out/renderer/assets/bug-off-fLNxVqUc.js                                  0.71 kB │ gzip:     0.37 kB │ map:      2.01 kB
out/renderer/assets/receipt-euro-qfKRw4b3.js                             0.71 kB │ gzip:     0.32 kB │ map:      1.51 kB
out/renderer/assets/receipt-cent-BDDAlR-y.js                             0.71 kB │ gzip:     0.32 kB │ map:      1.51 kB
out/renderer/assets/receipt-pound-sterling-BAkm2vEH.js                   0.71 kB │ gzip:     0.32 kB │ map:      1.61 kB
out/renderer/assets/component-ClNwXewz.js                                0.72 kB │ gzip:     0.28 kB │ map:      1.65 kB
out/renderer/assets/tsv-DDFRdBUv.js                                      0.73 kB │ gzip:     0.33 kB │ map:      1.33 kB
out/renderer/assets/tsv-DgfDPTDz.js                                      0.73 kB │ gzip:     0.33 kB │ map:      1.35 kB
out/renderer/assets/nut-off-B6jg2KQU.js                                  0.73 kB │ gzip:     0.46 kB │ map:      1.69 kB
out/renderer/assets/receipt-japanese-yen-4qX6aqnS.js                     0.74 kB │ gzip:     0.32 kB │ map:      1.68 kB
out/renderer/assets/classDiagram-6PBFFD2Q-cpgsvaLH.js                    0.74 kB │ gzip:     0.43 kB │ map:      1.44 kB
out/renderer/assets/classDiagram-v2-HSJHXN6E-BrYf6TTu.js                 0.74 kB │ gzip:     0.43 kB │ map:      1.45 kB
out/renderer/assets/wifi-cog-CNQrHom5.js                                 0.75 kB │ gzip:     0.39 kB │ map:      2.08 kB
out/renderer/assets/shield-cog-corner-Ch79MHEC.js                        0.75 kB │ gzip:     0.41 kB │ map:      2.04 kB
out/renderer/assets/gamepad-directional-nc2edeqJ.js                      0.76 kB │ gzip:     0.36 kB │ map:      1.74 kB
out/renderer/assets/party-popper-BfOxrChJ.js                             0.76 kB │ gzip:     0.43 kB │ map:      1.97 kB
out/renderer/assets/shield-cog-BjHsXhLr.js                               0.77 kB │ gzip:     0.42 kB │ map:      2.02 kB
out/renderer/assets/calendar-cog-CqFOAXtY.js                             0.77 kB │ gzip:     0.40 kB │ map:      2.19 kB
out/renderer/assets/file-cog-tp2qxpVw.js                                 0.78 kB │ gzip:     0.41 kB │ map:      2.15 kB
out/renderer/assets/brain-circuit-BJrn9qB4.js                            0.83 kB │ gzip:     0.42 kB │ map:      2.36 kB
out/renderer/assets/linearClosed-UuN3hn53.js                             0.84 kB │ gzip:     0.31 kB │ map:      2.58 kB
out/renderer/assets/html-derivative-CaogCePp.js                          0.84 kB │ gzip:     0.46 kB │ map:      1.40 kB
out/renderer/assets/html-derivative-t6CMSdTL.js                          0.84 kB │ gzip:     0.45 kB │ map:      1.38 kB
out/renderer/assets/shim-CtzAB9HC.js                                     0.84 kB │ gzip:     0.45 kB │ map:      3.57 kB
out/renderer/assets/server-cog-B4ezj_aj.js                               0.86 kB │ gzip:     0.40 kB │ map:      2.24 kB
out/renderer/assets/boxes-CM3w1Mja.js                                    0.88 kB │ gzip:     0.42 kB │ map:      2.26 kB
out/renderer/assets/chunk-7N4EOEYR-oDuQ9Nfk.js                           0.90 kB │ gzip:     0.49 kB │ map:      3.36 kB
out/renderer/assets/square-bottom-dashed-scissors-B_ZEeW-Q.js            0.91 kB │ gzip:     0.43 kB │ map:      2.82 kB
out/renderer/assets/wheat-DT99auMw.js                                    0.91 kB │ gzip:     0.36 kB │ map:      2.14 kB
out/renderer/assets/line-fCDSqzEY.js                                     0.94 kB │ gzip:     0.47 kB │ map:      3.39 kB
out/renderer/assets/chunk-ZZ45TVLE-OaqfEncb.js                           0.95 kB │ gzip:     0.58 kB │ map:      3.25 kB
out/renderer/assets/wheat-off-B_Os4R2w.js                                0.96 kB │ gzip:     0.47 kB │ map:      2.34 kB
out/renderer/assets/git-rebase-M23z1EyV.js                               0.98 kB │ gzip:     0.44 kB │ map:      1.66 kB
out/renderer/assets/git-rebase-pWa-pxmb.js                               0.98 kB │ gzip:     0.44 kB │ map:      1.64 kB
out/renderer/assets/hop-off-COMBr3a7.js                                  0.99 kB │ gzip:     0.54 kB │ map:      2.26 kB
out/renderer/assets/qmldir-DACmEUoG.js                                   0.99 kB │ gzip:     0.44 kB │ map:      1.71 kB
out/renderer/assets/qmldir-DH1yuGyg.js                                   0.99 kB │ gzip:     0.44 kB │ map:      1.69 kB
out/renderer/assets/keyboardShortcuts-CCI3svm9.js                        1.04 kB │ gzip:     0.51 kB │ map:      5.67 kB
out/renderer/assets/brain-cog-LdGk_-EU.js                                1.04 kB │ gzip:     0.49 kB │ map:      2.64 kB
out/renderer/assets/hop-CSZqwcdI.js                                      1.05 kB │ gzip:     0.56 kB │ map:      2.30 kB
out/renderer/assets/resource-manager-DCD-BRpj.js                         1.10 kB │ gzip:     0.54 kB │ map:      3.56 kB
out/renderer/assets/previewPanePdfContent-bPTD0HIm.js                    1.10 kB │ gzip:     0.63 kB │ map:      1.28 kB
out/renderer/assets/logger-6KyB0l1l.js                                   1.12 kB │ gzip:     0.57 kB │ map:      5.93 kB
out/renderer/assets/csv-DBIjHlOt.js                                      1.13 kB │ gzip:     0.36 kB │ map:      1.97 kB
out/renderer/assets/csv-Dr9Hl1WT.js                                      1.13 kB │ gzip:     0.36 kB │ map:      1.95 kB
out/renderer/assets/isEmpty-BzYsTQha.js                                  1.16 kB │ gzip:     0.63 kB │ map:      7.89 kB
out/renderer/assets/ordinal-C_bqNA1H.js                                  1.18 kB │ gzip:     0.57 kB │ map:      4.66 kB
out/renderer/assets/preload-helper-BHSF1fZ9.js                           1.20 kB │ gzip:     0.68 kB
out/renderer/assets/git-commit-Bxfi-3AH.js                               1.22 kB │ gzip:     0.52 kB │ map:      2.01 kB
out/renderer/assets/git-commit-DiofluCo.js                               1.22 kB │ gzip:     0.52 kB │ map:      1.99 kB
out/renderer/assets/pie-C2uZuoBe.js                                      1.25 kB │ gzip:     0.57 kB │ map:      4.62 kB
out/renderer/assets/chunk-D-fkvfCP.js                                    1.26 kB │ gzip:     0.69 kB
out/renderer/assets/xsl-C9ne-iMV.js                                      1.36 kB │ gzip:     0.50 kB │ map:      2.17 kB
out/renderer/assets/xsl-Dxz0CTL9.js                                      1.36 kB │ gzip:     0.49 kB │ map:      2.15 kB
out/renderer/assets/dotenv-DBDbMgPp.js                                   1.41 kB │ gzip:     0.52 kB │ map:      2.31 kB
out/renderer/assets/dotenv-benpyvQT.js                                   1.41 kB │ gzip:     0.52 kB │ map:      2.29 kB
out/renderer/assets/chunk-LIHQZDEY-YjfR9Ajr.js                           1.46 kB │ gzip:     0.78 kB │ map:      5.64 kB
out/renderer/assets/sparql-CQWCANUt.js                                   1.47 kB │ gzip:     0.81 kB │ map:      2.08 kB
out/renderer/assets/sparql-DCEqHv7s.js                                   1.47 kB │ gzip:     0.81 kB │ map:      2.07 kB
out/renderer/assets/ini-CJ0wVKX8.js                                      1.51 kB │ gzip:     0.49 kB │ map:      2.43 kB
out/renderer/assets/ini-RloUvmP4.js                                      1.51 kB │ gzip:     0.49 kB │ map:      2.45 kB
out/renderer/assets/band-CmlTSVTL.js                                     1.53 kB │ gzip:     0.66 kB │ map:      5.43 kB
out/renderer/assets/previewPanePptxContent-BRNkuhMk.js                   1.63 kB │ gzip:     0.89 kB │ map:      2.03 kB
out/renderer/assets/createLucideIcon-DCyUO5SG.js                         1.66 kB │ gzip:     0.86 kB │ map:      8.91 kB
out/renderer/assets/fortran-fixed-form--38RJKgF.js                       1.66 kB │ gzip:     0.69 kB │ map:      2.67 kB
out/renderer/assets/fortran-fixed-form-DOLD1jZ5.js                       1.66 kB │ gzip:     0.68 kB │ map:      2.69 kB
out/renderer/assets/docker-BUYAFYUl.js                                   1.73 kB │ gzip:     0.59 kB │ map:      2.62 kB
out/renderer/assets/docker-upBAr9K7.js                                   1.73 kB │ gzip:     0.59 kB │ map:      2.60 kB
out/renderer/assets/hxml-n7OYOheM.js                                     1.74 kB │ gzip:     0.87 kB │ map:      2.43 kB
out/renderer/assets/hxml-qo8Bej76.js                                     1.74 kB │ gzip:     0.87 kB │ map:      2.45 kB
out/renderer/assets/cua-permission-panel-DBHWnmeh.js                     1.79 kB │ gzip:     0.92 kB │ map:      6.93 kB
out/renderer/assets/desktop-CaEkZgCK.js                                  1.82 kB │ gzip:     0.75 kB │ map:      2.72 kB
out/renderer/assets/desktop-DxyTO9Y4.js                                  1.82 kB │ gzip:     0.75 kB │ map:      2.74 kB
out/renderer/assets/chunk-X2U36JSP-CN7814Du.js                           1.83 kB │ gzip:     0.89 kB │ map:      6.04 kB
out/renderer/assets/dist-YIJ2cqRF.js                                     1.86 kB │ gzip:     0.82 kB │ map:      5.74 kB
out/renderer/assets/chunk-YZCP3GAM-D3F4iVuY.js                           1.92 kB │ gzip:     0.86 kB │ map:      6.41 kB
out/renderer/assets/presentationElementModel-ohENJDH9.js                 1.96 kB │ gzip:     0.85 kB │ map:      9.75 kB
out/renderer/assets/chunk-XBI2PYTU-CeYyx212.js                           2.00 kB │ gzip:     0.76 kB │ map:      3.94 kB
out/renderer/assets/path-B62QfglN.js                                     2.07 kB │ gzip:     0.91 kB │ map:      8.00 kB
out/renderer/assets/chunk-BSJP7CBP-BVfSyu9C.js                           2.09 kB │ gzip:     0.81 kB │ map:     10.29 kB
out/renderer/assets/officeFilePreview-DB4_Q_Q3.js                        2.12 kB │ gzip:     1.02 kB │ map:      9.30 kB
out/renderer/assets/erb-BehYzRRw.js                                      2.13 kB │ gzip:     0.62 kB │ map:      3.26 kB
out/renderer/assets/erb-Dt7e7sbH.js                                      2.13 kB │ gzip:     0.62 kB │ map:      3.27 kB
out/renderer/assets/wenyan-AsHNdG81.js                                   2.15 kB │ gzip:     1.08 kB │ map:      3.16 kB
out/renderer/assets/wenyan-kKKoIehX.js                                   2.15 kB │ gzip:     1.08 kB │ map:      3.14 kB
out/renderer/assets/usageStatsUiParts-BZoGubet.js                        2.20 kB │ gzip:     0.92 kB │ map:      6.86 kB
out/renderer/assets/jssm-C2Q8HX2K.js                                     2.23 kB │ gzip:     0.61 kB │ map:      3.35 kB
out/renderer/assets/jssm-CRONLEVc.js                                     2.23 kB │ gzip:     0.61 kB │ map:      3.37 kB
out/renderer/assets/edge-CrioYp0o.js                                     2.30 kB │ gzip:     0.67 kB │ map:      3.53 kB
out/renderer/assets/edge-GDuGa8yk.js                                     2.30 kB │ gzip:     0.67 kB │ map:      3.51 kB
out/renderer/assets/reg-BRJAxLgH.js                                      2.33 kB │ gzip:     0.69 kB │ map:      3.47 kB
out/renderer/assets/reg-bnI4Qw3N.js                                      2.33 kB │ gzip:     0.69 kB │ map:      3.49 kB
out/renderer/assets/diff-BO5pjI-C.js                                     2.56 kB │ gzip:     0.68 kB │ map:      3.84 kB
out/renderer/assets/diff-nvcAG624.js                                     2.56 kB │ gzip:     0.68 kB │ map:      3.82 kB
out/renderer/assets/gleam-DhMhEyvA.js                                    2.57 kB │ gzip:     0.81 kB │ map:      3.97 kB
out/renderer/assets/gleam-rUzQSFWJ.js                                    2.57 kB │ gzip:     0.81 kB │ map:      3.95 kB
out/renderer/assets/hy-C7nC17Cz.js                                       2.64 kB │ gzip:     1.17 kB │ map:      3.67 kB
out/renderer/assets/hy-SJwzZrL9.js                                       2.64 kB │ gzip:     1.17 kB │ map:      3.65 kB
out/renderer/assets/catmullRom-1lnW8b11.js                               2.72 kB │ gzip:     0.79 kB │ map:      7.95 kB
out/renderer/assets/diagram-5BDNPKRD-BAuqtZzx.js                         2.78 kB │ gzip:     1.35 kB │ map:      8.98 kB
out/renderer/assets/openscad-BIaY3p_j.js                                 2.81 kB │ gzip:     1.00 kB │ map:      4.18 kB
out/renderer/assets/openscad-Cwzb2rzV.js                                 2.81 kB │ gzip:     1.00 kB │ map:      4.20 kB
out/renderer/assets/log-D5gqGy-U.js                                      2.84 kB │ gzip:     0.89 kB │ map:      4.31 kB
out/renderer/assets/log-DlK5XXaC.js                                      2.84 kB │ gzip:     0.89 kB │ map:      4.33 kB
out/renderer/assets/json-B2XtZknV.js                                     2.87 kB │ gzip:     0.81 kB │ map:      4.27 kB
out/renderer/assets/json-C75dm3pw.js                                     2.87 kB │ gzip:     0.81 kB │ map:      4.29 kB
out/renderer/assets/cairo-BCI_2dZO.js                                    2.93 kB │ gzip:     0.80 kB │ map:      4.49 kB
out/renderer/assets/cairo-BgnZhdxA.js                                    2.93 kB │ gzip:     0.80 kB │ map:      4.51 kB
out/renderer/assets/berry-B8c7UL4D.js                                    2.99 kB │ gzip:     0.80 kB │ map:      4.80 kB
out/renderer/assets/berry-CwaLzNgV.js                                    2.99 kB │ gzip:     0.80 kB │ map:      4.82 kB
out/renderer/assets/jsonl-Co3hHd3n.js                                    3.00 kB │ gzip:     0.78 kB │ map:      4.49 kB
out/renderer/assets/jsonl-D9WYDPdx.js                                    3.00 kB │ gzip:     0.78 kB │ map:      4.47 kB
out/renderer/assets/jsonc-BwAWiDbD.js                                    3.10 kB │ gzip:     0.78 kB │ map:      4.58 kB
out/renderer/assets/jsonc-C8LzRA8q.js                                    3.10 kB │ gzip:     0.78 kB │ map:      4.57 kB
out/renderer/assets/logo-BJ1_mlXf.js                                     3.12 kB │ gzip:     1.46 kB │ map:      3.79 kB
out/renderer/assets/logo-C1lU8Qci.js                                     3.12 kB │ gzip:     1.46 kB │ map:      3.77 kB
out/renderer/assets/po-DRITntBf.js                                       3.23 kB │ gzip:     0.90 kB │ map:      5.06 kB
out/renderer/assets/po-DcE9fM99.js                                       3.23 kB │ gzip:     0.90 kB │ map:      5.04 kB
out/renderer/assets/json5-BfZXIeM3.js                                    3.24 kB │ gzip:     0.82 kB │ map:      4.91 kB
out/renderer/assets/json5-BiOz-t6-.js                                    3.24 kB │ gzip:     0.82 kB │ map:      4.93 kB
out/renderer/assets/mipsasm-B8RV_k9b.js                                  3.25 kB │ gzip:     1.17 kB │ map:      4.65 kB
out/renderer/assets/mipsasm-BJkdvpPY.js                                  3.25 kB │ gzip:     1.17 kB │ map:      4.64 kB
out/renderer/assets/tasl-CePrlgJU.js                                     3.28 kB │ gzip:     0.84 kB │ map:      5.09 kB
out/renderer/assets/tasl-fiANNtXB.js                                     3.28 kB │ gzip:     0.84 kB │ map:      5.11 kB
out/renderer/assets/genie-BFwuKa4O.js                                    3.34 kB │ gzip:     1.20 kB │ map:      4.83 kB
out/renderer/assets/genie-Ho-AcSNw.js                                    3.34 kB │ gzip:     1.20 kB │ map:      4.85 kB
out/renderer/assets/rel-CgZj6EcR.js                                      3.36 kB │ gzip:     1.10 kB │ map:      4.85 kB
out/renderer/assets/rel-yllOKvOF.js                                      3.36 kB │ gzip:     1.10 kB │ map:      4.83 kB
out/renderer/assets/vala-3ZfRO1iL.js                                     3.36 kB │ gzip:     1.18 kB │ map:      4.87 kB
out/renderer/assets/vala-BClspkwI.js                                     3.36 kB │ gzip:     1.18 kB │ map:      4.85 kB
out/renderer/assets/previewPaneOfficeContent-Dw9RXM2Z.js                 3.39 kB │ gzip:     1.57 kB │ map:      5.78 kB
out/renderer/assets/symbol-Cry4t8dj.js                                   3.42 kB │ gzip:     1.29 kB │ map:     14.26 kB
out/renderer/assets/splunk-C2BGLekU.js                                   3.42 kB │ gzip:     1.51 kB │ map:      4.42 kB
out/renderer/assets/splunk-Czt69JAg.js                                   3.42 kB │ gzip:     1.51 kB │ map:      4.40 kB
out/renderer/assets/CodingPlanUsageLineChart-BSJ9SbD0.js                 3.44 kB │ gzip:     1.55 kB │ map:     11.22 kB
out/renderer/assets/arc-nBn4gMZY.js                                      3.47 kB │ gzip:     1.46 kB │ map:     15.14 kB
out/renderer/assets/chunk-336JU56O-CjTn90Cy.js                           3.50 kB │ gzip:     1.59 kB │ map:      6.11 kB
out/renderer/assets/hurl-BqhTew1e.js                                     3.51 kB │ gzip:     1.09 kB │ map:      5.40 kB
out/renderer/assets/hurl-CNVieHBR.js                                     3.51 kB │ gzip:     1.09 kB │ map:      5.38 kB
out/renderer/assets/react-dom-DpmwQOdd.js                                3.56 kB │ gzip:     1.35 kB │ map:     12.08 kB
out/renderer/assets/fluent-BxbuU6-a.js                                   3.60 kB │ gzip:     0.89 kB │ map:      5.16 kB
out/renderer/assets/fluent-DcCPZ7TT.js                                   3.60 kB │ gzip:     0.89 kB │ map:      5.18 kB
out/renderer/assets/ssh-config-B7ree5QF.js                               3.61 kB │ gzip:     1.59 kB │ map:      4.45 kB
out/renderer/assets/ssh-config-FQP9WHd7.js                               3.61 kB │ gzip:     1.59 kB │ map:      4.47 kB
out/renderer/assets/jsonnet-B5iojKN9.js                                  3.61 kB │ gzip:     1.03 kB │ map:      5.38 kB
out/renderer/assets/jsonnet-BXrjPVbR.js                                  3.61 kB │ gzip:     1.03 kB │ map:      5.40 kB
out/renderer/assets/kdl-BBQFKVGY.js                                      3.62 kB │ gzip:     1.03 kB │ map:      5.49 kB
out/renderer/assets/kdl-CB9_VDsK.js                                      3.62 kB │ gzip:     1.03 kB │ map:      5.47 kB
out/renderer/assets/narrat-DMn3d3_e.js                                   3.66 kB │ gzip:     1.09 kB │ map:      5.40 kB
out/renderer/assets/narrat-UkheFyWM.js                                   3.66 kB │ gzip:     1.09 kB │ map:      5.38 kB
out/renderer/assets/glsl-B38FJakv.js                                     3.68 kB │ gzip:     1.45 kB │ map:      4.34 kB
out/renderer/assets/glsl-U0W5d2w1.js                                     3.68 kB │ gzip:     1.45 kB │ map:      4.36 kB
out/renderer/assets/turtle-0HoNI1Nm.js                                   3.69 kB │ gzip:     0.96 kB │ map:      5.45 kB
out/renderer/assets/turtle-vUBs1HB7.js                                   3.69 kB │ gzip:     0.96 kB │ map:      5.47 kB
out/renderer/assets/zenscript-BhXDIN7Q.js                                3.90 kB │ gzip:     1.28 kB │ map:      5.71 kB
out/renderer/assets/zenscript-CWGOkZ4y.js                                3.90 kB │ gzip:     1.28 kB │ map:      5.73 kB
out/renderer/assets/ron-BTs9IdWe.js                                      3.90 kB │ gzip:     0.97 kB │ map:      6.00 kB
out/renderer/assets/ron-BbBN8orK.js                                      3.90 kB │ gzip:     0.97 kB │ map:      5.98 kB
out/renderer/assets/gn-CXG134Bf.js                                       3.99 kB │ gzip:     1.47 kB │ map:      5.24 kB
out/renderer/assets/gn-DDiN_AoV.js                                       3.99 kB │ gzip:     1.47 kB │ map:      5.26 kB
out/renderer/assets/pieDiagram-DEJITSTG-DxTayG1_.js                      4.03 kB │ gzip:     1.81 kB │ map:     12.29 kB
out/renderer/assets/pascal-DGIKCqN5.js                                   4.14 kB │ gzip:     1.67 kB │ map:      5.49 kB
out/renderer/assets/pascal-DKq1Roxt.js                                   4.14 kB │ gzip:     1.67 kB │ map:      5.51 kB
out/renderer/assets/diagram-TYMM5635-0PTzxiyv.js                         4.24 kB │ gzip:     1.83 kB │ map:     12.07 kB
out/renderer/assets/http-Cv_wviuT.js                                     4.41 kB │ gzip:     1.06 kB │ map:      6.67 kB
out/renderer/assets/http-n0KjrVng.js                                     4.41 kB │ gzip:     1.06 kB │ map:      6.65 kB
out/renderer/assets/tcl-Dcnr8Au-.js                                      4.42 kB │ gzip:     1.50 kB │ map:      6.46 kB
out/renderer/assets/tcl-yBeVrvAJ.js                                      4.42 kB │ gzip:     1.50 kB │ map:      6.44 kB
out/renderer/assets/nextflow-BpeJxxUL.js                                 4.50 kB │ gzip:     1.16 kB │ map:      6.80 kB
out/renderer/assets/nextflow-C8xMDNMg.js                                 4.50 kB │ gzip:     1.16 kB │ map:      6.78 kB
out/renderer/assets/AppUsageDailyModelTrendChart-D0xYH3fk.js             4.50 kB │ gzip:     1.92 kB │ map:     15.97 kB
out/renderer/assets/rosmsg-B42GkYlI.js                                   4.51 kB │ gzip:     1.05 kB │ map:      6.73 kB
out/renderer/assets/rosmsg-CXCke3L4.js                                   4.51 kB │ gzip:     1.05 kB │ map:      6.71 kB
out/renderer/assets/mermaid-parser.core-BqKb1SRk.js                      4.55 kB │ gzip:     1.44 kB │ map:      9.89 kB
out/renderer/assets/defaultLocale-V46zbiRZ.js                            4.64 kB │ gzip:     2.12 kB │ map:     20.68 kB
out/renderer/assets/polar-B5z0NkhQ.js                                    4.66 kB │ gzip:     1.12 kB │ map:      7.21 kB
out/renderer/assets/polar-ylznL18c.js                                    4.66 kB │ gzip:     1.12 kB │ map:      7.23 kB
out/renderer/assets/sdbl-BCMmpm0b.js                                     4.69 kB │ gzip:     2.00 kB │ map:      5.87 kB
out/renderer/assets/sdbl-DYjFE7DO.js                                     4.69 kB │ gzip:     2.00 kB │ map:      5.85 kB
out/renderer/assets/treemap-Jj8N5MEo.js                                  4.74 kB │ gzip:     1.84 kB │ map:     20.83 kB
out/renderer/assets/fennel-BEe88gzB.js                                   4.76 kB │ gzip:     1.53 kB │ map:      6.38 kB
out/renderer/assets/fennel-BXippFVv.js                                   4.76 kB │ gzip:     1.53 kB │ map:      6.40 kB
out/renderer/assets/bibtex-CCBQO3P_.js                                   4.78 kB │ gzip:     0.83 kB │ map:      7.00 kB
out/renderer/assets/bibtex-DnNmuPVL.js                                   4.78 kB │ gzip:     0.83 kB │ map:      6.98 kB
out/renderer/assets/llvm-BnZI2Nxk.js                                     5.04 kB │ gzip:     2.01 kB │ map:      6.63 kB
out/renderer/assets/llvm-NSQmj7kW.js                                     5.04 kB │ gzip:     2.01 kB │ map:      6.65 kB
out/renderer/assets/wgsl-89szARrb.js                                     5.13 kB │ gzip:     1.38 kB │ map:      7.46 kB
out/renderer/assets/wgsl-CoAAr8Mw.js                                     5.13 kB │ gzip:     1.38 kB │ map:      7.48 kB
out/renderer/assets/gdresource-0akZTXB2.js                               5.28 kB │ gzip:     1.33 kB │ map:      7.71 kB
out/renderer/assets/gdresource-CeS305rn.js                               5.28 kB │ gzip:     1.33 kB │ map:      7.73 kB
out/renderer/assets/button-CF9Vc55-.js                                   5.30 kB │ gzip:     1.95 kB │ map:     16.43 kB
out/renderer/assets/presentationPdfPrintExport-BHRS_mnD.js               5.32 kB │ gzip:     2.54 kB │ map:     21.05 kB
out/renderer/assets/zig-CBAlxNua.js                                      5.33 kB │ gzip:     1.55 kB │ map:      7.85 kB
out/renderer/assets/zig-DddjQUhD.js                                      5.33 kB │ gzip:     1.55 kB │ map:      7.83 kB
out/renderer/assets/qml-Dy9n1ca_.js                                      5.33 kB │ gzip:     1.38 kB │ map:      8.11 kB
out/renderer/assets/qml-ysaMLhCk.js                                      5.33 kB │ gzip:     1.38 kB │ map:      8.09 kB
out/renderer/assets/dax-CSauWywk.js                                      5.35 kB │ gzip:     2.21 kB │ map:      6.73 kB
out/renderer/assets/dax-DjuTvhF4.js                                      5.35 kB │ gzip:     2.21 kB │ map:      6.75 kB
out/renderer/assets/bicep-C8BwLyAk.js                                    5.37 kB │ gzip:     1.14 kB │ map:      7.87 kB
out/renderer/assets/bicep-DJtRxewx.js                                    5.37 kB │ gzip:     1.14 kB │ map:      7.89 kB
out/renderer/assets/xml-DDh5V_lv.js                                      5.43 kB │ gzip:     1.24 kB │ map:      7.82 kB
out/renderer/assets/xml-SCUXy4ui.js                                      5.43 kB │ gzip:     1.24 kB │ map:      7.80 kB
out/renderer/assets/awk-BOsQrNOR.js                                      5.45 kB │ gzip:     1.37 kB │ map:      7.97 kB
out/renderer/assets/awk-CdXvYemr.js                                      5.45 kB │ gzip:     1.37 kB │ map:      7.96 kB
out/renderer/assets/coq-BN6wbhnC.js                                      5.54 kB │ gzip:     1.91 kB │ map:      7.49 kB
out/renderer/assets/coq-C9DgXOR7.js                                      5.54 kB │ gzip:     1.91 kB │ map:      7.47 kB
out/renderer/assets/parts-iK7m4LOp.js                                    5.56 kB │ gzip:     2.13 kB │ map:     35.47 kB
out/renderer/assets/jinja-B_PLGnU0.js                                    5.62 kB │ gzip:     1.36 kB │ map:      8.43 kB
out/renderer/assets/jinja-BalGSUUf.js                                    5.62 kB │ gzip:     1.36 kB │ map:      8.47 kB
out/renderer/assets/linear-Dbh1QErz.js                                   5.75 kB │ gzip:     2.37 kB │ map:     25.07 kB
out/renderer/assets/diagram-MMDJMWI5-B9-iGRdN.js                         5.77 kB │ gzip:     2.39 kB │ map:     18.16 kB
out/renderer/assets/lean-Bgv_xWvv.js                                     5.77 kB │ gzip:     1.91 kB │ map:      7.83 kB
out/renderer/assets/lean-DNWADLgJ.js                                     5.77 kB │ gzip:     1.91 kB │ map:      7.85 kB
out/renderer/assets/moonbit-B2oslvSR.js                                  5.89 kB │ gzip:     1.67 kB │ map:      8.63 kB
out/renderer/assets/moonbit-C8DpxfXB.js                                  5.89 kB │ gzip:     1.67 kB │ map:      8.65 kB
out/renderer/assets/powerquery-B3nc-9l5.js                               5.89 kB │ gzip:     1.51 kB │ map:      8.49 kB
out/renderer/assets/powerquery-Bmy1XqGT.js                               5.89 kB │ gzip:     1.51 kB │ map:      8.47 kB
out/renderer/assets/shaderlab-C5B_YeWz.js                                5.91 kB │ gzip:     2.08 kB │ map:      7.66 kB
out/renderer/assets/shaderlab-DjBKXf3N.js                                5.91 kB │ gzip:     2.08 kB │ map:      7.68 kB
out/renderer/assets/verilog-CIm60iF7.js                                  5.92 kB │ gzip:     1.89 kB │ map:      7.98 kB
out/renderer/assets/verilog-CkG4fuVK.js                                  5.92 kB │ gzip:     1.89 kB │ map:      8.00 kB
out/renderer/assets/CodingPlanUsageBarChart-BqP1P20l.js                  5.93 kB │ gzip:     2.26 kB │ map:     20.88 kB
out/renderer/assets/cypher-BaTlB9V_.js                                   5.94 kB │ gzip:     1.71 kB │ map:      8.40 kB
out/renderer/assets/cypher-C868wljQ.js                                   5.94 kB │ gzip:     1.71 kB │ map:      8.42 kB
out/renderer/assets/vb-B5MgaDd7.js                                       6.08 kB │ gzip:     2.33 kB │ map:      8.02 kB
out/renderer/assets/vb-oXJmJSVf.js                                       6.08 kB │ gzip:     2.33 kB │ map:      8.00 kB
out/renderer/assets/red-BxhbR7ec.js                                      6.25 kB │ gzip:     1.59 kB │ map:      8.86 kB
out/renderer/assets/red-Stpr6-CX.js                                      6.25 kB │ gzip:     1.59 kB │ map:      8.85 kB
out/renderer/assets/min-dark-BCXTYtZx.js                                 6.28 kB │ gzip:     1.70 kB │ map:      8.60 kB
out/renderer/assets/min-dark-DkQk52hD.js                                 6.28 kB │ gzip:     1.70 kB │ map:      8.58 kB
out/renderer/assets/gdshader-Bj-0IRZL.js                                 6.31 kB │ gzip:     1.72 kB │ map:      9.15 kB
out/renderer/assets/gdshader-D1o4AjKt.js                                 6.31 kB │ gzip:     1.72 kB │ map:      9.17 kB
out/renderer/assets/prisma-B87bkMi8.js                                   6.32 kB │ gzip:     1.38 kB │ map:      9.25 kB
out/renderer/assets/prisma-Cyxd7g2K.js                                   6.32 kB │ gzip:     1.38 kB │ map:      9.23 kB
out/renderer/assets/ara-CjZfc78D.js                                      6.35 kB │ gzip:     1.80 kB │ map:      9.23 kB
out/renderer/assets/ara-Dhjqy8e4.js                                      6.35 kB │ gzip:     1.80 kB │ map:      9.21 kB
out/renderer/assets/clojure-DkF3c51s.js                                  6.40 kB │ gzip:     1.41 kB │ map:      9.25 kB
out/renderer/assets/clojure-DkfBcPhl.js                                  6.40 kB │ gzip:     1.41 kB │ map:      9.26 kB
out/renderer/assets/postcss-CX3kDmj2.js                                  6.41 kB │ gzip:     1.90 kB │ map:      9.09 kB
out/renderer/assets/postcss-D5e62L2F.js                                  6.41 kB │ gzip:     1.90 kB │ map:      9.07 kB
out/renderer/assets/toml-DS32ZjY3.js                                     6.41 kB │ gzip:     1.28 kB │ map:      9.45 kB
out/renderer/assets/toml-DrQ-CpWH.js                                     6.41 kB │ gzip:     1.28 kB │ map:      9.43 kB
out/renderer/assets/solarized-light-3YD9YuXg.js                          6.47 kB │ gzip:     1.71 kB │ map:      9.21 kB
out/renderer/assets/solarized-light-Dzz7zq6z.js                          6.47 kB │ gzip:     1.71 kB │ map:      9.20 kB
out/renderer/assets/proto-DWQzjhRt.js                                    6.54 kB │ gzip:     1.41 kB │ map:      9.88 kB
out/renderer/assets/proto-dQN_V9q4.js                                    6.54 kB │ gzip:     1.41 kB │ map:      9.86 kB
out/renderer/assets/smalltalk-nTpF9ukR.js                                6.58 kB │ gzip:     1.61 kB │ map:      9.23 kB
out/renderer/assets/smalltalk-xbrVgVIN.js                                6.58 kB │ gzip:     1.61 kB │ map:      9.21 kB
out/renderer/assets/r-BOpqYisR.js                                        6.59 kB │ gzip:     1.82 kB │ map:     10.09 kB
out/renderer/assets/r-D4lK6c4Y.js                                        6.59 kB │ gzip:     1.82 kB │ map:     10.11 kB
out/renderer/assets/talonscript-BWwEnNOH.js                              6.75 kB │ gzip:     1.48 kB │ map:     10.03 kB
out/renderer/assets/talonscript-C3LVyo2W.js                              6.75 kB │ gzip:     1.48 kB │ map:     10.05 kB
out/renderer/assets/solarized-dark-B1RfheU9.js                           6.84 kB │ gzip:     1.78 kB │ map:      9.67 kB
out/renderer/assets/solarized-dark-BAXYr1vY.js                           6.84 kB │ gzip:     1.78 kB │ map:      9.65 kB
out/renderer/assets/riscv-CjupyQ1n.js                                    6.90 kB │ gzip:     1.97 kB │ map:      9.58 kB
out/renderer/assets/riscv-ldSEJvM3.js                                    6.90 kB │ gzip:     1.97 kB │ map:      9.56 kB
out/renderer/assets/soy-CyWgz00Z.js                                      6.92 kB │ gzip:     1.62 kB │ map:     10.67 kB
out/renderer/assets/soy-DjF0vx_M.js                                      6.92 kB │ gzip:     1.62 kB │ map:     10.69 kB
out/renderer/assets/min-light-3Rb0ETty.js                                6.96 kB │ gzip:     1.88 kB │ map:      9.50 kB
out/renderer/assets/min-light-w06Yf2IU.js                                6.96 kB │ gzip:     1.88 kB │ map:      9.52 kB
out/renderer/assets/step-CzW_V0nc.js                                     6.99 kB │ gzip:     1.63 kB │ map:     21.94 kB
out/renderer/assets/scheme-BbQzpLT1.js                                   7.16 kB │ gzip:     2.04 kB │ map:      9.75 kB
out/renderer/assets/scheme-DvpugsAM.js                                   7.16 kB │ gzip:     2.04 kB │ map:      9.77 kB
out/renderer/assets/hlsl-BDgcohMz.js                                     7.25 kB │ gzip:     2.18 kB │ map:      9.20 kB
out/renderer/assets/hlsl-wbkcNWtB.js                                     7.25 kB │ gzip:     2.18 kB │ map:      9.22 kB
out/renderer/assets/qss-BVIVsi6n.js                                      7.46 kB │ gzip:     2.57 kB │ map:      9.38 kB
out/renderer/assets/qss-CBMQOVnr.js                                      7.46 kB │ gzip:     2.57 kB │ map:      9.36 kB
out/renderer/assets/identity-BGIfzcEe.js                                 7.51 kB │ gzip:     2.82 kB │ map:     55.72 kB
out/renderer/assets/react-DgwTd-Uv.js                                    7.52 kB │ gzip:     2.87 kB │ map:     26.77 kB
out/renderer/assets/dart-1bp_DXqr.js                                     7.80 kB │ gzip:     1.91 kB │ map:     11.50 kB
out/renderer/assets/systemd-Ba1GJuaA.js                                  7.86 kB │ gzip:     2.54 kB │ map:     10.62 kB
out/renderer/assets/systemd-D6xEsklR.js                                  7.86 kB │ gzip:     2.54 kB │ map:     10.60 kB
out/renderer/assets/monokai-B2aWMkCp.js                                  7.88 kB │ gzip:     1.90 kB │ map:     11.07 kB
out/renderer/assets/monokai-DMNjMXsM.js                                  7.88 kB │ gzip:     1.90 kB │ map:     11.09 kB
out/renderer/assets/regexp-CmN6Qdrs.js                                   8.04 kB │ gzip:     1.46 kB │ map:     11.15 kB
out/renderer/assets/regexp-DlrriQu4.js                                   8.04 kB │ gzip:     1.46 kB │ map:     11.16 kB
out/renderer/assets/haml-DH5TImsH.js                                     8.32 kB │ gzip:     1.84 kB │ map:     12.35 kB
out/renderer/assets/haml-lSB7i78U.js                                     8.32 kB │ gzip:     1.84 kB │ map:     12.33 kB
out/renderer/assets/typst--uVpbmBY.js                                    8.38 kB │ gzip:     1.66 kB │ map:     12.26 kB
out/renderer/assets/typst-DwVZC6Bz.js                                    8.38 kB │ gzip:     1.66 kB │ map:     12.28 kB
out/renderer/assets/string-DX6JbJ6h.js                                   8.40 kB │ gzip:     3.60 kB │ map:     27.76 kB
out/renderer/assets/vue-html-ChITyObk.js                                 8.47 kB │ gzip:     1.68 kB │ map:     11.94 kB
out/renderer/assets/vue-html-Z4-IDO2o.js                                 8.47 kB │ gzip:     1.68 kB │ map:     11.96 kB
out/renderer/assets/plsql-BOi_2-hO.js                                    8.50 kB │ gzip:     2.99 kB │ map:     10.87 kB
out/renderer/assets/plsql-BlDlriAJ.js                                    8.50 kB │ gzip:     2.99 kB │ map:     10.85 kB
out/renderer/assets/reduce-DfHwfWfw.js                                   8.59 kB │ gzip:     3.57 kB │ map:     75.41 kB
out/renderer/assets/dart-BZtxuAxn.js                                     8.61 kB │ gzip:     1.99 kB │ map:     12.61 kB
out/renderer/assets/horizon-C_WI2BVm.js                                  8.77 kB │ gzip:     1.94 kB │ map:     12.06 kB
out/renderer/assets/horizon-DXNz22ou.js                                  8.77 kB │ gzip:     1.94 kB │ map:     12.04 kB
out/renderer/assets/kotlin-CWboljXJ.js                                   8.77 kB │ gzip:     2.12 kB │ map:     12.74 kB
out/renderer/assets/kotlin-DlK7WOqF.js                                   8.77 kB │ gzip:     2.12 kB │ map:     12.76 kB
out/renderer/assets/horizon-bright-d0iZD5f1.js                           8.78 kB │ gzip:     1.96 kB │ map:     12.11 kB
out/renderer/assets/horizon-bright-DoXC4_DI.js                           8.78 kB │ gzip:     1.96 kB │ map:     12.09 kB
out/renderer/assets/ts-tags-BK_hOfj8.js                                  8.92 kB │ gzip:     1.21 kB │ map:     14.47 kB
out/renderer/assets/make-ChwTS1UV.js                                     8.95 kB │ gzip:     1.76 kB │ map:     12.84 kB
out/renderer/assets/make-Dcp-ftaM.js                                     8.95 kB │ gzip:     1.76 kB │ map:     12.82 kB
out/renderer/assets/andromeeda-DLiILMNb.js                               9.01 kB │ gzip:     2.35 kB │ map:     11.92 kB
out/renderer/assets/andromeeda-DSZlrd6h.js                               9.01 kB │ gzip:     2.35 kB │ map:     11.94 kB
out/renderer/assets/sas-Ba63pm4s.js                                      9.06 kB │ gzip:     3.82 kB │ map:     11.09 kB
out/renderer/assets/sas-CtBKvcsG.js                                      9.06 kB │ gzip:     3.82 kB │ map:     11.07 kB
out/renderer/assets/dark-plus-6Yu2FVUQ.js                                9.09 kB │ gzip:     2.10 kB │ map:     12.41 kB
out/renderer/assets/dark-plus-DsBw-5J-.js                                9.09 kB │ gzip:     2.10 kB │ map:     12.39 kB
out/renderer/assets/slack-dark-By3o_DOl.js                               9.11 kB │ gzip:     1.96 kB │ map:     12.50 kB
out/renderer/assets/slack-dark-DUF3rvfE.js                               9.11 kB │ gzip:     1.96 kB │ map:     12.48 kB
out/renderer/assets/chunk-YE7GQOST-D6YsKswr.js                           9.27 kB │ gzip:     2.58 kB │ map:     28.56 kB
out/renderer/assets/sass-BrbKSHPy.js                                     9.28 kB │ gzip:     2.48 kB │ map:     13.40 kB
out/renderer/assets/sass-Cu4UxouJ.js                                     9.28 kB │ gzip:     2.48 kB │ map:     13.38 kB
out/renderer/assets/plastic-C0I6-EVB.js                                  9.29 kB │ gzip:     1.96 kB │ map:     12.47 kB
out/renderer/assets/plastic-O_AhgTuX.js                                  9.29 kB │ gzip:     1.96 kB │ map:     12.45 kB
out/renderer/assets/chunk-WKBPLHUA-CcQNnTFy.js                           9.36 kB │ gzip:     3.55 kB │ map:     31.21 kB
out/renderer/assets/graphlib--lc8mJdp.js                                 9.36 kB │ gzip:     3.18 kB │ map:     66.84 kB
out/renderer/assets/slack-ochin-C81sBiik.js                              9.42 kB │ gzip:     2.08 kB │ map:     13.08 kB
out/renderer/assets/slack-ochin-dwTj7awD.js                              9.42 kB │ gzip:     2.08 kB │ map:     13.10 kB
out/renderer/assets/tex-BSEJZCpj.js                                      9.67 kB │ gzip:     3.06 kB │ map:     12.38 kB
out/renderer/assets/tex-BimtASKM.js                                      9.67 kB │ gzip:     3.06 kB │ map:     12.40 kB
out/renderer/assets/jison-2u6lmkaw.js                                    9.69 kB │ gzip:     1.86 kB │ map:     14.06 kB
out/renderer/assets/jison-Cg3SnS_c.js                                    9.69 kB │ gzip:     1.86 kB │ map:     14.08 kB
out/renderer/assets/cmake-CYod2NsJ.js                                    9.84 kB │ gzip:     3.37 kB │ map:     11.25 kB
out/renderer/assets/cmake-CuBP_bSh.js                                    9.84 kB │ gzip:     3.37 kB │ map:     11.23 kB
out/renderer/assets/light-plus-CKzLJWzD.js                               9.93 kB │ gzip:     2.27 kB │ map:     13.39 kB
out/renderer/assets/light-plus-pjsyNcOU.js                               9.93 kB │ gzip:     2.27 kB │ map:     13.40 kB
out/renderer/assets/hcl-BAJwJJJU.js                                     10.04 kB │ gzip:     1.93 kB │ map:     14.75 kB
out/renderer/assets/hcl-DdfVhTz2.js                                     10.04 kB │ gzip:     1.93 kB │ map:     14.77 kB
out/renderer/assets/rst-B7y35a3e.js                                     10.31 kB │ gzip:     2.25 kB │ map:     15.53 kB
out/renderer/assets/rst-BuJ59g93.js                                     10.31 kB │ gzip:     2.24 kB │ map:     15.55 kB
out/renderer/assets/pkl-CalcWSXy.js                                     10.36 kB │ gzip:     1.37 kB │ map:     15.44 kB
out/renderer/assets/pkl-Fk2o0WJc.js                                     10.36 kB │ gzip:     1.37 kB │ map:     15.46 kB
out/renderer/assets/beancount-C2_wgLRW.js                               10.36 kB │ gzip:     1.43 kB │ map:     15.02 kB
out/renderer/assets/beancount-vX5o4Qw6.js                               10.36 kB │ gzip:     1.43 kB │ map:     15.00 kB
out/renderer/assets/nextflow-groovy-CE4I-Fsu.js                         10.39 kB │ gzip:     2.12 kB │ map:     15.18 kB
out/renderer/assets/nextflow-groovy-6iYcOzHb.js                         10.43 kB │ gzip:     2.13 kB │ map:     15.21 kB
out/renderer/assets/dream-maker-BtwATEDe.js                             10.46 kB │ gzip:     2.25 kB │ map:     15.07 kB
out/renderer/assets/dream-maker-DhZCEQT6.js                             10.46 kB │ gzip:     2.25 kB │ map:     15.09 kB
out/renderer/assets/raku-B_Bdq2Tx.js                                    10.46 kB │ gzip:     2.94 kB │ map:     12.87 kB
out/renderer/assets/raku-DLNwxu7d.js                                    10.46 kB │ gzip:     2.94 kB │ map:     12.89 kB
out/renderer/assets/stateDiagram-FHFEXIEX-CB8StVz4.js                   10.55 kB │ gzip:     3.70 kB │ map:     33.16 kB
out/renderer/assets/yaml-B_WEtP64.js                                    10.56 kB │ gzip:     2.31 kB │ map:     14.87 kB
out/renderer/assets/yaml-r6Rd5qZ_.js                                    10.56 kB │ gzip:     2.31 kB │ map:     14.85 kB
out/renderer/assets/just-BrPM0grg.js                                    10.76 kB │ gzip:     2.60 kB │ map:     15.23 kB
out/renderer/assets/just-C7z1EUzG.js                                    10.76 kB │ gzip:     2.60 kB │ map:     15.21 kB
out/renderer/assets/diagram-G4DWMVQ6-Bx_d96Jm.js                        10.83 kB │ gzip:     3.74 kB │ map:     34.70 kB
out/renderer/assets/elm-BskLGzyX.js                                     10.94 kB │ gzip:     2.10 kB │ map:     16.02 kB
out/renderer/assets/elm-Co9XDoIw.js                                     10.94 kB │ gzip:     2.09 kB │ map:     16.00 kB
out/renderer/assets/dagre-KV5264BT-BTll14Td.js                          11.07 kB │ gzip:     4.14 kB │ map:     41.90 kB
out/renderer/assets/github-light-CUDQ4oT2.js                            11.18 kB │ gzip:     2.49 kB │ map:     15.38 kB
out/renderer/assets/github-light-kz9PW84N.js                            11.18 kB │ gzip:     2.49 kB │ map:     15.40 kB
out/renderer/assets/prolog-ORhwJxNW.js                                  11.34 kB │ gzip:     3.84 kB │ map:     13.26 kB
out/renderer/assets/prolog-vt0hGj1G.js                                  11.34 kB │ gzip:     3.84 kB │ map:     13.28 kB
out/renderer/assets/terraform-DtG2JM41.js                               11.38 kB │ gzip:     2.51 kB │ map:     16.18 kB
out/renderer/assets/terraform-lFx7f8jE.js                               11.38 kB │ gzip:     2.51 kB │ map:     16.20 kB
out/renderer/assets/github-dark-DXayljLn.js                             11.40 kB │ gzip:     2.53 kB │ map:     15.67 kB
out/renderer/assets/github-dark-DbLlumHa.js                             11.40 kB │ gzip:     2.53 kB │ map:     15.65 kB
out/renderer/assets/puppet-BLZpfh7f.js                                  11.43 kB │ gzip:     2.10 kB │ map:     16.28 kB
out/renderer/assets/puppet-OFMqiNvf.js                                  11.43 kB │ gzip:     2.10 kB │ map:     16.30 kB
out/renderer/assets/laserwave-DPVRlNVe.js                               11.49 kB │ gzip:     2.57 kB │ map:     14.67 kB
out/renderer/assets/laserwave-TL_Cenoi.js                               11.49 kB │ gzip:     2.57 kB │ map:     14.69 kB
out/renderer/assets/gherkin-B5Yja3lF.js                                 11.93 kB │ gzip:     5.04 kB │ map:     13.10 kB
out/renderer/assets/gherkin-bG__e0Bk.js                                 11.93 kB │ gzip:     5.04 kB │ map:     13.08 kB
out/renderer/assets/wasm-ByPZ-svh.js                                    12.00 kB │ gzip:     2.17 kB │ map:     16.82 kB
out/renderer/assets/wasm-CaPOR4jC.js                                    12.00 kB │ gzip:     2.17 kB │ map:     16.80 kB
out/renderer/assets/hjson-B4G5pyvY.js                                   12.04 kB │ gzip:     1.64 kB │ map:     17.25 kB
out/renderer/assets/hjson-cn8S6yZ5.js                                   12.04 kB │ gzip:     1.64 kB │ map:     17.27 kB
out/renderer/assets/handlebars-DxKOCWUf.js                              12.16 kB │ gzip:     2.37 kB │ map:     17.34 kB
out/renderer/assets/handlebars-tlN6YYqQ.js                              12.16 kB │ gzip:     2.38 kB │ map:     17.36 kB
out/renderer/assets/apache-BVqyN6Uj.js                                  12.44 kB │ gzip:     3.71 kB │ map:     15.91 kB
out/renderer/assets/apache-DJClK0ES.js                                  12.44 kB │ gzip:     3.71 kB │ map:     15.93 kB
out/renderer/assets/vesper-CbZnQgxm.js                                  12.68 kB │ gzip:     1.98 kB │ map:     16.14 kB
out/renderer/assets/vesper-CvJWA6je.js                                  12.68 kB │ gzip:     1.98 kB │ map:     16.16 kB
out/renderer/assets/bat-CCpIxmVq.js                                     12.88 kB │ gzip:     3.22 kB │ map:     17.38 kB
out/renderer/assets/bat-GcpWjuU-.js                                     12.88 kB │ gzip:     3.22 kB │ map:     17.36 kB
out/renderer/assets/browser-B7bXP9zr.js                                 12.96 kB │ gzip:     6.36 kB │ map:    117.13 kB
out/renderer/assets/fish-CtgnYa_k.js                                    13.03 kB │ gzip:     1.73 kB │ map:     16.82 kB
out/renderer/assets/fish-DzAiwEma.js                                    13.03 kB │ gzip:     1.73 kB │ map:     16.84 kB
out/renderer/assets/v-DTrTSQ_S.js                                       13.20 kB │ gzip:     2.73 kB │ map:     19.23 kB
out/renderer/assets/v-FiZi8VLr.js                                       13.20 kB │ gzip:     2.73 kB │ map:     19.25 kB
out/renderer/assets/vitesse-light-BaKHahGZ.js                           13.61 kB │ gzip:     3.03 kB │ map:     18.52 kB
out/renderer/assets/vitesse-light-C8orkuTM.js                           13.61 kB │ gzip:     3.03 kB │ map:     18.53 kB
out/renderer/assets/aurora-x-AZRTax87.js                                13.65 kB │ gzip:     2.28 kB │ map:     17.56 kB
out/renderer/assets/aurora-x-BD-Krbvw.js                                13.65 kB │ gzip:     2.28 kB │ map:     17.54 kB
out/renderer/assets/vitesse-black-DCIn8F-t.js                           13.67 kB │ gzip:     3.05 kB │ map:     18.60 kB
out/renderer/assets/vitesse-black-inekA1fp.js                           13.67 kB │ gzip:     3.05 kB │ map:     18.62 kB
out/renderer/assets/vitesse-dark-BkDr379z.js                            13.75 kB │ gzip:     3.06 kB │ map:     18.68 kB
out/renderer/assets/vitesse-dark-D71GWKAZ.js                            13.75 kB │ gzip:     3.06 kB │ map:     18.70 kB
out/renderer/assets/pug-DmguhEav.js                                     13.84 kB │ gzip:     2.58 kB │ map:     20.47 kB
out/renderer/assets/pug-kdZtEpSe.js                                     13.84 kB │ gzip:     2.58 kB │ map:     20.49 kB
out/renderer/assets/luau-CIK0oJkv.js                                    13.95 kB │ gzip:     3.16 kB │ map:     19.61 kB
out/renderer/assets/luau-i4GsCAGH.js                                    13.95 kB │ gzip:     3.16 kB │ map:     19.59 kB
out/renderer/assets/synthwave-84-CSRBlaSz.js                            14.03 kB │ gzip:     2.85 kB │ map:     19.08 kB
out/renderer/assets/synthwave-84-CeuGVuJH.js                            14.03 kB │ gzip:     2.85 kB │ map:     19.06 kB
out/renderer/assets/github-light-default-CY4vvwxM.js                    14.15 kB │ gzip:     3.02 kB │ map:     19.24 kB
out/renderer/assets/github-light-default-D-P6aRXM.js                    14.15 kB │ gzip:     3.02 kB │ map:     19.26 kB
out/renderer/assets/clarity-BircNz6i.js                                 14.26 kB │ gzip:     2.46 kB │ map:     19.90 kB
out/renderer/assets/clarity-CecggV0c.js                                 14.26 kB │ gzip:     2.46 kB │ map:     19.92 kB
out/renderer/assets/github-light-high-contrast-BZ30rx9n.js              14.27 kB │ gzip:     3.00 kB │ map:     19.41 kB
out/renderer/assets/github-light-high-contrast-DGeq8yNe.js              14.27 kB │ gzip:     3.00 kB │ map:     19.43 kB
out/renderer/assets/github-dark-dimmed-2qNSPNux.js                      14.43 kB │ gzip:     3.11 kB │ map:     19.63 kB
out/renderer/assets/github-dark-dimmed-BpDpdpDR.js                      14.43 kB │ gzip:     3.11 kB │ map:     19.61 kB
out/renderer/assets/github-dark-default-B99efkG6.js                     14.43 kB │ gzip:     3.12 kB │ map:     19.62 kB
out/renderer/assets/github-dark-default-CI1uNmRU.js                     14.43 kB │ gzip:     3.12 kB │ map:     19.64 kB
out/renderer/assets/Line-C9A_eQCk.js                                    14.46 kB │ gzip:     4.66 kB │ map:     58.97 kB
out/renderer/assets/github-dark-high-contrast-ACS4SREC.js               14.59 kB │ gzip:     3.07 kB │ map:     19.86 kB
out/renderer/assets/github-dark-high-contrast-DhUSjaVX.js               14.59 kB │ gzip:     3.07 kB │ map:     19.84 kB
out/renderer/assets/gnuplot-BGxCmRAX.js                                 14.77 kB │ gzip:     3.27 kB │ map:     20.78 kB
out/renderer/assets/gnuplot-D9DoBA5d.js                                 14.77 kB │ gzip:     3.27 kB │ map:     20.80 kB
out/renderer/assets/time-P_tqLW8e.js                                    14.92 kB │ gzip:     4.81 kB │ map:     62.47 kB
out/renderer/assets/rust-D27TsPaS.js                                    15.06 kB │ gzip:     2.71 kB │ map:     21.44 kB
out/renderer/assets/rust-gDPsX1FH.js                                    15.06 kB │ gzip:     2.71 kB │ map:     21.42 kB
out/renderer/assets/kusto-BSrAFqgB.js                                   15.16 kB │ gzip:     3.93 kB │ map:     19.60 kB
out/renderer/assets/kusto-DL00yjry.js                                   15.16 kB │ gzip:     3.92 kB │ map:     19.58 kB
out/renderer/assets/actionscript-3-3BWfQszq.js                          15.19 kB │ gzip:     2.67 kB │ map:     21.41 kB
out/renderer/assets/actionscript-3-CbO_X2IV.js                          15.19 kB │ gzip:     2.67 kB │ map:     21.43 kB
out/renderer/assets/nix-D-ERobEt.js                                     15.50 kB │ gzip:     2.47 kB │ map:     22.81 kB
out/renderer/assets/nix-YxkNYJCn.js                                     15.50 kB │ gzip:     2.47 kB │ map:     22.85 kB
out/renderer/assets/lua-B1Y31Kav.js                                     15.58 kB │ gzip:     3.18 kB │ map:     22.08 kB
out/renderer/assets/lua-C1LuVAJq.js                                     15.58 kB │ gzip:     3.18 kB │ map:     22.10 kB
out/renderer/assets/abap-BsnWDpFX.js                                    15.84 kB │ gzip:     5.93 kB │ map:     18.82 kB
out/renderer/assets/abap-CUZWQepW.js                                    15.84 kB │ gzip:     5.93 kB │ map:     18.80 kB
out/renderer/assets/solidity-CJslBz2_.js                                16.06 kB │ gzip:     3.09 kB │ map:     23.41 kB
out/renderer/assets/solidity-D-vwimMX.js                                16.06 kB │ gzip:     3.09 kB │ map:     23.43 kB
out/renderer/assets/matlab-BQRXvmBr.js                                  16.07 kB │ gzip:     3.06 kB │ map:     23.35 kB
out/renderer/assets/matlab-DWiAqFUA.js                                  16.07 kB │ gzip:     3.06 kB │ map:     23.33 kB
out/renderer/assets/cue-CRvnw8qo.js                                     16.19 kB │ gzip:     2.04 kB │ map:     23.77 kB
out/renderer/assets/cue-ekWiU1-O.js                                     16.19 kB │ gzip:     2.04 kB │ map:     23.75 kB
out/renderer/assets/elixir-DyuKXw_B.js                                  16.26 kB │ gzip:     2.76 kB │ map:     23.12 kB
out/renderer/assets/elixir-VmrDNOJg.js                                  16.26 kB │ gzip:     2.76 kB │ map:     23.10 kB
out/renderer/assets/Bar-BCq4MQV-.js                                     16.39 kB │ gzip:     5.68 kB │ map:     71.33 kB
out/renderer/assets/odin-f-41yQlc.js                                    16.50 kB │ gzip:     2.92 kB │ map:     23.78 kB
out/renderer/assets/odin-pszwd9fN.js                                    16.50 kB │ gzip:     2.92 kB │ map:     23.76 kB
out/renderer/assets/ts-tags-ClkJD8sM.js                                 16.54 kB │ gzip:     2.05 kB │ map:     24.42 kB
out/renderer/assets/pptx-preview-viewer-CB_mfEHj.js                     16.88 kB │ gzip:     6.18 kB │ map:     61.77 kB
out/renderer/assets/esm-fUeJWEjR.js                                     16.95 kB │ gzip:     5.13 kB │ map:     53.29 kB
out/renderer/assets/bird2-DYUaGwAe.js                                   16.96 kB │ gzip:     3.84 kB │ map:     23.21 kB
out/renderer/assets/kanagawa-wave-D-BOZ8c3.js                           17.12 kB │ gzip:     2.90 kB │ map:     22.26 kB
out/renderer/assets/kanagawa-wave-DsBvqmgn.js                           17.12 kB │ gzip:     2.90 kB │ map:     22.24 kB
out/renderer/assets/kanagawa-lotus-Bn6tJdWD.js                          17.12 kB │ gzip:     2.90 kB │ map:     22.27 kB
out/renderer/assets/kanagawa-lotus-zIxkS0i_.js                          17.12 kB │ gzip:     2.90 kB │ map:     22.25 kB
out/renderer/assets/kanagawa-dragon--OYRdqYT.js                         17.12 kB │ gzip:     2.92 kB │ map:     22.27 kB
out/renderer/assets/kanagawa-dragon-Dr3O6ZPk.js                         17.12 kB │ gzip:     2.92 kB │ map:     22.25 kB
out/renderer/assets/ishikawaDiagram-UXIWVN3A-CruXx37n.js                17.30 kB │ gzip:     6.51 kB │ map:     57.98 kB
out/renderer/assets/move-SBuXHbLH.js                                    17.49 kB │ gzip:     3.06 kB │ map:     26.23 kB
out/renderer/assets/move-u1Vl-ZCZ.js                                    17.49 kB │ gzip:     3.06 kB │ map:     26.25 kB
out/renderer/assets/chunk-5PVQY5BW-B1Sjd_DR.js                          17.92 kB │ gzip:     6.60 kB │ map:     78.99 kB
out/renderer/assets/graphql-Crar-TaJ.js                                 18.07 kB │ gzip:     2.53 kB │ map:     25.42 kB
out/renderer/assets/graphql-eK1omv17.js                                 18.07 kB │ gzip:     2.53 kB │ map:     25.44 kB
out/renderer/assets/liquid-a-zlq5r8.js                                  18.10 kB │ gzip:     3.14 kB │ map:     25.19 kB
out/renderer/assets/liquid-i-0Hdb6d.js                                  18.10 kB │ gzip:     3.14 kB │ map:     25.21 kB
out/renderer/assets/svelte-CO_-vkWM.js                                  18.24 kB │ gzip:     3.14 kB │ map:     25.71 kB
out/renderer/assets/svelte-kbwM_skQ.js                                  18.24 kB │ gzip:     3.14 kB │ map:     25.69 kB
out/renderer/assets/material-theme-Br2Ca87W.js                          18.61 kB │ gzip:     3.10 kB │ map:     24.10 kB
out/renderer/assets/material-theme-zy7rz2V_.js                          18.61 kB │ gzip:     3.10 kB │ map:     24.08 kB
out/renderer/assets/material-theme-darker-Cl-AyiK_.js                   18.62 kB │ gzip:     3.10 kB │ map:     24.14 kB
out/renderer/assets/material-theme-darker-LODm3ICo.js                   18.62 kB │ gzip:     3.10 kB │ map:     24.12 kB
out/renderer/assets/material-theme-ocean-Bd5pgjb5.js                    18.62 kB │ gzip:     3.12 kB │ map:     24.12 kB
out/renderer/assets/material-theme-ocean-qGkEkbMW.js                    18.62 kB │ gzip:     3.12 kB │ map:     24.13 kB
out/renderer/assets/material-theme-lighter-BY5Lw0mN.js                  18.63 kB │ gzip:     3.10 kB │ map:     24.15 kB
out/renderer/assets/material-theme-lighter-Ci7bexK7.js                  18.63 kB │ gzip:     3.10 kB │ map:     24.13 kB
out/renderer/assets/material-theme-palenight-CQt9MCYE.js                18.63 kB │ gzip:     3.11 kB │ map:     24.13 kB
out/renderer/assets/material-theme-palenight-MI1uXfY8.js                18.63 kB │ gzip:     3.11 kB │ map:     24.15 kB
out/renderer/assets/gdscript-gWDY6FRi.js                                18.98 kB │ gzip:     3.75 kB │ map:     26.23 kB
out/renderer/assets/gdscript-kIBRvmr7.js                                18.98 kB │ gzip:     3.75 kB │ map:     26.22 kB
out/renderer/assets/groovy-BrfiK06A.js                                  19.17 kB │ gzip:     3.59 kB │ map:     27.48 kB
out/renderer/assets/groovy-Ckv_8knx.js                                  19.17 kB │ gzip:     3.59 kB │ map:     27.50 kB
out/renderer/assets/mdc-DYL7YDHz.js                                     19.54 kB │ gzip:     6.66 kB │ map:     23.05 kB
out/renderer/assets/mdc-ZeP6FI0Y.js                                     19.54 kB │ gzip:     6.66 kB │ map:     23.07 kB
out/renderer/assets/sankeyDiagram-XADWPNL6-DGI4LELs.js                  19.89 kB │ gzip:     7.16 kB │ map:     71.15 kB
out/renderer/assets/ArtifactChartView-DRTHoXFy.js                       19.99 kB │ gzip:     6.74 kB │ map:     80.49 kB
out/renderer/assets/ayu-dark-1uOG6es4.js                                20.07 kB │ gzip:     3.93 kB │ map:     27.03 kB
out/renderer/assets/ayu-dark-C33T8IAB.js                                20.07 kB │ gzip:     3.93 kB │ map:     27.01 kB
out/renderer/assets/ayu-mirage-D83oeS_x.js                              20.08 kB │ gzip:     3.91 kB │ map:     27.02 kB
out/renderer/assets/ayu-mirage-DE7ocRmc.js                              20.08 kB │ gzip:     3.91 kB │ map:     27.04 kB
out/renderer/assets/glimmer-js-BJUtI-c9.js                              20.08 kB │ gzip:     2.94 kB │ map:     28.56 kB
out/renderer/assets/glimmer-js-Cuy5tYQD.js                              20.08 kB │ gzip:     2.94 kB │ map:     28.58 kB
out/renderer/assets/glimmer-ts-DL--y4G4.js                              20.08 kB │ gzip:     2.93 kB │ map:     28.56 kB
out/renderer/assets/glimmer-ts-DVNyn6UR.js                              20.08 kB │ gzip:     2.93 kB │ map:     28.58 kB
out/renderer/assets/powershell-BB_8Uq-9.js                              20.14 kB │ gzip:     4.05 kB │ map:     26.55 kB
out/renderer/assets/powershell-DVFW2ITr.js                              20.14 kB │ gzip:     4.05 kB │ map:     26.57 kB
out/renderer/assets/ayu-light-Dmtid815.js                               20.14 kB │ gzip:     3.89 kB │ map:     27.09 kB
out/renderer/assets/ayu-light-DpEn1d7v.js                               20.14 kB │ gzip:     3.89 kB │ map:     27.11 kB
out/renderer/assets/kanban-definition-6JOO6SKY-5Ix5e8oT.js              20.22 kB │ gzip:     7.13 kB │ map:     63.72 kB
out/renderer/assets/viml-BFgEyPK8.js                                    20.35 kB │ gzip:     6.73 kB │ map:     23.46 kB
out/renderer/assets/viml-KOLDG9Mh.js                                    20.35 kB │ gzip:     6.73 kB │ map:     23.48 kB
out/renderer/assets/nushell-CHjScpFx.js                                 20.40 kB │ gzip:     5.21 kB │ map:     27.64 kB
out/renderer/assets/nushell-RAnMgdpP.js                                 20.40 kB │ gzip:     5.21 kB │ map:     27.62 kB
out/renderer/assets/AppUsageModelUsagePieChart-BX4aGI_d.js              20.70 kB │ gzip:     6.62 kB │ map:     76.11 kB
out/renderer/assets/snazzy-light-BXj_15am.js                            20.77 kB │ gzip:     3.80 kB │ map:     27.98 kB
out/renderer/assets/snazzy-light-XEn70Oxd.js                            20.77 kB │ gzip:     3.80 kB │ map:     27.99 kB
out/renderer/assets/twig-Bb_MfeMl.js                                    20.90 kB │ gzip:     3.66 kB │ map:     29.18 kB
out/renderer/assets/twig-DHwkPWts.js                                    20.90 kB │ gzip:     3.66 kB │ map:     29.20 kB
out/renderer/assets/dracula-a87oYfYK.js                                 21.06 kB │ gzip:     3.99 kB │ map:     27.48 kB
out/renderer/assets/dracula-wGNQqapH.js                                 21.06 kB │ gzip:     3.99 kB │ map:     27.46 kB
out/renderer/assets/dracula-soft-BcHsTmwm.js                            21.07 kB │ gzip:     4.02 kB │ map:     27.51 kB
out/renderer/assets/dracula-soft-CdD7w3gG.js                            21.07 kB │ gzip:     4.02 kB │ map:     27.49 kB
out/renderer/assets/index-B3zuQxUf.js                                   21.30 kB │ gzip:     6.20 kB │ map:     61.62 kB
out/renderer/assets/wit-CLCf0hYL.js                                     21.46 kB │ gzip:     2.87 kB │ map:     30.08 kB
out/renderer/assets/wit-qFLXQlv3.js                                     21.46 kB │ gzip:     2.87 kB │ map:     30.06 kB
out/renderer/assets/rose-pine-C1a__eid.js                               21.74 kB │ gzip:     3.86 kB │ map:     28.75 kB
out/renderer/assets/rose-pine-DOHdKEwL.js                               21.74 kB │ gzip:     3.86 kB │ map:     28.73 kB
out/renderer/assets/rose-pine-moon-fnKN2Web.js                          21.75 kB │ gzip:     3.87 kB │ map:     28.78 kB
out/renderer/assets/rose-pine-moon-q0-hg1Z5.js                          21.75 kB │ gzip:     3.87 kB │ map:     28.76 kB
out/renderer/assets/rose-pine-dawn-BVqQjyyT.js                          21.75 kB │ gzip:     3.88 kB │ map:     28.76 kB
out/renderer/assets/rose-pine-dawn-_VJEWvFP.js                          21.75 kB │ gzip:     3.88 kB │ map:     28.78 kB
out/renderer/assets/nim-CNFZQRtv.js                                     22.45 kB │ gzip:     3.15 kB │ map:     32.71 kB
out/renderer/assets/nim-DDrfV11t.js                                     22.45 kB │ gzip:     3.15 kB │ map:     32.73 kB
out/renderer/assets/common-lisp-D-FT32Za.js                             22.57 kB │ gzip:     6.07 kB │ map:     26.64 kB
out/renderer/assets/common-lisp-DwnQKylr.js                             22.57 kB │ gzip:     6.07 kB │ map:     26.66 kB
out/renderer/assets/surrealql-Bz5i0TjC.js                               22.58 kB │ gzip:     4.31 kB │ map:     32.43 kB
out/renderer/assets/surrealql-DYSJdplB.js                               22.58 kB │ gzip:     4.31 kB │ map:     32.44 kB
out/renderer/assets/gruvbox-dark-hard-B6FglDD0.js                       22.63 kB │ gzip:     4.15 kB │ map:     30.55 kB
out/renderer/assets/gruvbox-dark-hard-CHoEL_1o.js                       22.63 kB │ gzip:     4.15 kB │ map:     30.53 kB
out/renderer/assets/gruvbox-dark-soft-CmFdvHIW.js                       22.63 kB │ gzip:     4.15 kB │ map:     30.55 kB
out/renderer/assets/gruvbox-dark-soft-CpWmROaK.js                       22.63 kB │ gzip:     4.15 kB │ map:     30.53 kB
out/renderer/assets/gruvbox-light-hard-CPGdjNpo.js                      22.63 kB │ gzip:     4.16 kB │ map:     30.53 kB
out/renderer/assets/gruvbox-light-hard-WI_cxMl8.js                      22.63 kB │ gzip:     4.16 kB │ map:     30.55 kB
out/renderer/assets/gruvbox-light-soft-DOsV7eyO.js                      22.63 kB │ gzip:     4.16 kB │ map:     30.53 kB
out/renderer/assets/gruvbox-light-soft-idYxAGux.js                      22.63 kB │ gzip:     4.16 kB │ map:     30.55 kB
out/renderer/assets/gruvbox-dark-medium-0cf9HpPJ.js                     22.63 kB │ gzip:     4.15 kB │ map:     30.56 kB
out/renderer/assets/gruvbox-dark-medium-Ckc0KQc1.js                     22.63 kB │ gzip:     4.15 kB │ map:     30.54 kB
out/renderer/assets/gruvbox-light-medium-DRgA38HP.js                    22.63 kB │ gzip:     4.16 kB │ map:     30.54 kB
out/renderer/assets/gruvbox-light-medium-DY3IkLDC.js                    22.63 kB │ gzip:     4.16 kB │ map:     30.56 kB
out/renderer/assets/bird2-CTzbUi6N.js                                   22.93 kB │ gzip:     4.65 kB │ map:     31.01 kB
out/renderer/assets/journeyDiagram-VCZTEJTY-npuABfOk.js                 23.16 kB │ gzip:     8.15 kB │ map:     74.00 kB
out/renderer/assets/sql-BNYHn2fl.js                                     23.46 kB │ gzip:     7.48 kB │ map:     27.89 kB
out/renderer/assets/sql-BcUEmYum.js                                     23.46 kB │ gzip:     7.48 kB │ map:     27.87 kB
out/renderer/assets/mindmap-definition-QFDTVHPH-B75tK08L.js             23.65 kB │ gzip:     8.06 kB │ map:     72.81 kB
out/renderer/assets/cadence-B6ZCnG7d.js                                 23.66 kB │ gzip:     3.65 kB │ map:     33.54 kB
out/renderer/assets/cadence-BBVLAWs_.js                                 23.66 kB │ gzip:     3.65 kB │ map:     33.56 kB
out/renderer/assets/wardleyDiagram-NUSXRM2D-C2k9t2NZ.js                 23.87 kB │ gzip:     6.29 kB │ map:     72.93 kB
out/renderer/assets/typespec-B7YQGDJr.js                                24.01 kB │ gzip:     2.58 kB │ map:     33.42 kB
out/renderer/assets/astro-GcSlNA_r.js                                   24.02 kB │ gzip:     7.59 kB │ map:     29.12 kB
out/renderer/assets/astro-HcosOt3t.js                                   24.02 kB │ gzip:     7.59 kB │ map:     29.10 kB
out/renderer/assets/apl-DBez-VhS.js                                     24.02 kB │ gzip:     4.16 kB │ map:     33.29 kB
out/renderer/assets/apl-Ra05uBBO.js                                     24.02 kB │ gzip:     4.17 kB │ map:     33.31 kB
out/renderer/assets/templ-BQ49gh2Y.js                                   24.06 kB │ gzip:     5.41 kB │ map:     30.85 kB
out/renderer/assets/templ-ByjYhB5b.js                                   24.06 kB │ gzip:     5.41 kB │ map:     30.87 kB
out/renderer/assets/angular-html-BpzGWzSr.js                            24.23 kB │ gzip:     3.98 kB │ map:     35.55 kB
out/renderer/assets/angular-html-yBOlgoab.js                            24.23 kB │ gzip:     3.98 kB │ map:     35.46 kB
out/renderer/assets/vhdl-Qk8maNfI.js                                    24.25 kB │ gzip:     3.86 kB │ map:     33.34 kB
out/renderer/assets/vhdl-sROO2pU4.js                                    24.25 kB │ gzip:     3.86 kB │ map:     33.36 kB
out/renderer/assets/vue-6btwpMS6.js                                     24.48 kB │ gzip:     2.96 kB │ map:     36.62 kB
out/renderer/assets/vue-CV8J7Adv.js                                     24.48 kB │ gzip:     2.96 kB │ map:     36.52 kB
out/renderer/assets/purescript-CFFn4eN3.js                              24.67 kB │ gzip:     3.24 kB │ map:     34.86 kB
out/renderer/assets/purescript-DFGt1iF-.js                              24.67 kB │ gzip:     3.24 kB │ map:     34.85 kB
out/renderer/assets/typespec-D_DqTCpy.js                                25.03 kB │ gzip:     2.62 kB │ map:     34.65 kB
out/renderer/assets/one-light-DF5zAdR7.js                               25.29 kB │ gzip:     3.63 kB │ map:     33.76 kB
out/renderer/assets/one-light-gn53jm5_.js                               25.29 kB │ gzip:     3.63 kB │ map:     33.78 kB
out/renderer/assets/fsharp-DkVk46Wi.js                                  25.30 kB │ gzip:     4.12 kB │ map:     35.82 kB
out/renderer/assets/fsharp-NNtEKQFh.js                                  25.30 kB │ gzip:     4.12 kB │ map:     35.84 kB
out/renderer/assets/marko-BsNQ4JJh.js                                   25.48 kB │ gzip:     3.59 kB │ map:     35.81 kB
out/renderer/assets/marko-Dawa0wfw.js                                   25.48 kB │ gzip:     3.59 kB │ map:     35.79 kB
out/renderer/assets/c3-BPmtOgTm.js                                      25.62 kB │ gzip:     3.85 kB │ map:     37.14 kB
out/renderer/assets/c3-CQ2W8Wuy.js                                      25.62 kB │ gzip:     3.85 kB │ map:     37.16 kB
out/renderer/assets/night-owl-light-B8uo5Xr_.js                         25.89 kB │ gzip:     4.23 kB │ map:     35.13 kB
out/renderer/assets/night-owl-light-BF_fH8QX.js                         25.89 kB │ gzip:     4.23 kB │ map:     35.11 kB
out/renderer/assets/system-verilog-B6cmCI5l.js                          26.19 kB │ gzip:     4.82 kB │ map:     36.22 kB
out/renderer/assets/system-verilog-CYgHam3n.js                          26.19 kB │ gzip:     4.82 kB │ map:     36.24 kB
out/renderer/assets/nord-BC9iOe3M.js                                    26.72 kB │ gzip:     4.35 kB │ map:     35.31 kB
out/renderer/assets/nord-FZ7Ot-vx.js                                    26.72 kB │ gzip:     4.35 kB │ map:     35.33 kB
out/renderer/assets/erDiagram-SMLLAGMA-5YNPc3X-.js                      26.81 kB │ gzip:     9.33 kB │ map:     85.01 kB
out/renderer/assets/codeql-Cwhh2x-1.js                                  26.87 kB │ gzip:     3.79 kB │ map:     35.97 kB
out/renderer/assets/codeql-DeBCxbwE.js                                  26.87 kB │ gzip:     3.79 kB │ map:     35.99 kB
out/renderer/assets/rough.esm-iOC3fO9X.js                               27.10 kB │ gzip:     8.85 kB │ map:     71.32 kB
out/renderer/assets/bundle-mjs-BNjtJL7U.js                              27.25 kB │ gzip:     8.67 kB │ map:    139.70 kB
out/renderer/assets/scss-BT0PzR8X.js                                    27.25 kB │ gzip:     4.22 kB │ map:     38.29 kB
out/renderer/assets/scss-XVf7go4c.js                                    27.25 kB │ gzip:     4.22 kB │ map:     38.31 kB
out/renderer/assets/java-CXbFd3HC.js                                    27.27 kB │ gzip:     4.30 kB │ map:     38.60 kB
out/renderer/assets/java-Cn34Fao-.js                                    27.27 kB │ gzip:     4.30 kB │ map:     38.59 kB
out/renderer/assets/coffee-B7LB4y5L.js                                  27.42 kB │ gzip:     6.35 kB │ map:     36.04 kB
out/renderer/assets/coffee-DZNFkK5H.js                                  27.42 kB │ gzip:     6.35 kB │ map:     36.06 kB
out/renderer/assets/razor-DnC04wSI.js                                   27.45 kB │ gzip:     3.54 kB │ map:     38.28 kB
out/renderer/assets/razor-TORc0gqd.js                                   27.45 kB │ gzip:     3.54 kB │ map:     38.26 kB
out/renderer/assets/scala-D0JoHVNi.js                                   28.87 kB │ gzip:     3.92 kB │ map:     40.07 kB
out/renderer/assets/scala-DSEjN73J.js                                   28.87 kB │ gzip:     3.92 kB │ map:     40.09 kB
out/renderer/assets/night-owl-CdSeAQFS.js                               28.91 kB │ gzip:     5.14 kB │ map:     39.01 kB
out/renderer/assets/night-owl-DA5fXTJi.js                               28.91 kB │ gzip:     5.14 kB │ map:     39.03 kB
out/renderer/assets/gitGraphDiagram-UUTBAWPF-OoIdLj_5.js                28.97 kB │ gzip:     8.55 kB │ map:    109.56 kB
out/renderer/assets/duke_sheets_wasm-BTyH9o_s.js                        28.98 kB │ gzip:     6.59 kB │ map:    108.85 kB
out/renderer/assets/pierre-dark-x97NQo-G.js                             29.34 kB │ gzip:     4.51 kB │ map:     32.87 kB
out/renderer/assets/pierre-light-234wuNan.js                            29.34 kB │ gzip:     4.48 kB │ map:     32.87 kB
out/renderer/assets/crystal-BNhla1Ir.js                                 29.41 kB │ gzip:     4.44 kB │ map:     41.13 kB
out/renderer/assets/crystal-C7ICiD19.js                                 29.41 kB │ gzip:     4.44 kB │ map:     41.15 kB
out/renderer/assets/mermaid-CYkgOGXw.js                                 29.50 kB │ gzip:     3.64 kB │ map:     44.07 kB
out/renderer/assets/mermaid-DcYZsC__.js                                 29.50 kB │ gzip:     3.64 kB │ map:     44.09 kB
out/renderer/assets/applescript-D1Vs1KvC.js                             29.56 kB │ gzip:     5.94 kB │ map:     39.30 kB
out/renderer/assets/applescript-DU0D6S0B.js                             29.56 kB │ gzip:     5.94 kB │ map:     39.32 kB
out/renderer/assets/timeline-definition-GMOUNBTQ-DKEGixfA.js            30.39 kB │ gzip:     9.96 kB │ map:     99.34 kB
out/renderer/assets/dagre-BGpZV99K.js                                   30.42 kB │ gzip:    10.93 kB │ map:    186.34 kB
out/renderer/assets/CartesianChart-BeBkePBA.js                          30.43 kB │ gzip:     8.18 kB │ map:    118.91 kB
out/renderer/assets/requirementDiagram-MS252O5E-C6HSFk_D.js             30.96 kB │ gzip:     9.76 kB │ map:     94.18 kB
out/renderer/assets/julia-BbNnE0zS.js                                   30.99 kB │ gzip:     4.30 kB │ map:     40.52 kB
out/renderer/assets/julia-CQLNtDVD.js                                   30.99 kB │ gzip:     4.30 kB │ map:     40.50 kB
out/renderer/assets/stylus-6oAkyVmG.js                                  31.06 kB │ gzip:     8.01 kB │ map:     38.83 kB
out/renderer/assets/stylus-C3v7AjVI.js                                  31.06 kB │ gzip:     8.01 kB │ map:     38.85 kB
out/renderer/assets/quadrantDiagram-34T5L4WZ-DBkrhjUk.js                33.34 kB │ gzip:     9.70 kB │ map:    104.27 kB
out/renderer/assets/poimandres-DP1fBUo4.js                              33.49 kB │ gzip:     5.49 kB │ map:     43.02 kB
out/renderer/assets/poimandres-DbfDQcWH.js                              33.49 kB │ gzip:     5.49 kB │ map:     43.04 kB
out/renderer/assets/chunk-ENJZ2VHE-ccIHDS3X.js                          33.51 kB │ gzip:     7.10 kB │ map:     94.67 kB
out/renderer/assets/one-dark-pro-D1SG_FTv.js                            33.78 kB │ gzip:     5.50 kB │ map:     44.48 kB
out/renderer/assets/one-dark-pro-Dl5M_iey.js                            33.78 kB │ gzip:     5.50 kB │ map:     44.46 kB
out/renderer/assets/bsl-Dfdze5YR.js                                     33.86 kB │ gzip:     8.34 kB │ map:     37.58 kB
out/renderer/assets/bsl-DvdUPUNg.js                                     33.86 kB │ gzip:     8.34 kB │ map:     37.56 kB
out/renderer/assets/haxe-B8Y07fa6.js                                    35.15 kB │ gzip:     5.90 kB │ map:     49.49 kB
out/renderer/assets/haxe-XEUEVWoo.js                                    35.15 kB │ gzip:     5.90 kB │ map:     49.48 kB
out/renderer/assets/nginx-CbhyWgEL.js                                   35.35 kB │ gzip:     4.45 kB │ map:     48.45 kB
out/renderer/assets/nginx-DWqpTr2V.js                                   35.35 kB │ gzip:     4.45 kB │ map:     48.43 kB
out/renderer/assets/houston-D8KhWBBx.js                                 35.41 kB │ gzip:     5.76 kB │ map:     46.37 kB
out/renderer/assets/houston-eXSRWzle.js                                 35.41 kB │ gzip:     5.76 kB │ map:     46.35 kB
out/renderer/assets/tokyo-night-BSzyB4Np.js                             35.66 kB │ gzip:     6.22 kB │ map:     45.32 kB
out/renderer/assets/tokyo-night-C-xMtMw9.js                             35.66 kB │ gzip:     6.22 kB │ map:     45.30 kB
out/renderer/assets/chunk-OYMX7WX6-BLVZZDfn.js                          36.59 kB │ gzip:    11.80 kB │ map:    115.48 kB
out/renderer/assets/src-CRE-Ymgs.js                                     37.29 kB │ gzip:    12.43 kB │ map:    155.90 kB
out/renderer/assets/erlang-CPpUh9SZ.js                                  37.47 kB │ gzip:     4.36 kB │ map:     51.53 kB
out/renderer/assets/erlang-CxGcS1Fl.js                                  37.47 kB │ gzip:     4.36 kB │ map:     51.51 kB
out/renderer/assets/skillStore-1phzurfL.js                              38.66 kB │ gzip:    10.49 kB │ map:    232.22 kB
out/renderer/assets/xychartDiagram-5P7HB3ND-GfaGmQO9.js                 38.76 kB │ gzip:    10.72 kB │ map:    121.16 kB
out/renderer/assets/cobol-CZkZ4nia.js                                   39.07 kB │ gzip:    10.88 kB │ map:     47.30 kB
out/renderer/assets/cobol-D64xIQsH.js                                   39.09 kB │ gzip:    10.89 kB │ map:     47.35 kB
out/renderer/assets/vennDiagram-DHZGUBPP-1O90TeVp.js                    40.62 kB │ gzip:    14.89 kB │ map:    171.05 kB
out/renderer/assets/asm-BJzXJ8Ny.js                                     40.71 kB │ gzip:     8.16 kB │ map:     52.96 kB
out/renderer/assets/asm-CVxn1HUq.js                                     40.71 kB │ gzip:     8.16 kB │ map:     52.97 kB
out/renderer/assets/haskell-BR7iNh5Z.js                                 41.48 kB │ gzip:     6.41 kB │ map:     57.81 kB
out/renderer/assets/haskell-CZfmhOGh.js                                 41.48 kB │ gzip:     6.41 kB │ map:     57.82 kB
out/renderer/assets/shellscript-Bqw2koxH.js                             41.53 kB │ gzip:     6.12 kB │ map:     56.48 kB
out/renderer/assets/shellscript-CODp4Myb.js                             41.53 kB │ gzip:     6.12 kB │ map:     56.49 kB
out/renderer/assets/chunk-XPW4576I-CBzhDO-a.js                          41.85 kB │ gzip:    14.22 kB │ map:    147.73 kB
out/renderer/assets/perl-B9uCPivl.js                                    43.14 kB │ gzip:     4.64 kB │ map:     60.72 kB
out/renderer/assets/perl-CyVgn32Y.js                                    43.14 kB │ gzip:     4.64 kB │ map:     60.70 kB
out/renderer/assets/d-BRY-Wbzq.js                                       43.78 kB │ gzip:     8.43 kB │ map:     62.65 kB
out/renderer/assets/d-DtEQ_qem.js                                       43.78 kB │ gzip:     8.43 kB │ map:     62.67 kB
out/renderer/assets/ruby-BJaP34S2.js                                    45.83 kB │ gzip:     5.56 kB │ map:     65.27 kB
out/renderer/assets/ruby-DEq1QMV5.js                                    46.60 kB │ gzip:     5.70 kB │ map:     66.14 kB
out/renderer/assets/go-qqctMfVR.js                                      46.80 kB │ gzip:     5.15 kB │ map:     66.57 kB
out/renderer/assets/go-HioF5Gf7.js                                      46.81 kB │ gzip:     5.14 kB │ map:     66.56 kB
out/renderer/assets/chunk-4TB4RGXK-BhWCeAN2.js                          46.88 kB │ gzip:    15.12 kB │ map:    138.06 kB
out/renderer/assets/apex-Cyi6E7Pk.js                                    46.97 kB │ gzip:     6.72 kB │ map:     65.69 kB
out/renderer/assets/apex-DTieBy6b.js                                    46.97 kB │ gzip:     6.72 kB │ map:     65.67 kB
out/renderer/assets/catppuccin-mocha-5ILI_jVT.js                        47.25 kB │ gzip:     7.98 kB │ map:     61.98 kB
out/renderer/assets/catppuccin-mocha-BBrvwDYR.js                        47.25 kB │ gzip:     7.98 kB │ map:     61.99 kB
out/renderer/assets/catppuccin-latte-Bmo5ST8a.js                        47.25 kB │ gzip:     7.98 kB │ map:     61.98 kB
out/renderer/assets/catppuccin-latte-BuNmk7l-.js                        47.25 kB │ gzip:     7.98 kB │ map:     62.00 kB
out/renderer/assets/catppuccin-frappe-C4ZfGWZ3.js                       47.25 kB │ gzip:     7.99 kB │ map:     62.00 kB
out/renderer/assets/catppuccin-frappe-YMVnR_fi.js                       47.25 kB │ gzip:     7.99 kB │ map:     61.98 kB
out/renderer/assets/catppuccin-macchiato-0pm5zM1S.js                    47.26 kB │ gzip:     7.99 kB │ map:     62.01 kB
out/renderer/assets/catppuccin-macchiato-SfCJ6Je-.js                    47.26 kB │ gzip:     7.99 kB │ map:     62.00 kB
out/renderer/assets/ada-Bpf_rUZ1.js                                     48.07 kB │ gzip:     5.96 kB │ map:     70.92 kB
out/renderer/assets/ada-DRJxrFz2.js                                     48.07 kB │ gzip:     5.96 kB │ map:     70.94 kB
out/renderer/assets/css-7O4ztJE5.js                                     49.07 kB │ gzip:    11.94 kB │ map:     60.60 kB
out/renderer/assets/css-DGSNPL_x.js                                     49.09 kB │ gzip:    11.95 kB │ map:     60.60 kB
out/renderer/assets/imba-CcKVVz9y.js                                    49.92 kB │ gzip:     9.47 kB │ map:     68.06 kB
out/renderer/assets/imba-Oo4HRYby.js                                    49.92 kB │ gzip:     9.47 kB │ map:     68.04 kB
out/renderer/assets/chunk-U2HBQHQK-D09FHNFc.js                          52.52 kB │ gzip:    17.15 kB │ map:    132.10 kB
out/renderer/assets/everforest-dark-1krO95yx.js                         53.74 kB │ gzip:     8.37 kB │ map:     68.24 kB
out/renderer/assets/everforest-dark-B5aywJwy.js                         53.74 kB │ gzip:     8.37 kB │ map:     68.22 kB
out/renderer/assets/everforest-light-D3RthXL-.js                        53.74 kB │ gzip:     8.36 kB │ map:     68.25 kB
out/renderer/assets/everforest-light-DWgA3Wh0.js                        53.74 kB │ gzip:     8.36 kB │ map:     68.23 kB
out/renderer/assets/ganttDiagram-T4ZO3ILL-C2CuQofy.js                   54.44 kB │ gzip:    18.21 kB │ map:    163.46 kB
out/renderer/assets/wikitext-DHtmwPgS.js                                55.87 kB │ gzip:     4.81 kB │ map:     77.59 kB
out/renderer/assets/wikitext-DM43g-8k.js                                55.87 kB │ gzip:     4.81 kB │ map:     77.61 kB
out/renderer/assets/stata-9xvNosyC.js                                   56.99 kB │ gzip:    12.39 kB │ map:     74.15 kB
out/renderer/assets/stata-c3SmtAbW.js                                   56.99 kB │ gzip:    12.39 kB │ map:     74.13 kB
out/renderer/assets/html-Bm0muYnH.js                                    57.31 kB │ gzip:    11.78 kB │ map:     72.95 kB
out/renderer/assets/html-CFDZT3xV.js                                    57.31 kB │ gzip:    11.78 kB │ map:     72.97 kB
out/renderer/assets/ballerina-CXNO92Lb.js                               58.68 kB │ gzip:     8.10 kB │ map:     81.51 kB
out/renderer/assets/ballerina-CZjuPmQn.js                               58.68 kB │ gzip:     8.10 kB │ map:     81.49 kB
out/renderer/assets/markdown-2KNzXWQa.js                                59.32 kB │ gzip:     5.66 kB │ map:     82.30 kB
out/renderer/assets/markdown-DXbYeNML.js                                59.32 kB │ gzip:     5.66 kB │ map:     82.28 kB
out/renderer/assets/flowDiagram-DWJPFMVM-BKKNSnMy.js                    60.22 kB │ gzip:    19.51 kB │ map:    180.37 kB
out/renderer/assets/ocaml-mWUEkMgN.js                                   62.44 kB │ gzip:     5.04 kB │ map:     81.06 kB
out/renderer/assets/ocaml-qMnHMy9e.js                                   62.44 kB │ gzip:     5.04 kB │ map:     81.08 kB
out/renderer/assets/c4Diagram-AHTNJAMY-Csbt4DI7.js                      69.17 kB │ gzip:    19.33 kB │ map:    191.40 kB
out/renderer/assets/mojo-BfNsWhyK.js                                    69.79 kB │ gzip:     9.21 kB │ map:     94.91 kB
out/renderer/assets/mojo-lRl8z2Qd.js                                    69.79 kB │ gzip:     9.21 kB │ map:     94.89 kB
out/renderer/assets/blockDiagram-DXYQGD6D-4r3a4Itl.js                   69.90 kB │ gzip:    19.67 kB │ map:    228.24 kB
out/renderer/assets/python-4rNfYVvo.js                                  69.94 kB │ gzip:     9.09 kB │ map:     95.19 kB
out/renderer/assets/python-Di2WQXbt.js                                  69.94 kB │ gzip:     9.09 kB │ map:     95.21 kB
out/renderer/assets/c-D9KnoubH.js                                       72.16 kB │ gzip:    10.55 kB │ map:     95.34 kB
out/renderer/assets/c-DckiDN-7.js                                       72.16 kB │ gzip:    10.55 kB │ map:     95.36 kB
out/renderer/assets/latex-BdCvJG8F.js                                   72.61 kB │ gzip:     6.68 kB │ map:    100.55 kB
out/renderer/assets/latex-Bjc3W3vH.js                                   72.61 kB │ gzip:     6.68 kB │ map:    100.53 kB
out/renderer/assets/vyper-B80d3DUt.js                                   74.64 kB │ gzip:    10.69 kB │ map:    100.66 kB
out/renderer/assets/vyper-D-C040E-.js                                   74.64 kB │ gzip:    10.69 kB │ map:    100.68 kB
out/renderer/assets/hack-BuEnQbe_.js                                    80.18 kB │ gzip:    26.27 kB │ map:     97.28 kB
out/renderer/assets/hack-CpTcqFwY.js                                    80.18 kB │ gzip:    26.27 kB │ map:     97.26 kB
out/renderer/assets/cose-bilkent-S5V4N54A-mToxI3ci.js                   81.39 kB │ gzip:    21.56 kB │ map:    285.22 kB
out/renderer/assets/swift-D-GBjaoi.js                                   86.68 kB │ gzip:    14.69 kB │ map:    114.47 kB
out/renderer/assets/swift-DFnMLsW3.js                                   86.68 kB │ gzip:    14.69 kB │ map:    114.49 kB
out/renderer/assets/fortran-free-form-1yud3Chl.js                       88.96 kB │ gzip:    11.18 kB │ map:    124.03 kB
out/renderer/assets/fortran-free-form-X8vsZJIO.js                       88.96 kB │ gzip:    11.18 kB │ map:    124.01 kB
out/renderer/assets/csharp-Dv3xeoe7.js                                  89.68 kB │ gzip:    10.64 kB │ map:    125.63 kB
out/renderer/assets/csharp-sQToe-tu.js                                  89.68 kB │ gzip:    10.64 kB │ map:    125.65 kB
out/renderer/assets/racket-DLr2S2S5.js                                  92.38 kB │ gzip:    15.07 kB │ map:    106.14 kB
out/renderer/assets/racket-DagD-Twm.js                                  92.38 kB │ gzip:    15.07 kB │ map:    106.16 kB
out/renderer/assets/less-Bblpw2dD.js                                    97.62 kB │ gzip:    14.84 kB │ map:    131.81 kB
out/renderer/assets/less-CBTKA3Pd.js                                    97.62 kB │ gzip:    14.84 kB │ map:    131.83 kB
out/renderer/assets/chunk-5FUZZQ4R-B-FOrRlN.js                          97.91 kB │ gzip:    23.96 kB │ map:    356.35 kB
out/renderer/assets/blade-DZLVF31u.js                                  104.97 kB │ gzip:    28.29 kB │ map:    130.91 kB
out/renderer/assets/blade-_Hf2qeY-.js                                  104.97 kB │ gzip:    28.30 kB │ map:    130.93 kB
out/renderer/assets/objective-c-D-ND7N_u.js                            105.40 kB │ gzip:    23.63 kB │ map:    129.60 kB
out/renderer/assets/objective-c-gj6Iw3aO.js                            105.40 kB │ gzip:    23.63 kB │ map:    129.62 kB
out/renderer/assets/php-Dx2UTyU_.js                                    111.05 kB │ gzip:    28.65 kB │ map:    139.35 kB
out/renderer/assets/php-DvX91VTb.js                                    111.31 kB │ gzip:    28.65 kB │ map:    139.69 kB
out/renderer/assets/sequenceDiagram-FGHM5R23-DX3f9es1.js               115.51 kB │ gzip:    30.46 kB │ map:    328.59 kB
out/renderer/assets/asciidoc-BcM-gpyy.js                               131.52 kB │ gzip:     9.31 kB │ map:    189.08 kB
out/renderer/assets/asciidoc-CtHzIC7x.js                               131.52 kB │ gzip:     9.31 kB │ map:    189.06 kB
out/renderer/assets/mdx-CsCHevt_.js                                    136.10 kB │ gzip:    23.54 kB │ map:    176.70 kB
out/renderer/assets/mdx-UNPp9vwR.js                                    136.10 kB │ gzip:    23.54 kB │ map:    176.68 kB
out/renderer/assets/architectureDiagram-Q4EWVU46-SREbbMUj.js           146.77 kB │ gzip:    40.23 kB │ map:    547.73 kB
out/renderer/assets/objective-cpp-B4aTMRPN.js                          171.96 kB │ gzip:    30.98 kB │ map:    218.51 kB
out/renderer/assets/objective-cpp-D0UvQ-5c.js                          171.96 kB │ gzip:    30.98 kB │ map:    218.49 kB
out/renderer/assets/previewPaneOfficeDocxContent-CAY4Qew4.js           174.66 kB │ gzip:    50.22 kB │ map:    421.98 kB
out/renderer/assets/javascript-Bvjb6em8.js                             174.88 kB │ gzip:    16.67 kB │ map:    236.03 kB
out/renderer/assets/javascript-in-DYT3m.js                             174.88 kB │ gzip:    16.67 kB │ map:    236.01 kB
out/renderer/assets/tsx-BMCdsH9o.js                                    175.59 kB │ gzip:    16.67 kB │ map:    236.69 kB
out/renderer/assets/tsx-DBgLi9Jr.js                                    175.59 kB │ gzip:    16.67 kB │ map:    236.70 kB
out/renderer/assets/jsx--EO7o7ri.js                                    177.84 kB │ gzip:    16.76 kB │ map:    238.94 kB
out/renderer/assets/jsx-CwRkf8Ht.js                                    177.84 kB │ gzip:    16.76 kB │ map:    238.96 kB
out/renderer/assets/typescript-Bo1hY9yb.js                             181.13 kB │ gzip:    16.28 kB │ map:    244.35 kB
out/renderer/assets/typescript-C0I5IsEK.js                             181.13 kB │ gzip:    16.28 kB │ map:    244.37 kB
out/renderer/assets/angular-ts-CIhCGlTz.js                             183.73 kB │ gzip:    16.78 kB │ map:    249.37 kB
out/renderer/assets/angular-ts-CoCo5-UJ.js                             183.73 kB │ gzip:    16.78 kB │ map:    249.31 kB
out/renderer/assets/vue-vine-CWG-yYmH.js                               190.05 kB │ gzip:    18.07 kB │ map:    255.13 kB
out/renderer/assets/vue-vine-DI4XVRPG.js                               190.05 kB │ gzip:    18.07 kB │ map:    255.11 kB
out/renderer/assets/chunk-ICPOFSXX-BzoVLPL7.js                         214.90 kB │ gzip:    33.81 kB │ map:    514.12 kB
out/renderer/assets/imeComposition-CwjLoOhF.js                         249.18 kB │ gzip:    80.93 kB │ map:  1,121.81 kB
out/renderer/assets/katex-BnbrSmtl.js                                  257.04 kB │ gzip:    76.96 kB │ map:    922.26 kB
out/renderer/assets/chart-XqpgSiL7.js                                  261.02 kB │ gzip:    77.83 kB │ map:  1,336.49 kB
out/renderer/assets/wolfram-Cpf9iJ_x.js                                262.38 kB │ gzip:    77.63 kB │ map:    279.63 kB
out/renderer/assets/wolfram-fQBzdDmr.js                                262.38 kB │ gzip:    77.63 kB │ map:    279.61 kB
out/renderer/assets/src-0Y-RvYLJ.js                                    318.06 kB │ gzip:    88.65 kB │ map:  1,775.08 kB
out/renderer/assets/pdf-viewer-DM5eVBlJ.js                             427.00 kB │ gzip:   126.51 kB │ map:  1,355.40 kB
out/renderer/assets/cytoscape.esm-RHYQNFA8.js                          434.14 kB │ gzip:   137.50 kB │ map:  1,682.36 kB
out/renderer/assets/chunk-BO2N2NFS-BcZVnD5m.js                         448.66 kB │ gzip:   135.63 kB │ map:  1,685.51 kB
out/renderer/assets/chunk-K5T4RW27-B8CTlv-K.js                         474.01 kB │ gzip:   102.05 kB │ map:  1,677.46 kB
out/renderer/assets/wasm-BNiKnFYF.js                                   622.32 kB │ gzip:   232.09 kB │ map:    622.80 kB
out/renderer/assets/wasm-BjsPo05u.js                                   622.32 kB │ gzip:   232.09 kB │ map:    622.82 kB
out/renderer/assets/cpp-CgX3GLpB.js                                    626.12 kB │ gzip:    48.09 kB │ map:    816.12 kB
out/renderer/assets/cpp-D9lnWXA-.js                                    626.12 kB │ gzip:    48.09 kB │ map:    816.08 kB
out/renderer/assets/emacs-lisp-gRHS2fJe.js                             779.84 kB │ gzip:   197.53 kB │ map:    789.78 kB
out/renderer/assets/emacs-lisp-COxjEn4K.js                             779.87 kB │ gzip:   197.55 kB │ map:    789.80 kB
out/renderer/assets/IntlProvider-ZCwMQ5qA.js                           791.42 kB │ gzip:   190.63 kB │ map:  1,090.97 kB
out/renderer/assets/previewPaneOfficeLegacyDocContent-BV3S3jjT.js      900.63 kB │ gzip:   261.94 kB │ map:  4,062.94 kB
out/renderer/assets/pptxRendererPreviewEngine-CLZ76g3e.js            1,042.71 kB │ gzip:   328.59 kB │ map:  2,972.02 kB
out/renderer/assets/previewPaneOfficeXlsxContent-C1UAbND9.js         2,154.74 kB │ gzip:   697.32 kB │ map:  7,239.51 kB
out/renderer/assets/styles-BGdqjySC.js                               5,633.01 kB │ gzip: 1,600.90 kB │ map: 20,387.00 kB

[33m[plugin builtin:vite-reporter] 
(!) Some chunks are larger than 500 kB after minification. Consider:
- Using dynamic import() to code-split the application
- Use build.rolldownOptions.output.codeSplitting to improve chunking: https://rolldown.rs/reference/OutputOptions.codeSplitting
- Adjust chunk size limit for this warning via build.chunkSizeWarningLimit.[39m
[33m[33m[PLUGIN_TIMINGS] Warning:[0m Your build spent significant time in plugins. Here is a breakdown:
  - vite:build-import-analysis (35%)
  - vite:terser (23%)
  - vite:css-post (22%)
  - vite:asset (13%)
  - vite:worker (7%)
See https://rolldown.rs/options/checks#plugintimings for more details.
[39m
[32m✓ built in 40.06s[39m
[ci][timer] bundle:electron-builder start
[bundle] > pnpm exec electron-builder --config electron-builder.config.js --win --x64
  • electron-builder  version=26.8.1 os=10.0.26200
  • loaded configuration  file=D:\program\ZCode\packages\desktop\electron-builder.config.js
  • @electron/rebuild already used by electron-builder, please consider to remove excess dependency from devDependencies

To ensure your native dependencies are always matched electron version, simply add script `"postinstall": "electron-builder install-app-deps" to your `package.json`
[ci][timer] beforePack:restoreTargetNodePtyPrebuild start
[beforePack] node-pty prebuild restore skipped for win32-x64
[ci][timer] beforePack:restoreTargetNodePtyPrebuild end duration_ms=0
[ci][timer] beforePack:patchNsisInstallSection start
[ci][timer] beforePack:patchNsisInstallSection end duration_ms=13
  • skipped dependencies rebuild  reason=npmRebuild is set to false
  • packaging       platform=win32 arch=x64 electron=41.0.3 appOutDir=dist\win-unpacked
  • packageManager not detected by file, falling back to environment detection  resolvedPackageManager=pnpm detected=D:\program\ZCode\packages\desktop
  • packageManager not detected by file, falling back to environment detection  resolvedPackageManager=pnpm detected=D:\program\ZCode\packages\desktop
  • detected workspace root for project using process environment  pm=pnpm config=undefined resolved=undefined projectDir=D:\program\ZCode\packages\desktop
  • searching for node modules  pm=pnpm searchDir=D:\program\ZCode\packages\desktop
[bundle][heartbeat] electron-builder running elapsed_ms=30013 idle_ms=10232
[bundle][heartbeat] electron-builder running elapsed_ms=60026 idle_ms=40245
  • dependency not found on disk  dependencies=["buffer-crc32@1.0.0","pngjs@5.0.0","@radix-ui/react-primitive@2.1.4","@radix-ui/react-slot@1.2.4","marked@17.0.6","commander@14.0.3","diff@8.0.4","zod@3.25.76","fs-extra@11.3.4","mime-types@2.1.35","commander@8.3.0","tslib@2.3.0","yargs@15.4.1","immer@10.2.0","diff@8.0.3","@shikijs/types@3.23.0","@shikijs/types@3.23.0","@shikijs/engine-javascript@3.23.0","@shikijs/engine-oniguruma@3.23.0","@shikijs/langs@3.23.0","@shikijs/themes@3.23.0","kleur@3.0.3","execa@9.6.1","commander@11.1.0","which@4.0.0","execa@5.1.1","get-stream@6.0.1","human-signals@2.1.0","is-stream@2.0.1","signal-exit@3.0.7","strip-final-newline@2.0.0","npm-run-path@4.0.1","open@11.0.0","ora@8.2.0","wrap-ansi@7.0.0","semver@6.3.1","ts-morph@26.0.0","zod@3.25.76","mime-db@1.52.0","tslib@2.3.0","readable-stream@2.3.8","y18n@4.0.3","yargs-parser@18.1.3","cliui@6.0.0","find-up@4.1.0","@shikijs/types@3.23.0","cose-base@2.2.0","layout-base@2.0.1","d3-array@2.12.1","d3-shape@1.3.7","internmap@1.0.1","d3-path@1.0.9","is-obj@3.0.0","ast-types@0.16.1","human-signals@8.0.1","strip-final-newline@4.0.0","get-stream@9.0.1","npm-run-path@6.0.0","data-uri-to-buffer@4.0.1","wsl-utils@0.3.1","chalk@5.6.2","log-symbols@6.0.0","picomatch@2.3.2","cookie@1.1.1","path-to-regexp@6.3.0","type-fest@5.5.0","strip-ansi@6.0.1","ansi-styles@4.3.0","semver@6.3.1","@ts-morph/common@0.27.0","semver@6.3.1","ajv@8.18.0","oniguruma-parser@0.12.1","core-util-is@1.0.3","string_decoder@1.1.1","locate-path@5.0.0","commander@7.2.0","@types/unist@2.0.11","resolve-from@4.0.0","which@2.0.2","mimic-fn@2.1.0","onetime@7.0.0","ansi-regex@5.0.1","lru-cache@5.1.1","json-schema-traverse@1.0.0","iconv-lite@0.7.2","p-locate@4.1.0","pkg-types@1.3.1","entities@6.0.1","isexe@2.0.0","yallist@3.1.1","brace-expansion@5.0.5","p-limit@2.3.0","confbox@0.1.8","escape-string-regexp@5.0.0","balanced-match@4.0.4"]
[bundle][heartbeat] electron-builder running elapsed_ms=90031 idle_ms=26349
[bundle][heartbeat] electron-builder running elapsed_ms=120035 idle_ms=56353
[bundle][heartbeat] electron-builder running elapsed_ms=150047 idle_ms=86365
[bundle][heartbeat] electron-builder running elapsed_ms=180048 idle_ms=116366
[bundle][heartbeat] electron-builder running elapsed_ms=210048 idle_ms=146366
[bundle][heartbeat] electron-builder running elapsed_ms=240050 idle_ms=176368
[bundle][heartbeat] electron-builder running elapsed_ms=270054 idle_ms=206372
[bundle][heartbeat] electron-builder running elapsed_ms=300066 idle_ms=236384
[bundle][heartbeat] electron-builder running elapsed_ms=330070 idle_ms=266388
[bundle][heartbeat] electron-builder running elapsed_ms=360070 idle_ms=296388
[bundle][heartbeat] electron-builder running elapsed_ms=390080 idle_ms=326398
[bundle][heartbeat] electron-builder running elapsed_ms=420082 idle_ms=356400
[bundle][heartbeat] electron-builder running elapsed_ms=450083 idle_ms=386401
[bundle][heartbeat] electron-builder running elapsed_ms=480089 idle_ms=416407
[bundle][heartbeat] electron-builder running elapsed_ms=510091 idle_ms=446409
[bundle][heartbeat] electron-builder running elapsed_ms=540093 idle_ms=476411
[bundle][heartbeat] electron-builder running elapsed_ms=570095 idle_ms=506413
[bundle][heartbeat] electron-builder running elapsed_ms=600096 idle_ms=536414
[bundle][heartbeat] electron-builder running elapsed_ms=630099 idle_ms=566417
  • updating asar integrity executable resource  executablePath=dist\win-unpacked\DWeis Next.exe
  • signing with signtool.exe  path=dist\win-unpacked\resources\tools\ripgrep\rg.exe
  • signing with signtool.exe  path=dist\win-unpacked\resources\tools\ugrep\ugrep.exe
[ci][timer] afterPack:injectHoistedRuntimeModulesIntoAsar start
[ci][timer] afterPack:scan-missing-runtime-modules start
[ci][timer] afterPack:scan-missing-runtime-modules end duration_ms=694
[afterPack] missing runtime modules count=1
[ci][timer] afterPack:asar-extract start
[bundle][heartbeat] electron-builder running elapsed_ms=660110 idle_ms=14575
[bundle][heartbeat] electron-builder running elapsed_ms=690120 idle_ms=44585
[ci][timer] afterPack:asar-extract end duration_ms=55678
[ci][timer] afterPack:copy-runtime-modules start
[ci][timer] afterPack:copy-runtime-modules end duration_ms=121
[ci][timer] afterPack:asar-pack start
[bundle][heartbeat] electron-builder running elapsed_ms=720128 idle_ms=18793
[bundle][heartbeat] electron-builder running elapsed_ms=750135 idle_ms=48800
[bundle][heartbeat] electron-builder running elapsed_ms=780146 idle_ms=78811
[bundle][heartbeat] electron-builder running elapsed_ms=810153 idle_ms=108818
[bundle][heartbeat] electron-builder running elapsed_ms=840165 idle_ms=138830
[bundle][heartbeat] electron-builder running elapsed_ms=870179 idle_ms=168844
[bundle][heartbeat] electron-builder running elapsed_ms=900183 idle_ms=198848
[bundle][heartbeat] electron-builder running elapsed_ms=930194 idle_ms=228859
[bundle][heartbeat] electron-builder running elapsed_ms=960203 idle_ms=258868
[ci][timer] afterPack:asar-pack end duration_ms=286561
[bundle][heartbeat] electron-builder running elapsed_ms=990215 idle_ms=2319
[ci][timer] afterPack:injectHoistedRuntimeModulesIntoAsar end duration_ms=361239
[ci][timer] afterPack:stripPackagedSourcemapReferences start
[ci][timer] afterPack:sourcemap-cleanup:asar-extract start
[bundle][heartbeat] electron-builder running elapsed_ms=1020221 idle_ms=14142
[bundle][heartbeat] electron-builder running elapsed_ms=1050224 idle_ms=44145
[ci][timer] afterPack:sourcemap-cleanup:asar-extract end duration_ms=64315
[bundle][heartbeat] electron-builder running elapsed_ms=1080229 idle_ms=9835
[afterPack] stripped sourceMappingURL references=4499 files=4477 maps=0
[ci][timer] afterPack:sourcemap-cleanup:asar-pack start
[bundle][heartbeat] electron-builder running elapsed_ms=1110232 idle_ms=12708
[bundle][heartbeat] electron-builder running elapsed_ms=1140234 idle_ms=42710
[ci][timer] afterPack:sourcemap-cleanup:asar-pack end duration_ms=53346
[afterPack] resources sourcemap cleanup references=0 files=0 maps=0
[ci][timer] afterPack:stripPackagedSourcemapReferences end duration_ms=162521
[ci][timer] afterPack:assertPackagedNativeResourcePolicy start
[ci][timer] afterPack:assertPackagedNativeResourcePolicy end duration_ms=380
[ci][timer] afterPack:assertPackagedNodePtyPrebuild start
[ci][timer] afterPack:assertPackagedNodePtyPrebuild end duration_ms=0
[ci][timer] afterPack:writeWindowsInstallManifest start
[ci][timer] afterPack:writeWindowsInstallManifest end duration_ms=23
  • signing with signtool.exe  path=dist\win-unpacked\DWeis Next.exe
[bundle][heartbeat] electron-builder running elapsed_ms=1170234 idle_ms=8
  • signing with signtool.exe  path=dist\win-unpacked\resources\app.asar.unpacked\node_modules\ssh2\util\pagent.exe
  • signing with signtool.exe  path=dist\win-unpacked\resources\app.asar.unpacked\node_modules\node-pty\third_party\conpty\1.23.251008001\win10-x64\OpenConsole.exe
  • signing with signtool.exe  path=dist\win-unpacked\resources\app.asar.unpacked\node_modules\node-pty\third_party\conpty\1.23.251008001\win10-arm64\OpenConsole.exe
  • signing with signtool.exe  path=dist\win-unpacked\resources\app.asar.unpacked\node_modules\node-pty\prebuilds\win32-x64\winpty-agent.exe
  • signing with signtool.exe  path=dist\win-unpacked\resources\app.asar.unpacked\node_modules\node-pty\prebuilds\win32-x64\conpty\OpenConsole.exe
  • building        target=nsis file=dist\DWeis Next-3.14.3-win-x64.exe archs=x64 oneClick=false perMachine=false
  • signing with signtool.exe  path=dist\win-unpacked\resources\elevate.exe
  • signing with signtool.exe  path=dist\DWeis Next-3.14.3-win-x64.__uninstaller.exe
  • signing with signtool.exe  path=dist\DWeis Next-3.14.3-win-x64.exe
  • building block map  blockMapFile=dist\DWeis Next-3.14.3-win-x64.exe.blockmap
[bundle][heartbeat] electron-builder running elapsed_ms=1200245 idle_ms=231
[ci][timer] bundle:electron-builder end duration_ms=1207804
[ci][timer] bundle:verify-runtime-dependencies start
[bundle] runtime module not found in workspace, skip verify: @opentelemetry/sdk-metrics; searched=D:\program\ZCode\packages\desktop\node_modules\@opentelemetry\sdk-metrics, D:\program\ZCode\node_modules\@opentelemetry\sdk-metrics, D:\program\ZCode\packages\desktop\node_modules\.pnpm\node_modules\node_modules\@opentelemetry\sdk-metrics, D:\program\ZCode\node_modules\.pnpm\node_modules\node_modules\@opentelemetry\sdk-metrics
[bundle] runtime module not found in workspace, skip verify: @opentelemetry/exporter-trace-otlp-proto; searched=D:\program\ZCode\packages\desktop\node_modules\@opentelemetry\exporter-trace-otlp-proto, D:\program\ZCode\node_modules\@opentelemetry\exporter-trace-otlp-proto, D:\program\ZCode\packages\desktop\node_modules\.pnpm\node_modules\node_modules\@opentelemetry\exporter-trace-otlp-proto, D:\program\ZCode\node_modules\.pnpm\node_modules\node_modules\@opentelemetry\exporter-trace-otlp-proto
[bundle] runtime module not found in workspace, skip verify: @opentelemetry/exporter-metrics-otlp-proto; searched=D:\program\ZCode\packages\desktop\node_modules\@opentelemetry\exporter-metrics-otlp-proto, D:\program\ZCode\node_modules\@opentelemetry\exporter-metrics-otlp-proto, D:\program\ZCode\packages\desktop\node_modules\.pnpm\node_modules\node_modules\@opentelemetry\exporter-metrics-otlp-proto, D:\program\ZCode\node_modules\.pnpm\node_modules\node_modules\@opentelemetry\exporter-metrics-otlp-proto
[ci][timer] bundle:verify-runtime-dependencies end duration_ms=625
[ci][timer] bundle:audit-bundle-size start
[bundle] > C:\Users\邓嘉权\node-v22.19.0\node.exe D:\program\ZCode\packages\desktop\scripts\audit-bundle-size.mjs --artifact-path D:\program\ZCode\packages\desktop\dist\DWeis Next-3.14.3-win-x64.exe
Artifact: D:\program\ZCode\packages\desktop\dist\DWeis Next-3.14.3-win-x64.exe
Type: .exe
Size: 151.3 MiB
Limit: 500 MiB
[ci][timer] bundle:audit-bundle-size end duration_ms=70
BUNDLE_EXIT:0
